symbol,time,close,target,proba,signal
ACB,2025-01-15 07:00:00,17.94,0,0.374541105499313,0
ACB,2025-01-16 07:00:00,17.9,0,0.3510797909132371,0
ACB,2025-01-17 07:00:00,17.98,0,0.38915214069579956,0
ACB,2025-01-20 07:00:00,18.01,0,0.39024489064807266,0
ACB,2025-01-21 07:00:00,17.98,1,0.3581188038164495,0
ACB,2025-01-22 07:00:00,17.9,0,0.3357373058980246,0
ACB,2025-01-23 07:00:00,18.23,0,0.4372997757145774,1
ACB,2025-01-24 07:00:00,18.26,0,0.4014749284327525,0
ACB,2025-02-03 07:00:00,18.08,1,0.3780418222498536,0
ACB,2025-02-04 07:00:00,18.19,1,0.40717565948685847,1
ACB,2025-02-05 07:00:00,18.3,1,0.4103628910021791,1
ACB,2025-02-06 07:00:00,18.37,0,0.4071705444673413,1
ACB,2025-02-07 07:00:00,18.52,0,0.4431476959454034,1
ACB,2025-02-10 07:00:00,18.59,0,0.46441578983045834,1
ACB,2025-02-11 07:00:00,18.62,0,0.4038310874064075,1
ACB,2025-02-12 07:00:00,18.48,0,0.3713645081017759,0
ACB,2025-02-13 07:00:00,18.52,0,0.39650984648932647,0
ACB,2025-02-14 07:00:00,18.55,0,0.38991285852204716,0
ACB,2025-02-17 07:00:00,18.59,0,0.4053470240251399,1
ACB,2025-02-18 07:00:00,18.55,1,0.3758788258661973,0
ACB,2025-02-19 07:00:00,18.59,0,0.40734366942384065,1
ACB,2025-02-20 07:00:00,18.7,0,0.4213211007905321,1
ACB,2025-02-21 07:00:00,18.88,0,0.4754579491475588,1
ACB,2025-02-24 07:00:00,18.84,0,0.39360597903471767,0
ACB,2025-02-25 07:00:00,18.73,0,0.3786780278822619,0
ACB,2025-02-26 07:00:00,18.7,0,0.3792336720682379,0
ACB,2025-02-27 07:00:00,18.81,0,0.41090012600388526,1
ACB,2025-02-28 07:00:00,18.73,0,0.37984443983881244,0
ACB,2025-03-03 07:00:00,18.73,1,0.3818139616554546,0
ACB,2025-03-04 07:00:00,18.84,1,0.4221852813144625,1
ACB,2025-03-05 07:00:00,18.84,0,0.40222395375348863,0
ACB,2025-03-06 07:00:00,19.02,0,0.435056582858008,1
ACB,2025-03-07 07:00:00,19.2,0,0.46352914450812643,1
ACB,2025-03-10 07:00:00,19.06,0,0.3993537271929697,0
ACB,2025-03-11 07:00:00,19.06,0,0.3945986111594238,0
ACB,2025-03-12 07:00:00,18.95,0,0.38225067986484995,0
ACB,2025-03-13 07:00:00,18.81,0,0.38670279493729637,0
ACB,2025-03-14 07:00:00,18.73,0,0.3699320225890363,0
ACB,2025-03-17 07:00:00,18.88,0,0.3983461585222854,0
ACB,2025-03-18 07:00:00,18.95,0,0.4098880184298394,1
ACB,2025-03-19 07:00:00,18.88,0,0.3918882788114614,0
ACB,2025-03-20 07:00:00,18.91,0,0.404659853690437,1
ACB,2025-03-21 07:00:00,18.81,0,0.3769862807881584,0
ACB,2025-03-24 07:00:00,18.99,0,0.41996123146206993,1
ACB,2025-03-25 07:00:00,18.95,0,0.39805403640988163,0
ACB,2025-03-26 07:00:00,18.84,0,0.3803573249283689,0
ACB,2025-03-27 07:00:00,18.73,0,0.3682553736597245,0
ACB,2025-03-28 07:00:00,18.7,0,0.3648113818029653,0
ACB,2025-03-31 07:00:00,18.73,0,0.36222889668901553,0
ACB,2025-04-01 07:00:00,18.77,0,0.39756079668950883,0
ACB,2025-04-02 07:00:00,18.7,0,0.34760644008613806,0
ACB,2025-04-03 07:00:00,17.4,0,0.47808987311307216,1
ACB,2025-04-04 07:00:00,17.15,0,0.4926009803116974,1
ACB,2025-04-08 07:00:00,15.96,1,0.6154823003890728,1
ACB,2025-04-09 07:00:00,15.71,1,0.6276743219790853,1
ACB,2025-04-10 07:00:00,16.79,1,0.553840189550597,1
ACB,2025-04-11 07:00:00,17.9,0,0.5886054155140876,1
ACB,2025-04-14 07:00:00,17.87,0,0.5955714221076981,1
ACB,2025-04-15 07:00:00,17.36,1,0.5961856958069417,1
ACB,2025-04-16 07:00:00,17.51,0,0.5942964149367972,1
ACB,2025-04-17 07:00:00,17.51,0,0.5884722410446309,1
ACB,2025-04-18 07:00:00,17.65,0,0.6008904187411567,1
ACB,2025-04-21 07:00:00,17.36,0,0.608844738288555,1
ACB,2025-04-22 07:00:00,17.36,0,0.5767134991387372,1
ACB,2025-04-23 07:00:00,17.73,0,0.5933589572081367,1
ACB,2025-04-24 07:00:00,17.4,0,0.5935333010832656,1
ACB,2025-04-25 07:00:00,17.22,0,0.5330924660090031,1
ACB,2025-04-28 07:00:00,17.26,0,0.5199605539021807,1
ACB,2025-04-29 07:00:00,17.33,0,0.5164333112391226,1
ACB,2025-05-05 07:00:00,17.33,0,0.522445892408852,1
ACB,2025-05-06 07:00:00,17.29,0,0.5191003289657253,1
ACB,2025-05-07 07:00:00,17.29,1,0.4785260866574353,1
ACB,2025-05-08 07:00:00,17.4,1,0.47119014901981154,1
ACB,2025-05-09 07:00:00,17.4,1,0.4198177182004832,1
ACB,2025-05-12 07:00:00,17.58,1,0.42735009724028417,1
ACB,2025-05-13 07:00:00,17.73,1,0.42152262617062464,1
ACB,2025-05-14 07:00:00,17.87,1,0.4031083318738733,0
ACB,2025-05-15 07:00:00,18.41,0,0.5031143914676739,1
ACB,2025-05-16 07:00:00,18.34,0,0.4034874645787621,0
ACB,2025-05-19 07:00:00,18.3,0,0.3842723081844536,0
ACB,2025-05-20 07:00:00,18.44,0,0.39777736448285644,0
ACB,2025-05-21 07:00:00,18.48,0,0.39711762103385617,0
ACB,2025-05-22 07:00:00,18.41,0,0.3869032972009362,0
ACB,2025-05-23 07:00:00,18.62,0,0.39821202503964365,0
ACB,2025-05-26 07:00:00,18.54,0,0.36973736097669424,0
ACB,2025-05-27 07:00:00,18.5,0,0.3615064444151352,0
ACB,2025-05-28 07:00:00,18.45,0,0.3605602879807986,0
ACB,2025-05-29 07:00:00,18.37,0,0.3656798927203256,0
ACB,2025-05-30 07:00:00,18.19,0,0.36596096331136274,0
ACB,2025-06-02 07:00:00,18.19,0,0.361361713881492,0
ACB,2025-06-03 07:00:00,18.32,0,0.3954637682244704,0
ACB,2025-06-04 07:00:00,18.19,0,0.3825552857735078,0
ACB,2025-06-05 07:00:00,18.11,0,0.3793097987178004,0
ACB,2025-06-06 07:00:00,18.11,0,0.3789404951287407,0
ACB,2025-06-09 07:00:00,18.06,0,0.38551825408835755,0
ACB,2025-06-10 07:00:00,18.06,0,0.3548628665850347,0
ACB,2025-06-11 07:00:00,18.06,1,0.3480266588999974,0
ACB,2025-06-12 07:00:00,18.15,0,0.3874101022573432,0
ACB,2025-06-13 07:00:00,18.15,0,0.3681707688428298,0
ACB,2025-06-16 07:00:00,18.37,0,0.4328022047164885,1
ACB,2025-06-17 07:00:00,18.28,0,0.38465540818007116,0
ACB,2025-06-18 07:00:00,18.37,0,0.41638736815647603,1
ACB,2025-06-19 07:00:00,18.37,0,0.38588414867154336,0
ACB,2025-06-20 07:00:00,18.5,0,0.4555799643959275,1
ACB,2025-06-23 07:00:00,18.41,0,0.38145198763537497,0
ACB,2025-06-24 07:00:00,18.37,0,0.36797206017201084,0
ACB,2025-06-25 07:00:00,18.32,0,0.36572662744965717,0
ACB,2025-06-26 07:00:00,18.28,0,0.3634246220554802,0
ACB,2025-06-27 07:00:00,18.28,0,0.3544289885013108,0
ACB,2025-06-30 07:00:00,18.37,0,0.4102924900174919,1
ACB,2025-07-01 07:00:00,18.37,1,0.3809341634634321,0
ACB,2025-07-02 07:00:00,18.37,1,0.3722192407847444,0
ACB,2025-07-03 07:00:00,18.45,1,0.4358397247452839,1
ACB,2025-07-04 07:00:00,18.84,1,0.5314975790354927,1
ACB,2025-07-07 07:00:00,19.18,0,0.47762608377344606,1
ACB,2025-07-08 07:00:00,19.18,1,0.42104630172473745,1
ACB,2025-07-09 07:00:00,19.36,0,0.46670154035702205,1
ACB,2025-07-10 07:00:00,19.44,0,0.43631355918226644,1
ACB,2025-07-11 07:00:00,19.57,0,0.4338748544808629,1
ACB,2025-07-14 07:00:00,19.57,0,0.3910982097134626,0
ACB,2025-07-15 07:00:00,19.36,0,0.3754871541665951,0
ACB,2025-07-16 07:00:00,19.36,1,0.37024728009255076,0
ACB,2025-07-17 07:00:00,19.36,1,0.3727437453885237,0
ACB,2025-07-18 07:00:00,19.53,1,0.40553897170572656,1
ACB,2025-07-21 07:00:00,19.7,1,0.40617149216187687,1
ACB,2025-07-22 07:00:00,19.75,1,0.40370460357225996,0
ACB,2025-07-23 07:00:00,19.83,1,0.40850565884817314,1
ACB,2025-07-24 07:00:00,20.0,0,0.41408168258498745,1
ACB,2025-07-25 07:00:00,20.35,0,0.42058810243912514,1
ACB,2025-07-28 07:00:00,20.56,0,0.41944848232891185,1
ACB,2025-07-29 07:00:00,19.62,0,0.4803236670001177,1
ACB,2025-07-30 07:00:00,19.83,0,0.4553636578684806,1
ACB,2025-07-31 07:00:00,19.83,1,0.45676104771335474,1
ACB,2025-08-01 07:00:00,19.83,1,0.43124665347868313,1
ACB,2025-08-04 07:00:00,20.09,1,0.4437130181800601,1
ACB,2025-08-05 07:00:00,20.22,1,0.49823344137012676,1
ACB,2025-08-06 07:00:00,20.87,0,0.4948616421175005,1
ACB,2025-08-07 07:00:00,21.04,0,0.49469538821534514,1
ACB,2025-08-08 07:00:00,20.91,0,0.5014086832992091,1
ACB,2025-08-11 07:00:00,21.04,1,0.49713714185157354,1
ACB,2025-08-12 07:00:00,20.91,1,0.47453316214288616,1
ACB,2025-08-13 07:00:00,21.12,1,0.47092033007711603,1
ACB,2025-08-14 07:00:00,22.59,1,0.6410744553597786,1
ACB,2025-08-15 07:00:00,22.89,1,0.58461366247115,1
ACB,2025-08-18 07:00:00,23.32,1,0.5606002500694264,1
ACB,2025-08-19 07:00:00,24.53,0,0.6055985565349117,1
ACB,2025-08-20 07:00:00,24.14,0,0.5808164690893447,1
ACB,2025-08-21 07:00:00,25.39,0,0.5987036188179081,1
ACB,2025-08-22 07:00:00,24.01,0,0.6304827220225621,1
ACB,2025-08-25 07:00:00,22.59,1,0.6688428933274432,1
ACB,2025-08-26 07:00:00,23.58,1,0.6240911120666859,1
ACB,2025-08-27 07:00:00,23.84,0,0.6199759706308722,1
ACB,2025-08-28 07:00:00,23.76,0,0.605480458026823,1
ACB,2025-08-29 07:00:00,23.97,0,0.6144894720685183,1
ACB,2025-09-03 07:00:00,23.71,0,0.6082387666899829,1
ACB,2025-09-04 07:00:00,23.84,0,0.5993270475340813,1
ACB,2025-09-05 07:00:00,23.41,0,0.589267235244961,1
ACB,2025-09-08 07:00:00,22.89,0,0.5854618477311979,1
ACB,2025-09-09 07:00:00,22.89,0,0.5723479526539145,1
ACB,2025-09-10 07:00:00,22.89,0,0.5541123975322904,1
ACB,2025-09-11 07:00:00,22.59,0,0.5444875310088486,1
ACB,2025-09-12 07:00:00,22.68,0,0.5316203412075629,1
ACB,2025-09-15 07:00:00,22.76,0,0.5297825875510386,1
ACB,2025-09-16 07:00:00,22.76,0,0.5014154032578931,1
ACB,2025-09-17 07:00:00,22.55,0,0.5218745051460126,1
ACB,2025-09-18 07:00:00,22.03,0,0.5112006211768643,1
ACB,2025-09-19 07:00:00,21.86,1,0.5151119750407928,1
ACB,2025-09-22 07:00:00,21.69,1,0.5225257859553673,1
ACB,2025-09-23 07:00:00,21.86,0,0.4973082622838861,1
ACB,2025-09-24 07:00:00,22.42,0,0.4799530218104907,1
ACB,2025-09-25 07:00:00,22.12,0,0.4694659689565254,1
ACB,2025-09-26 07:00:00,22.12,0,0.46693404055007637,1
ACB,2025-09-29 07:00:00,22.07,0,0.4702042398302377,1
ACB,2025-09-30 07:00:00,21.99,0,0.46268079102823223,1
ACB,2025-10-01 07:00:00,22.25,1,0.4327105287973861,1
ACB,2025-10-02 07:00:00,22.2,1,0.4304827893733959,1
ACB,2025-10-03 07:00:00,22.12,1,0.3968228606822981,0
ACB,2025-10-06 07:00:00,23.11,0,0.476352422714577,1
ACB,2025-10-07 07:00:00,22.81,1,0.462407871877056,1
ACB,2025-10-08 07:00:00,23.07,0,0.4572232729510446,1
ACB,2025-10-09 07:00:00,23.24,0,0.43736722313994114,1
ACB,2025-10-10 07:00:00,23.24,0,0.4169174748544503,1
ACB,2025-10-13 07:00:00,23.07,0,0.42156355166220405,1
ACB,2025-10-14 07:00:00,22.68,0,0.44642292347831175,1
ACB,2025-10-15 07:00:00,22.68,0,0.4429513785532815,1
ACB,2025-10-16 07:00:00,22.68,0,0.4563569255980545,1
ACB,2025-10-17 07:00:00,22.2,0,0.49335608123061414,1
ACB,2025-10-20 07:00:00,21.38,0,0.5191008744915189,1
ACB,2025-10-21 07:00:00,21.56,0,0.5037753162774877,1
ACB,2025-10-22 07:00:00,21.64,0,0.49326550585384416,1
ACB,2025-10-23 07:00:00,21.51,1,0.47980756204025465,1
ACB,2025-10-24 07:00:00,21.56,1,0.4830795263034049,1
ACB,2025-10-27 07:00:00,21.56,0,0.47912051493023566,1
ACB,2025-10-28 07:00:00,21.9,0,0.4704159298987294,1
ACB,2025-10-29 07:00:00,21.9,0,0.46276828522704205,1
ACB,2025-10-30 07:00:00,21.64,1,0.47200313645013625,1
ACB,2025-10-31 07:00:00,21.99,0,0.46772408796378967,1
ACB,2025-11-03 07:00:00,21.94,0,0.44775422281559635,1
ACB,2025-11-04 07:00:00,22.42,0,0.45646254963009175,1
ACB,2025-11-05 07:00:00,22.07,0,0.45350415689785856,1
ACB,2025-11-06 07:00:00,21.82,0,0.4464777117253396,1
ACB,2025-11-07 07:00:00,21.47,0,0.47951926219204577,1
ACB,2025-11-10 07:00:00,21.38,0,0.4764561942968362,1
ACB,2025-11-11 07:00:00,21.43,0,0.4319377090097249,1
ACB,2025-11-12 07:00:00,21.73,0,0.4332483543197795,1
ACB,2025-11-13 07:00:00,21.64,0,0.3997337533896432,0
ACB,2025-11-14 07:00:00,21.51,0,0.38982025388947755,0
ACB,2025-11-17 07:00:00,21.69,0,0.3993817671846995,0
ACB,2025-11-18 07:00:00,21.64,0,0.37370540696095095,0
ACB,2025-11-19 07:00:00,21.47,0,0.3540763678819249,0
ACB,2025-11-20 07:00:00,21.38,0,0.34143043922933874,0
ACB,2025-11-21 07:00:00,21.3,0,0.33338243849614346,0
ACB,2025-11-24 07:00:00,21.21,0,0.3242401763170336,0
ACB,2025-11-25 07:00:00,20.87,0,0.35588724292402263,0
ACB,2025-11-26 07:00:00,20.87,0,0.3590470298146143,0
ACB,2025-11-27 07:00:00,21.0,0,0.37405383987577107,0
ACB,2025-11-28 07:00:00,20.91,0,0.3396933971650226,0
ACB,2025-12-01 07:00:00,20.69,1,0.3506906673945751,0
ACB,2025-12-02 07:00:00,20.65,1,0.36845728077596346,0
ACB,2025-12-03 07:00:00,21.08,0,0.37446815559426333,0
ACB,2025-12-04 07:00:00,21.47,0,0.3825559814294365,0
ACB,2025-12-05 07:00:00,21.0,0,0.3578492225851766,0
ACB,2025-12-08 07:00:00,20.87,0,0.35645328140229926,0
ACB,2025-12-09 07:00:00,20.78,0,0.3610887750047675,0
ACB,2025-12-10 07:00:00,20.78,0,0.33913166175014053,0
ACB,2025-12-11 07:00:00,20.65,0,0.3396972271642946,0
ACB,2025-12-12 07:00:00,20.26,1,0.386456264093866,0
ACB,2025-12-15 07:00:00,20.31,0,0.40279350039986345,0
ACB,2025-12-16 07:00:00,20.69,0,0.41039030800809345,1
ACB,2025-12-17 07:00:00,20.69,0,0.39307213250040807,0
ACB,2025-12-18 07:00:00,20.56,1,0.3941098771174777,0
ACB,2025-12-19 07:00:00,20.61,1,0.41943450553923245,1
ACB,2025-12-22 07:00:00,20.95,0,0.40939050219043116,1
ACB,2025-12-23 07:00:00,20.87,0,0.39176192671792087,0
ACB,2025-12-24 07:00:00,20.95,0,0.40499712561604795,1
ACB,2025-12-25 07:00:00,20.69,0,0.38213247962363395,0
ACB,2025-12-26 07:00:00,20.61,0,0.3839314964963631,0
ACB,2025-12-29 07:00:00,20.69,0,0.400511812739229,0
ACB,2025-12-30 07:00:00,20.78,0,0.4160271128263155,1
ACB,2025-12-31 07:00:00,20.69,0,0.40811635194475226,1
BID,2025-01-15 07:00:00,38.33,1,0.47339306659017216,1
BID,2025-01-16 07:00:00,38.52,0,0.4676070687057228,1
BID,2025-01-17 07:00:00,38.62,0,0.46536918806968913,1
BID,2025-01-20 07:00:00,39.01,0,0.46530686176518027,1
BID,2025-01-21 07:00:00,38.91,0,0.44235635217536085,1
BID,2025-01-22 07:00:00,38.62,0,0.42529076485679296,1
BID,2025-01-23 07:00:00,39.01,0,0.43562863953929515,1
BID,2025-01-24 07:00:00,39.11,0,0.43533217244295963,1
BID,2025-02-03 07:00:00,38.52,0,0.41874030120560063,1
BID,2025-02-04 07:00:00,38.76,1,0.4285635590519241,1
BID,2025-02-05 07:00:00,38.72,1,0.41620086190736877,1
BID,2025-02-06 07:00:00,38.91,1,0.4228782392049412,1
BID,2025-02-07 07:00:00,39.6,0,0.4759985423203015,1
BID,2025-02-10 07:00:00,39.45,0,0.4108855572018757,1
BID,2025-02-11 07:00:00,39.55,0,0.40686814272901267,1
BID,2025-02-12 07:00:00,39.11,0,0.3778878179468059,0
BID,2025-02-13 07:00:00,39.11,0,0.38159107455081376,0
BID,2025-02-14 07:00:00,39.74,0,0.4090187266895342,1
BID,2025-02-17 07:00:00,39.3,1,0.38426998374271054,0
BID,2025-02-18 07:00:00,39.6,0,0.39771741946158573,0
BID,2025-02-19 07:00:00,39.94,0,0.41651258869821683,1
BID,2025-02-20 07:00:00,39.99,0,0.39082547598876255,0
BID,2025-02-21 07:00:00,39.99,0,0.38910089769365486,0
BID,2025-02-24 07:00:00,40.18,0,0.4067835621746682,1
BID,2025-02-25 07:00:00,40.33,0,0.4134204836123844,1
BID,2025-02-26 07:00:00,40.28,0,0.39113525606342775,0
BID,2025-02-27 07:00:00,40.04,0,0.3692197607808178,0
BID,2025-02-28 07:00:00,40.04,0,0.36918145105764,0
BID,2025-03-03 07:00:00,40.04,0,0.36789491294498716,0
BID,2025-03-04 07:00:00,39.89,0,0.3551941568531842,0
BID,2025-03-05 07:00:00,39.74,1,0.35531703499276446,0
BID,2025-03-06 07:00:00,39.89,0,0.3872720570520063,0
BID,2025-03-07 07:00:00,40.23,0,0.41306388049604587,1
BID,2025-03-10 07:00:00,40.48,0,0.42042951090785013,1
BID,2025-03-11 07:00:00,40.48,0,0.39214112727398465,0
BID,2025-03-12 07:00:00,39.99,0,0.38262836731044386,0
BID,2025-03-13 07:00:00,39.3,0,0.3962912695207054,0
BID,2025-03-14 07:00:00,39.5,0,0.3912597375407023,0
BID,2025-03-17 07:00:00,39.45,0,0.3617131995552826,0
BID,2025-03-18 07:00:00,39.11,0,0.35049561954094505,0
BID,2025-03-19 07:00:00,38.91,0,0.3241178678211346,0
BID,2025-03-20 07:00:00,38.91,0,0.3176998997274754,0
BID,2025-03-21 07:00:00,38.57,0,0.31200933310526185,0
BID,2025-03-24 07:00:00,38.23,0,0.32949370308422954,0
BID,2025-03-25 07:00:00,38.81,0,0.35845333990171485,0
BID,2025-03-26 07:00:00,38.67,0,0.3221571199436451,0
BID,2025-03-27 07:00:00,38.23,0,0.3204083923635088,0
BID,2025-03-28 07:00:00,38.23,0,0.31609486530895115,0
BID,2025-03-31 07:00:00,37.88,0,0.3243921555276877,0
BID,2025-04-01 07:00:00,38.13,0,0.3508299554945784,0
BID,2025-04-02 07:00:00,37.84,0,0.3213240203821484,0
BID,2025-04-03 07:00:00,35.2,0,0.4932906599136193,1
BID,2025-04-04 07:00:00,35.2,0,0.5200839468916861,1
BID,2025-04-08 07:00:00,32.75,1,0.6100382972182372,1
BID,2025-04-09 07:00:00,31.72,1,0.6434515853494385,1
BID,2025-04-10 07:00:00,33.92,1,0.5760841769620527,1
BID,2025-04-11 07:00:00,35.93,0,0.5791609057993838,1
BID,2025-04-14 07:00:00,36.17,0,0.5953019788323846,1
BID,2025-04-15 07:00:00,35.68,0,0.5841050813182617,1
BID,2025-04-16 07:00:00,35.2,0,0.584792594347688,1
BID,2025-04-17 07:00:00,35.05,0,0.5769948423918405,1
BID,2025-04-18 07:00:00,35.15,0,0.5839554983713738,1
BID,2025-04-21 07:00:00,34.46,0,0.5932100068421448,1
BID,2025-04-22 07:00:00,34.32,0,0.5782619357150485,1
BID,2025-04-23 07:00:00,34.56,0,0.5884069942551912,1
BID,2025-04-24 07:00:00,34.66,0,0.5568876183679095,1
BID,2025-04-25 07:00:00,34.22,0,0.532651467115552,1
BID,2025-04-28 07:00:00,33.78,0,0.5380581932049363,1
BID,2025-04-29 07:00:00,33.78,0,0.5314630088030173,1
BID,2025-05-05 07:00:00,34.07,1,0.5235726131385368,1
BID,2025-05-06 07:00:00,34.17,0,0.5060880115599175,1
BID,2025-05-07 07:00:00,34.12,0,0.489075217825612,1
BID,2025-05-08 07:00:00,34.66,0,0.48376858610141205,1
BID,2025-05-09 07:00:00,34.32,1,0.46987000547979807,1
BID,2025-05-12 07:00:00,34.46,1,0.4647951195113366,1
BID,2025-05-13 07:00:00,35.0,1,0.470012531166335,1
BID,2025-05-14 07:00:00,36.61,0,0.4666099710806252,1
BID,2025-05-15 07:00:00,36.56,0,0.4193562729475445,1
BID,2025-05-16 07:00:00,35.78,0,0.4225807737296853,1
BID,2025-05-19 07:00:00,35.39,0,0.4371461372873941,1
BID,2025-05-20 07:00:00,35.39,0,0.44478130669286775,1
BID,2025-05-21 07:00:00,35.39,0,0.42380455528988686,1
BID,2025-05-22 07:00:00,35.2,0,0.41512271569348047,1
BID,2025-05-23 07:00:00,35.05,1,0.4153575519716593,1
BID,2025-05-26 07:00:00,35.05,1,0.41211350001878916,1
BID,2025-05-27 07:00:00,35.49,0,0.4521662653286481,1
BID,2025-05-28 07:00:00,35.68,0,0.4433124645884011,1
BID,2025-05-29 07:00:00,35.64,0,0.42019599631848165,1
BID,2025-05-30 07:00:00,35.2,0,0.4494963594162548,1
BID,2025-06-02 07:00:00,34.9,0,0.45466716068326135,1
BID,2025-06-03 07:00:00,35.1,0,0.4320043010203373,1
BID,2025-06-04 07:00:00,34.95,0,0.4114443084274668,1
BID,2025-06-05 07:00:00,34.71,0,0.39643898546227485,0
BID,2025-06-06 07:00:00,34.46,0,0.39387595906362277,0
BID,2025-06-09 07:00:00,34.46,0,0.38633343197846204,0
BID,2025-06-10 07:00:00,34.41,0,0.3725681212248997,0
BID,2025-06-11 07:00:00,34.27,1,0.3529983607919951,0
BID,2025-06-12 07:00:00,34.51,1,0.3648015250577394,0
BID,2025-06-13 07:00:00,34.76,0,0.408486843443385,1
BID,2025-06-16 07:00:00,35.05,0,0.3984578014020284,0
BID,2025-06-17 07:00:00,35.1,0,0.3816123190870494,0
BID,2025-06-18 07:00:00,34.85,0,0.34704169259004164,0
BID,2025-06-19 07:00:00,35.0,0,0.3886298704522867,0
BID,2025-06-20 07:00:00,35.2,0,0.4185128227724006,1
BID,2025-06-23 07:00:00,35.05,0,0.34587049992967595,0
BID,2025-06-24 07:00:00,35.2,0,0.3833326893820338,0
BID,2025-06-25 07:00:00,35.05,0,0.34355524443178065,0
BID,2025-06-26 07:00:00,34.9,1,0.3406041904236247,0
BID,2025-06-27 07:00:00,35.29,0,0.44098426481111846,1
BID,2025-06-30 07:00:00,35.49,0,0.40178453919436036,0
BID,2025-07-01 07:00:00,35.78,0,0.4363416403473056,1
BID,2025-07-02 07:00:00,35.59,1,0.3718860944650962,0
BID,2025-07-03 07:00:00,35.49,1,0.37092577082039707,0
BID,2025-07-04 07:00:00,35.73,1,0.40498036381655333,1
BID,2025-07-07 07:00:00,36.37,1,0.47953523248165875,1
BID,2025-07-08 07:00:00,36.66,1,0.4460629978006073,1
BID,2025-07-09 07:00:00,37.35,0,0.4884376272221004,1
BID,2025-07-10 07:00:00,37.4,0,0.43218205630735296,1
BID,2025-07-11 07:00:00,37.44,0,0.4022797914044561,0
BID,2025-07-14 07:00:00,37.79,0,0.4139335066506215,1
BID,2025-07-15 07:00:00,37.25,0,0.376303758914668,0
BID,2025-07-16 07:00:00,37.54,0,0.3966676132309745,0
BID,2025-07-17 07:00:00,37.44,1,0.3804885692796737,0
BID,2025-07-18 07:00:00,37.49,0,0.3949868352157758,0
BID,2025-07-21 07:00:00,37.25,1,0.3863891268819692,0
BID,2025-07-22 07:00:00,38.03,0,0.4194928971428072,1
BID,2025-07-23 07:00:00,37.84,1,0.38498316580505465,0
BID,2025-07-24 07:00:00,37.98,0,0.407146018221854,1
BID,2025-07-25 07:00:00,37.98,0,0.38874364206803896,0
BID,2025-07-28 07:00:00,38.52,0,0.410932985178665,1
BID,2025-07-29 07:00:00,36.56,0,0.5057800902584306,1
BID,2025-07-30 07:00:00,37.25,0,0.5011651736146561,1
BID,2025-07-31 07:00:00,37.01,1,0.506640746391428,1
BID,2025-08-01 07:00:00,36.37,1,0.5048727829177229,1
BID,2025-08-04 07:00:00,37.2,1,0.5184846777124609,1
BID,2025-08-05 07:00:00,37.88,1,0.5273050030163747,1
BID,2025-08-06 07:00:00,38.62,1,0.5218058519092255,1
BID,2025-08-07 07:00:00,39.55,1,0.520717850337574,1
BID,2025-08-08 07:00:00,38.81,1,0.5256747120509172,1
BID,2025-08-11 07:00:00,39.3,1,0.5242825468221382,1
BID,2025-08-12 07:00:00,40.57,0,0.5026290097093198,1
BID,2025-08-13 07:00:00,40.43,0,0.49760273729865273,1
BID,2025-08-14 07:00:00,41.21,0,0.5094454408655242,1
BID,2025-08-15 07:00:00,40.08,0,0.5198280991120562,1
BID,2025-08-18 07:00:00,39.89,1,0.520967842906318,1
BID,2025-08-19 07:00:00,39.94,1,0.5143240185659977,1
BID,2025-08-20 07:00:00,39.79,0,0.5065217501456636,1
BID,2025-08-21 07:00:00,41.36,0,0.5149348053688223,1
BID,2025-08-22 07:00:00,42.28,0,0.5286804810194035,1
BID,2025-08-25 07:00:00,40.08,1,0.5646037533267868,1
BID,2025-08-26 07:00:00,40.87,1,0.5406494838416909,1
BID,2025-08-27 07:00:00,41.84,1,0.5430151784021614,1
BID,2025-08-28 07:00:00,41.55,1,0.5514371902946711,1
BID,2025-08-29 07:00:00,41.89,0,0.5412061821357782,1
BID,2025-09-03 07:00:00,42.53,0,0.5392886405826303,1
BID,2025-09-04 07:00:00,42.43,0,0.5423918177123588,1
BID,2025-09-05 07:00:00,41.01,0,0.5543457194408923,1
BID,2025-09-08 07:00:00,39.74,0,0.5640298689654276,1
BID,2025-09-09 07:00:00,39.74,0,0.54926297352249,1
BID,2025-09-10 07:00:00,39.79,1,0.5324718744436278,1
BID,2025-09-11 07:00:00,39.74,1,0.5260302160466724,1
BID,2025-09-12 07:00:00,40.04,0,0.48529907994913635,1
BID,2025-09-15 07:00:00,41.26,0,0.5184637226483887,1
BID,2025-09-16 07:00:00,41.11,0,0.5169705119958895,1
BID,2025-09-17 07:00:00,40.08,0,0.5210274616544921,1
BID,2025-09-18 07:00:00,39.89,0,0.5224044809143356,1
BID,2025-09-19 07:00:00,38.91,1,0.5191006559044961,1
BID,2025-09-22 07:00:00,40.08,0,0.49940848174790126,1
BID,2025-09-23 07:00:00,39.94,0,0.49795985234974066,1
BID,2025-09-24 07:00:00,40.28,0,0.4962381222992298,1
BID,2025-09-25 07:00:00,39.99,0,0.4677462308085204,1
BID,2025-09-26 07:00:00,39.65,0,0.4792687716158036,1
BID,2025-09-29 07:00:00,39.4,0,0.4708719011603078,1
BID,2025-09-30 07:00:00,39.11,0,0.4958666390938308,1
BID,2025-10-01 07:00:00,39.16,1,0.47093863501275857,1
BID,2025-10-02 07:00:00,39.2,0,0.49175091617558037,1
BID,2025-10-03 07:00:00,38.91,1,0.45270746732100625,1
BID,2025-10-06 07:00:00,39.84,0,0.4680253229479858,1
BID,2025-10-07 07:00:00,39.6,1,0.4561969416365366,1
BID,2025-10-08 07:00:00,39.55,0,0.43850909707271,1
BID,2025-10-09 07:00:00,39.89,0,0.4274811445881335,1
BID,2025-10-10 07:00:00,40.28,0,0.4452199627063688,1
BID,2025-10-13 07:00:00,39.99,0,0.3935824591213195,0
BID,2025-10-14 07:00:00,39.15,0,0.39527419726942276,0
BID,2025-10-15 07:00:00,38.9,0,0.4060330992633895,1
BID,2025-10-16 07:00:00,39.3,0,0.41219035889430683,1
BID,2025-10-17 07:00:00,38.6,0,0.39742650604375984,0
BID,2025-10-20 07:00:00,36.08,0,0.5619381043647704,1
BID,2025-10-21 07:00:00,36.63,0,0.5388049140385384,1
BID,2025-10-22 07:00:00,36.77,0,0.5292147449162862,1
BID,2025-10-23 07:00:00,36.48,0,0.5357667651471391,1
BID,2025-10-24 07:00:00,36.48,1,0.5231123422058154,1
BID,2025-10-27 07:00:00,36.08,1,0.5331915424381016,1
BID,2025-10-28 07:00:00,36.67,0,0.5179968170090483,1
BID,2025-10-29 07:00:00,37.37,0,0.5140954314980896,1
BID,2025-10-30 07:00:00,37.47,0,0.517794828673287,1
BID,2025-10-31 07:00:00,36.97,1,0.5243888657226199,1
BID,2025-11-03 07:00:00,36.67,1,0.48546567933229157,1
BID,2025-11-04 07:00:00,37.47,0,0.47839900918327183,1
BID,2025-11-05 07:00:00,38.21,0,0.47459216803696663,1
BID,2025-11-06 07:00:00,38.06,0,0.47372322499860264,1
BID,2025-11-07 07:00:00,37.07,1,0.4887098347178909,1
BID,2025-11-10 07:00:00,36.97,1,0.49377510561938176,1
BID,2025-11-11 07:00:00,37.56,0,0.47434825793166435,1
BID,2025-11-12 07:00:00,37.81,0,0.46884799095177593,1
BID,2025-11-13 07:00:00,37.86,0,0.45885887802483494,1
BID,2025-11-14 07:00:00,37.91,0,0.4436546060354459,1
BID,2025-11-17 07:00:00,37.96,0,0.40049862970192074,0
BID,2025-11-18 07:00:00,37.96,0,0.38657491526305415,0
BID,2025-11-19 07:00:00,37.66,0,0.3887541935211819,0
BID,2025-11-20 07:00:00,37.52,0,0.38142527514735813,0
BID,2025-11-21 07:00:00,37.17,0,0.3946701668901578,0
BID,2025-11-24 07:00:00,37.22,0,0.3872428073880902,0
BID,2025-11-25 07:00:00,36.58,0,0.3933777347626277,0
BID,2025-11-26 07:00:00,36.92,0,0.38386350871813557,0
BID,2025-11-27 07:00:00,37.12,0,0.40352021677778466,0
BID,2025-11-28 07:00:00,36.67,1,0.37589674468659945,0
BID,2025-12-01 07:00:00,36.53,1,0.37219610168483747,0
BID,2025-12-02 07:00:00,36.43,1,0.36383972352044963,0
BID,2025-12-03 07:00:00,37.96,0,0.4472209771042342,1
BID,2025-12-04 07:00:00,37.76,0,0.39245394275096,0
BID,2025-12-05 07:00:00,37.37,0,0.3865402486952423,0
BID,2025-12-08 07:00:00,37.07,0,0.389777293467564,0
BID,2025-12-09 07:00:00,37.02,0,0.3917000075552024,0
BID,2025-12-10 07:00:00,37.27,0,0.39895587624778517,0
BID,2025-12-11 07:00:00,37.17,0,0.3798314785207088,0
BID,2025-12-12 07:00:00,36.58,1,0.3851904166053985,0
BID,2025-12-15 07:00:00,36.58,1,0.3686484231927609,0
BID,2025-12-16 07:00:00,36.97,0,0.40605013813479346,1
BID,2025-12-17 07:00:00,37.56,0,0.4509268967211765,1
BID,2025-12-18 07:00:00,37.56,0,0.3977178105550825,0
BID,2025-12-19 07:00:00,37.27,1,0.40430517686949174,1
BID,2025-12-22 07:00:00,37.96,0,0.4273950274985631,1
BID,2025-12-23 07:00:00,37.56,1,0.4128553169345543,1
BID,2025-12-24 07:00:00,37.96,0,0.42991714942924664,1
BID,2025-12-25 07:00:00,38.36,1,0.44419812011036913,1
BID,2025-12-26 07:00:00,38.36,0,0.40516229543177457,1
BID,2025-12-29 07:00:00,38.36,0,0.40495476475983827,1
BID,2025-12-30 07:00:00,38.95,0,0.47418202882511495,1
BID,2025-12-31 07:00:00,38.46,0,0.3805593729210894,0
BSR,2025-01-17 07:00:00,13.23,0,0.4924078520169906,1
BSR,2025-01-20 07:00:00,12.89,0,0.5016416280492063,1
BSR,2025-01-21 07:00:00,12.4,0,0.5235599107331989,1
BSR,2025-01-22 07:00:00,12.58,0,0.4983892448357271,1
BSR,2025-01-23 07:00:00,12.55,1,0.4902981844089312,1
BSR,2025-01-24 07:00:00,12.43,1,0.49286342338510053,1
BSR,2025-02-03 07:00:00,12.68,0,0.4915414385529777,1
BSR,2025-02-04 07:00:00,12.77,0,0.49824805582300247,1
BSR,2025-02-05 07:00:00,12.71,0,0.47732144221103473,1
BSR,2025-02-06 07:00:00,12.55,0,0.49114967028557605,1
BSR,2025-02-07 07:00:00,12.46,0,0.48957829482990606,1
BSR,2025-02-10 07:00:00,12.49,0,0.4931418818580874,1
BSR,2025-02-11 07:00:00,12.37,0,0.4822682547942132,1
BSR,2025-02-12 07:00:00,12.34,0,0.48630736854750256,1
BSR,2025-02-13 07:00:00,12.16,0,0.49931046194893086,1
BSR,2025-02-14 07:00:00,12.31,0,0.4821032354058864,1
BSR,2025-02-17 07:00:00,12.31,0,0.4625091187084337,1
BSR,2025-02-18 07:00:00,12.28,0,0.43699922347849474,1
BSR,2025-02-19 07:00:00,12.49,0,0.451549771503265,1
BSR,2025-02-20 07:00:00,12.4,0,0.4423486016729082,1
BSR,2025-02-21 07:00:00,12.34,0,0.41786724800372027,1
BSR,2025-02-24 07:00:00,12.34,0,0.40395630302266883,1
BSR,2025-02-25 07:00:00,12.52,0,0.4092894473757422,1
BSR,2025-02-26 07:00:00,12.4,1,0.37337665723873253,0
BSR,2025-02-27 07:00:00,12.4,0,0.37177878130162795,0
BSR,2025-02-28 07:00:00,12.52,0,0.4106804111916023,1
BSR,2025-03-03 07:00:00,12.61,0,0.39238575938040327,0
BSR,2025-03-04 07:00:00,12.46,0,0.3602108081100142,0
BSR,2025-03-05 07:00:00,12.28,0,0.36068722665372416,0
BSR,2025-03-06 07:00:00,12.12,0,0.3711080556687952,0
BSR,2025-03-07 07:00:00,12.18,0,0.39238036264262455,0
BSR,2025-03-10 07:00:00,12.09,0,0.3599723240212707,0
BSR,2025-03-11 07:00:00,11.91,0,0.37868318837481935,0
BSR,2025-03-12 07:00:00,12.0,0,0.39763071975793246,0
BSR,2025-03-13 07:00:00,11.82,1,0.3823837689129371,0
BSR,2025-03-14 07:00:00,11.6,1,0.4331877155934449,1
BSR,2025-03-17 07:00:00,11.82,1,0.44185751647674115,1
BSR,2025-03-18 07:00:00,12.18,0,0.46902323206845653,1
BSR,2025-03-19 07:00:00,12.06,0,0.4627258966870235,1
BSR,2025-03-20 07:00:00,12.0,0,0.4535199591757443,1
BSR,2025-03-21 07:00:00,11.94,0,0.4576502679737189,1
BSR,2025-03-24 07:00:00,11.85,0,0.4583825066225951,1
BSR,2025-03-25 07:00:00,11.91,0,0.45837082314932803,1
BSR,2025-03-26 07:00:00,12.03,0,0.4687165319412773,1
BSR,2025-03-27 07:00:00,11.97,0,0.44060609585837973,1
BSR,2025-03-28 07:00:00,11.76,0,0.46026469929602476,1
BSR,2025-03-31 07:00:00,11.6,0,0.4836919682924775,1
BSR,2025-04-01 07:00:00,11.91,0,0.46415590481707636,1
BSR,2025-04-02 07:00:00,11.85,0,0.44209992194131126,1
BSR,2025-04-03 07:00:00,11.02,0,0.5132957060833169,1
BSR,2025-04-04 07:00:00,10.26,0,0.49760456074619036,1
BSR,2025-04-08 07:00:00,9.55,1,0.6652584430785691,1
BSR,2025-04-09 07:00:00,8.91,1,0.5958567423753739,1
BSR,2025-04-10 07:00:00,9.52,1,0.7260650257297363,1
BSR,2025-04-11 07:00:00,9.89,0,0.6367175590712084,1
BSR,2025-04-14 07:00:00,10.2,0,0.5919124041934266,1
BSR,2025-04-15 07:00:00,9.77,0,0.6560878790696267,1
BSR,2025-04-16 07:00:00,9.55,0,0.6834755725396737,1
BSR,2025-04-17 07:00:00,9.64,0,0.6380762583033399,1
BSR,2025-04-18 07:00:00,9.77,0,0.596912134348591,1
BSR,2025-04-21 07:00:00,9.61,0,0.6064461307332082,1
BSR,2025-04-22 07:00:00,9.18,1,0.5903370530008184,1
BSR,2025-04-23 07:00:00,9.43,1,0.6336101214827932,1
BSR,2025-04-24 07:00:00,9.61,1,0.5753506632676616,1
BSR,2025-04-25 07:00:00,9.83,0,0.5549437476824451,1
BSR,2025-04-28 07:00:00,9.89,1,0.5645333801209976,1
BSR,2025-04-29 07:00:00,9.83,1,0.5351180121757518,1
BSR,2025-05-05 07:00:00,9.86,1,0.5103770808722884,1
BSR,2025-05-06 07:00:00,10.1,1,0.5138367649861691,1
BSR,2025-05-07 07:00:00,10.81,1,0.6145050409040062,1
BSR,2025-05-08 07:00:00,10.99,0,0.5862332600323942,1
BSR,2025-05-09 07:00:00,11.02,0,0.5265080949789954,1
BSR,2025-05-12 07:00:00,11.11,0,0.5228427553954087,1
BSR,2025-05-13 07:00:00,11.11,0,0.5066535386992398,1
BSR,2025-05-14 07:00:00,11.11,0,0.4959459090878142,1
BSR,2025-05-15 07:00:00,11.02,0,0.5085924176568428,1
BSR,2025-05-16 07:00:00,10.87,0,0.5138920206553383,1
BSR,2025-05-19 07:00:00,10.68,0,0.5419790018610171,1
BSR,2025-05-20 07:00:00,10.68,0,0.5298062014104382,1
BSR,2025-05-21 07:00:00,10.53,1,0.5245939305403822,1
BSR,2025-05-22 07:00:00,10.62,1,0.4872163838327536,1
BSR,2025-05-23 07:00:00,10.75,1,0.4809256456119492,1
BSR,2025-05-26 07:00:00,10.78,0,0.4773739397527534,1
BSR,2025-05-27 07:00:00,10.81,0,0.475634748162603,1
BSR,2025-05-28 07:00:00,11.11,0,0.47990979014355917,1
BSR,2025-05-29 07:00:00,10.9,0,0.47535016296718935,1
BSR,2025-05-30 07:00:00,10.59,1,0.4864098749435667,1
BSR,2025-06-02 07:00:00,10.96,0,0.5038195688653594,1
BSR,2025-06-03 07:00:00,10.84,0,0.5083507702486338,1
BSR,2025-06-04 07:00:00,10.99,0,0.4921513533729697,1
BSR,2025-06-05 07:00:00,10.99,0,0.49451961532799127,1
BSR,2025-06-06 07:00:00,10.99,0,0.49879292817704834,1
BSR,2025-06-09 07:00:00,10.78,0,0.5101564293485995,1
BSR,2025-06-10 07:00:00,10.65,1,0.505313951941532,1
BSR,2025-06-11 07:00:00,10.62,1,0.49703137125574426,1
BSR,2025-06-12 07:00:00,10.75,1,0.49052447693651147,1
BSR,2025-06-13 07:00:00,11.33,1,0.531600787425214,1
BSR,2025-06-16 07:00:00,11.94,0,0.6305158307178345,1
BSR,2025-06-17 07:00:00,11.63,0,0.5405719357002366,1
BSR,2025-06-18 07:00:00,11.66,0,0.533961490544486,1
BSR,2025-06-19 07:00:00,11.51,0,0.5339624024103917,1
BSR,2025-06-20 07:00:00,11.27,0,0.5352576767370907,1
BSR,2025-06-23 07:00:00,11.51,0,0.5325199680358839,1
BSR,2025-06-24 07:00:00,10.96,0,0.5594329893665642,1
BSR,2025-06-25 07:00:00,10.87,0,0.5544057529331302,1
BSR,2025-06-26 07:00:00,10.9,0,0.5534223284328854,1
BSR,2025-06-27 07:00:00,10.87,0,0.5439430215697864,1
BSR,2025-06-30 07:00:00,10.93,0,0.530053664032755,1
BSR,2025-07-01 07:00:00,10.9,0,0.509545891348865,1
BSR,2025-07-02 07:00:00,10.9,0,0.5015366945255378,1
BSR,2025-07-03 07:00:00,10.93,1,0.5046472518904056,1
BSR,2025-07-04 07:00:00,10.99,1,0.4946752875106153,1
BSR,2025-07-07 07:00:00,10.99,1,0.48131076170074855,1
BSR,2025-07-08 07:00:00,11.18,0,0.4786703257024815,1
BSR,2025-07-09 07:00:00,11.18,0,0.4656089647087106,1
BSR,2025-07-10 07:00:00,11.48,0,0.482247650773048,1
BSR,2025-07-11 07:00:00,11.3,0,0.43207752077988465,1
BSR,2025-07-14 07:00:00,11.33,0,0.4333289080130816,1
BSR,2025-07-15 07:00:00,11.3,1,0.4145700154853003,1
BSR,2025-07-16 07:00:00,11.36,0,0.42141407036833456,1
BSR,2025-07-17 07:00:00,11.42,0,0.427424618746788,1
BSR,2025-07-18 07:00:00,11.63,0,0.47812486945844623,1
BSR,2025-07-21 07:00:00,11.39,1,0.4598264733225333,1
BSR,2025-07-22 07:00:00,11.39,1,0.4396091196406342,1
BSR,2025-07-23 07:00:00,11.42,1,0.4546747455976209,1
BSR,2025-07-24 07:00:00,11.88,1,0.4884863963355407,1
BSR,2025-07-25 07:00:00,12.12,0,0.5000870067587001,1
BSR,2025-07-28 07:00:00,12.12,1,0.48464856894943475,1
BSR,2025-07-29 07:00:00,12.18,1,0.49291718383073585,1
BSR,2025-07-30 07:00:00,12.03,1,0.4887126032194966,1
BSR,2025-07-31 07:00:00,12.49,0,0.5018460779290241,1
BSR,2025-08-01 07:00:00,12.68,1,0.507480153363505,1
BSR,2025-08-04 07:00:00,12.55,1,0.493727663335269,1
BSR,2025-08-05 07:00:00,12.49,1,0.505203258367705,1
BSR,2025-08-06 07:00:00,13.35,1,0.5902717659145014,1
BSR,2025-08-07 07:00:00,13.41,1,0.5594134162050957,1
BSR,2025-08-08 07:00:00,13.78,0,0.575002891803362,1
BSR,2025-08-11 07:00:00,13.56,1,0.5677804537094977,1
BSR,2025-08-12 07:00:00,14.05,1,0.5854033485899547,1
BSR,2025-08-13 07:00:00,13.78,1,0.5837327092649669,1
BSR,2025-08-14 07:00:00,13.93,1,0.592439526172396,1
BSR,2025-08-15 07:00:00,14.88,1,0.6400333405642613,1
BSR,2025-08-18 07:00:00,15.92,1,0.6358670541751646,1
BSR,2025-08-19 07:00:00,17.02,0,0.6101987896998129,1
BSR,2025-08-20 07:00:00,18.19,0,0.5867047973496795,1
BSR,2025-08-21 07:00:00,18.31,0,0.48622330560836996,1
BSR,2025-08-22 07:00:00,17.05,0,0.5744874163884609,1
BSR,2025-08-25 07:00:00,15.89,1,0.6681514210818257,1
BSR,2025-08-26 07:00:00,16.81,0,0.5786172575393099,1
BSR,2025-08-27 07:00:00,16.23,1,0.629296982601715,1
BSR,2025-08-28 07:00:00,16.62,0,0.6037281253893981,1
BSR,2025-08-29 07:00:00,16.23,1,0.6385098358361965,1
BSR,2025-09-03 07:00:00,16.87,0,0.6050215199250505,1
BSR,2025-09-04 07:00:00,16.75,0,0.6078986103542667,1
BSR,2025-09-05 07:00:00,16.69,0,0.6065860479327753,1
BSR,2025-09-08 07:00:00,15.58,1,0.6638531324877849,1
BSR,2025-09-09 07:00:00,15.83,1,0.6357195668648348,1
BSR,2025-09-10 07:00:00,16.59,1,0.6260867603000635,1
BSR,2025-09-11 07:00:00,16.53,1,0.6206245433334352,1
BSR,2025-09-12 07:00:00,16.66,0,0.6164995959426912,1
BSR,2025-09-15 07:00:00,17.21,0,0.6034727255192718,1
BSR,2025-09-16 07:00:00,16.81,0,0.6115588522078556,1
BSR,2025-09-17 07:00:00,16.59,0,0.6006275224929246,1
BSR,2025-09-18 07:00:00,16.44,0,0.6067224508020181,1
BSR,2025-09-19 07:00:00,15.92,1,0.6183096984934295,1
BSR,2025-09-22 07:00:00,16.41,1,0.5916768640989601,1
BSR,2025-09-23 07:00:00,16.47,1,0.5894126609092484,1
BSR,2025-09-24 07:00:00,16.53,0,0.5709713539707636,1
BSR,2025-09-25 07:00:00,17.11,0,0.571187057830439,1
BSR,2025-09-26 07:00:00,16.84,0,0.5669089404737753,1
BSR,2025-09-29 07:00:00,16.47,0,0.5635414505421202,1
BSR,2025-09-30 07:00:00,16.04,0,0.5623533001195073,1
BSR,2025-10-01 07:00:00,16.26,1,0.5510581598946888,1
BSR,2025-10-02 07:00:00,16.29,0,0.5562284465489535,1
BSR,2025-10-03 07:00:00,15.95,1,0.5407473572774644,1
BSR,2025-10-06 07:00:00,16.69,1,0.5402109955554785,1
BSR,2025-10-07 07:00:00,16.16,1,0.5601288157646611,1
BSR,2025-10-08 07:00:00,16.29,1,0.5405816580292011,1
BSR,2025-10-09 07:00:00,17.42,0,0.5776410835983105,1
BSR,2025-10-10 07:00:00,17.88,0,0.611387727995342,1
BSR,2025-10-13 07:00:00,17.67,0,0.5552579619394379,1
BSR,2025-10-14 07:00:00,17.14,0,0.5659613846519985,1
BSR,2025-10-15 07:00:00,17.33,0,0.5628570395789918,1
BSR,2025-10-16 07:00:00,17.18,0,0.5578654433923214,1
BSR,2025-10-17 07:00:00,16.96,0,0.5516778544671962,1
BSR,2025-10-20 07:00:00,15.8,1,0.6306871355336274,1
BSR,2025-10-21 07:00:00,16.1,1,0.5825860116928993,1
BSR,2025-10-22 07:00:00,16.72,0,0.5864380733607687,1
BSR,2025-10-23 07:00:00,16.9,0,0.5612239584679753,1
BSR,2025-10-24 07:00:00,16.72,1,0.5704418920591838,1
BSR,2025-10-27 07:00:00,16.14,1,0.5814602482069605,1
BSR,2025-10-28 07:00:00,15.92,1,0.5885214887106247,1
BSR,2025-10-29 07:00:00,17.01,0,0.5979844001028377,1
BSR,2025-10-30 07:00:00,16.42,0,0.6055718749397135,1
BSR,2025-10-31 07:00:00,16.46,0,0.6090227624384207,1
BSR,2025-11-03 07:00:00,15.82,1,0.6183595513496085,1
BSR,2025-11-04 07:00:00,16.12,0,0.5935657961985724,1
BSR,2025-11-05 07:00:00,16.61,0,0.5860065872702259,1
BSR,2025-11-06 07:00:00,16.32,0,0.603481020443983,1
BSR,2025-11-07 07:00:00,15.77,0,0.6209802952360349,1
BSR,2025-11-10 07:00:00,15.38,1,0.6201442898976909,1
BSR,2025-11-11 07:00:00,15.43,1,0.630606164681941,1
BSR,2025-11-12 07:00:00,15.62,1,0.5902345039160519,1
BSR,2025-11-13 07:00:00,15.87,1,0.5754502668908315,1
BSR,2025-11-14 07:00:00,15.82,0,0.5934199986506715,1
BSR,2025-11-17 07:00:00,16.27,0,0.5552678770897947,1
BSR,2025-11-18 07:00:00,16.12,0,0.5529064709111347,1
BSR,2025-11-19 07:00:00,16.02,0,0.52645720962706,1
BSR,2025-11-20 07:00:00,15.87,0,0.5095548817203036,1
BSR,2025-11-21 07:00:00,15.62,0,0.5142507804214014,1
BSR,2025-11-24 07:00:00,15.38,0,0.5151271024736069,1
BSR,2025-11-25 07:00:00,15.23,0,0.5144848008063061,1
BSR,2025-11-26 07:00:00,15.52,0,0.4971389723401452,1
BSR,2025-11-27 07:00:00,15.33,0,0.49004370474512543,1
BSR,2025-11-28 07:00:00,15.33,0,0.4899288882438867,1
BSR,2025-12-01 07:00:00,15.23,0,0.48247009010451253,1
BSR,2025-12-02 07:00:00,15.08,0,0.48610495833202155,1
BSR,2025-12-03 07:00:00,15.13,0,0.49220878945469715,1
BSR,2025-12-04 07:00:00,15.28,0,0.4849417124623102,1
BSR,2025-12-05 07:00:00,15.03,0,0.47539101750817847,1
BSR,2025-12-08 07:00:00,14.73,0,0.48384822419040413,1
BSR,2025-12-09 07:00:00,14.29,0,0.4879199621241987,1
BSR,2025-12-10 07:00:00,14.24,0,0.49429016857436364,1
BSR,2025-12-11 07:00:00,14.09,1,0.5068942202145816,1
BSR,2025-12-12 07:00:00,13.35,1,0.606997728629745,1
BSR,2025-12-15 07:00:00,14.24,1,0.5362068446910342,1
BSR,2025-12-16 07:00:00,15.23,1,0.6088189953867481,1
BSR,2025-12-17 07:00:00,15.08,1,0.5857165688076053,1
BSR,2025-12-18 07:00:00,14.78,1,0.597913691344707,1
BSR,2025-12-19 07:00:00,15.77,0,0.5962432575858234,1
BSR,2025-12-22 07:00:00,16.27,0,0.5999071700119885,1
BSR,2025-12-23 07:00:00,16.02,0,0.5932017857679661,1
BSR,2025-12-24 07:00:00,15.97,1,0.6039665574721912,1
BSR,2025-12-25 07:00:00,15.72,1,0.6108971450674144,1
BSR,2025-12-26 07:00:00,16.07,0,0.5963025681440519,1
BSR,2025-12-29 07:00:00,16.51,0,0.5612875153444685,1
BSR,2025-12-30 07:00:00,16.02,0,0.5981661584458988,1
BSR,2025-12-31 07:00:00,15.92,0,0.5908445789147638,1
CTG,2025-01-15 07:00:00,24.84,0,0.4800149886169355,1
CTG,2025-01-16 07:00:00,24.87,0,0.4817192405430551,1
CTG,2025-01-17 07:00:00,25.14,0,0.47312758799306753,1
CTG,2025-01-20 07:00:00,25.21,1,0.4714657495888776,1
CTG,2025-01-21 07:00:00,25.21,1,0.46244493897713485,1
CTG,2025-01-22 07:00:00,25.21,1,0.4547764534064822,1
CTG,2025-01-23 07:00:00,25.75,1,0.46552122522832906,1
CTG,2025-01-24 07:00:00,25.68,1,0.45588712096893186,1
CTG,2025-02-03 07:00:00,25.72,1,0.44850408058824853,1
CTG,2025-02-04 07:00:00,26.63,1,0.5249986031849543,1
CTG,2025-02-05 07:00:00,26.59,1,0.46615872929508634,1
CTG,2025-02-06 07:00:00,26.7,1,0.47067578698088464,1
CTG,2025-02-07 07:00:00,27.57,0,0.49567631773567833,1
CTG,2025-02-10 07:00:00,27.24,0,0.45419194856506845,1
CTG,2025-02-11 07:00:00,27.51,0,0.4565420008561418,1
CTG,2025-02-12 07:00:00,27.37,0,0.44172447710098445,1
CTG,2025-02-13 07:00:00,27.61,0,0.44740204681447143,1
CTG,2025-02-14 07:00:00,27.4,0,0.4556119275569589,1
CTG,2025-02-17 07:00:00,27.14,1,0.4646204474357014,1
CTG,2025-02-18 07:00:00,27.24,1,0.4685127237458385,1
CTG,2025-02-19 07:00:00,27.37,1,0.45822985590770626,1
CTG,2025-02-20 07:00:00,27.61,1,0.4524165388086191,1
CTG,2025-02-21 07:00:00,28.05,0,0.45448875917937137,1
CTG,2025-02-24 07:00:00,28.32,0,0.44515287312063545,1
CTG,2025-02-25 07:00:00,28.28,0,0.437833520779506,1
CTG,2025-02-26 07:00:00,27.95,0,0.4511816780318907,1
CTG,2025-02-27 07:00:00,28.05,0,0.4315297413785613,1
CTG,2025-02-28 07:00:00,28.05,0,0.4197168949371699,1
CTG,2025-03-03 07:00:00,27.88,0,0.4261156369145525,1
CTG,2025-03-04 07:00:00,28.12,1,0.4290318064902065,1
CTG,2025-03-05 07:00:00,27.84,1,0.4281808016406612,1
CTG,2025-03-06 07:00:00,28.15,1,0.4381168257474661,1
CTG,2025-03-07 07:00:00,28.66,0,0.4305703034751044,1
CTG,2025-03-10 07:00:00,28.69,0,0.409922713353043,1
CTG,2025-03-11 07:00:00,28.79,0,0.41810594876337015,1
CTG,2025-03-12 07:00:00,28.82,0,0.4006219566939911,0
CTG,2025-03-13 07:00:00,28.59,0,0.39676493147590325,0
CTG,2025-03-14 07:00:00,28.59,0,0.39393246097006795,0
CTG,2025-03-17 07:00:00,28.79,0,0.4153876217815699,1
CTG,2025-03-18 07:00:00,28.38,0,0.39528557667393627,0
CTG,2025-03-19 07:00:00,28.08,0,0.412026697957313,1
CTG,2025-03-20 07:00:00,28.12,1,0.4103923549199889,1
CTG,2025-03-21 07:00:00,28.15,0,0.3910969083444892,0
CTG,2025-03-24 07:00:00,28.25,0,0.40565584189849774,1
CTG,2025-03-25 07:00:00,28.59,0,0.4257163915938513,1
CTG,2025-03-26 07:00:00,28.22,0,0.39694098658825694,0
CTG,2025-03-27 07:00:00,28.12,0,0.38998188801726674,0
CTG,2025-03-28 07:00:00,27.95,0,0.37874743052698323,0
CTG,2025-03-31 07:00:00,28.01,0,0.39827300691751494,0
CTG,2025-04-01 07:00:00,28.28,0,0.41310477039711313,1
CTG,2025-04-02 07:00:00,28.35,0,0.4143360707405187,1
CTG,2025-04-03 07:00:00,26.39,0,0.48618157303054493,1
CTG,2025-04-04 07:00:00,26.16,0,0.5150111413242313,1
CTG,2025-04-08 07:00:00,24.33,1,0.5888807514407753,1
CTG,2025-04-09 07:00:00,22.84,1,0.6630468272611056,1
CTG,2025-04-10 07:00:00,24.43,1,0.6641119979793357,1
CTG,2025-04-11 07:00:00,25.95,0,0.58999443056327,1
CTG,2025-04-14 07:00:00,25.88,0,0.5968976075386014,1
CTG,2025-04-15 07:00:00,25.51,0,0.6095761176261677,1
CTG,2025-04-16 07:00:00,25.14,0,0.6056436640212247,1
CTG,2025-04-17 07:00:00,25.18,0,0.60047670073467,1
CTG,2025-04-18 07:00:00,25.31,0,0.5909295614194423,1
CTG,2025-04-21 07:00:00,25.18,0,0.5878756544207911,1
CTG,2025-04-22 07:00:00,25.07,0,0.5860949707600134,1
CTG,2025-04-23 07:00:00,25.21,0,0.5874035562059845,1
CTG,2025-04-24 07:00:00,25.28,0,0.5614611692628976,1
CTG,2025-04-25 07:00:00,25.11,0,0.5306869382602125,1
CTG,2025-04-28 07:00:00,24.9,1,0.5263664104801966,1
CTG,2025-04-29 07:00:00,25.14,0,0.5195432972691753,1
CTG,2025-05-05 07:00:00,25.24,0,0.5140191780105985,1
CTG,2025-05-06 07:00:00,25.41,0,0.5121690223529229,1
CTG,2025-05-07 07:00:00,25.31,0,0.49481169633744276,1
CTG,2025-05-08 07:00:00,25.38,1,0.4856538987316398,1
CTG,2025-05-09 07:00:00,25.31,1,0.45284243896439597,1
CTG,2025-05-12 07:00:00,25.58,1,0.43927346657056626,1
CTG,2025-05-13 07:00:00,26.63,0,0.46737928668532686,1
CTG,2025-05-14 07:00:00,26.76,0,0.4397782632751889,1
CTG,2025-05-15 07:00:00,26.86,0,0.42638863893081436,1
CTG,2025-05-16 07:00:00,26.36,0,0.38344309114991676,0
CTG,2025-05-19 07:00:00,26.42,0,0.4034135793749096,0
CTG,2025-05-20 07:00:00,26.7,0,0.4162655433696346,1
CTG,2025-05-21 07:00:00,26.66,0,0.3989570709480547,0
CTG,2025-05-22 07:00:00,26.26,1,0.4018246413540273,0
CTG,2025-05-23 07:00:00,26.22,1,0.40330468226402033,0
CTG,2025-05-26 07:00:00,26.53,0,0.4392758069915438,1
CTG,2025-05-27 07:00:00,26.76,0,0.44231256301955174,1
CTG,2025-05-28 07:00:00,26.73,0,0.4405109144963024,1
CTG,2025-05-29 07:00:00,26.29,0,0.4524673128246352,1
CTG,2025-05-30 07:00:00,25.88,0,0.4754485413144542,1
CTG,2025-06-02 07:00:00,25.95,0,0.46930660126977986,1
CTG,2025-06-03 07:00:00,26.05,0,0.45727421873263974,1
CTG,2025-06-04 07:00:00,26.02,0,0.42646294207881436,1
CTG,2025-06-05 07:00:00,26.05,0,0.4289344852587744,1
CTG,2025-06-06 07:00:00,25.82,0,0.41233209330725423,1
CTG,2025-06-09 07:00:00,25.68,0,0.40496545398773254,1
CTG,2025-06-10 07:00:00,25.58,1,0.3438516173722245,0
CTG,2025-06-11 07:00:00,25.68,1,0.35572213076045867,0
CTG,2025-06-12 07:00:00,26.02,1,0.39088214650840164,0
CTG,2025-06-13 07:00:00,26.97,0,0.5154410767060404,1
CTG,2025-06-16 07:00:00,27.24,0,0.4387526649275231,1
CTG,2025-06-17 07:00:00,27.27,1,0.4195618660088655,1
CTG,2025-06-18 07:00:00,27.14,1,0.39686834022525125,0
CTG,2025-06-19 07:00:00,27.51,1,0.4258413173880394,1
CTG,2025-06-20 07:00:00,27.91,0,0.4529391106277291,1
CTG,2025-06-23 07:00:00,27.95,0,0.42036028838318423,1
CTG,2025-06-24 07:00:00,28.08,0,0.4321622952455967,1
CTG,2025-06-25 07:00:00,28.18,0,0.427038252442471,1
CTG,2025-06-26 07:00:00,28.32,0,0.4138187584059589,1
CTG,2025-06-27 07:00:00,28.35,0,0.3796711550537084,0
CTG,2025-06-30 07:00:00,28.32,0,0.37439629542961644,0
CTG,2025-07-01 07:00:00,28.32,1,0.374941415251185,0
CTG,2025-07-02 07:00:00,28.32,1,0.3724443412894592,0
CTG,2025-07-03 07:00:00,28.72,1,0.42281349020442305,1
CTG,2025-07-04 07:00:00,28.86,1,0.4116097814189891,1
CTG,2025-07-07 07:00:00,30.01,0,0.4501785428697265,1
CTG,2025-07-08 07:00:00,30.01,0,0.4074412272908601,1
CTG,2025-07-09 07:00:00,30.41,0,0.43553909193048385,1
CTG,2025-07-10 07:00:00,30.41,0,0.4109751037692151,1
CTG,2025-07-11 07:00:00,30.14,0,0.3809631864781249,0
CTG,2025-07-14 07:00:00,29.94,1,0.4113227026323858,1
CTG,2025-07-15 07:00:00,29.84,1,0.3901656744853403,0
CTG,2025-07-16 07:00:00,30.38,0,0.3968815990101622,0
CTG,2025-07-17 07:00:00,30.41,0,0.3871854910734393,0
CTG,2025-07-18 07:00:00,30.45,0,0.3902078060252432,0
CTG,2025-07-21 07:00:00,30.55,0,0.39695628654183784,0
CTG,2025-07-22 07:00:00,30.82,0,0.40850821098851425,1
CTG,2025-07-23 07:00:00,30.85,0,0.41042380294980785,1
CTG,2025-07-24 07:00:00,30.89,0,0.4096129229178703,1
CTG,2025-07-25 07:00:00,30.82,0,0.3898074421587659,0
CTG,2025-07-28 07:00:00,30.82,0,0.3994921039111018,0
CTG,2025-07-29 07:00:00,29.6,0,0.47468876778717667,1
CTG,2025-07-30 07:00:00,31.22,0,0.5216834559987177,1
CTG,2025-07-31 07:00:00,31.02,0,0.5253573316179425,1
CTG,2025-08-01 07:00:00,29.94,1,0.530978285754895,1
CTG,2025-08-04 07:00:00,30.85,1,0.5218583305636217,1
CTG,2025-08-05 07:00:00,31.43,1,0.5365145664697886,1
CTG,2025-08-06 07:00:00,32.1,0,0.5367618182549733,1
CTG,2025-08-07 07:00:00,32.34,0,0.5287440285978187,1
CTG,2025-08-08 07:00:00,32.24,1,0.5316497868427106,1
CTG,2025-08-11 07:00:00,32.1,1,0.5379118558843804,1
CTG,2025-08-12 07:00:00,32.44,1,0.530158684521599,1
CTG,2025-08-13 07:00:00,33.52,0,0.5172578267098794,1
CTG,2025-08-14 07:00:00,33.93,0,0.5367339421916926,1
CTG,2025-08-15 07:00:00,33.12,1,0.523078206843191,1
CTG,2025-08-18 07:00:00,32.78,1,0.5169287581216285,1
CTG,2025-08-19 07:00:00,33.52,1,0.5117567803354589,1
CTG,2025-08-20 07:00:00,34.2,0,0.5126914129819391,1
CTG,2025-08-21 07:00:00,35.01,0,0.5364129796857905,1
CTG,2025-08-22 07:00:00,34.4,0,0.5333153794975096,1
CTG,2025-08-25 07:00:00,33.18,1,0.559997037460107,1
CTG,2025-08-26 07:00:00,34.6,0,0.5420129107555126,1
CTG,2025-08-27 07:00:00,34.54,0,0.5458913585132187,1
CTG,2025-08-28 07:00:00,34.87,0,0.5428264157898814,1
CTG,2025-08-29 07:00:00,34.67,0,0.5344155840389353,1
CTG,2025-09-03 07:00:00,34.2,0,0.5384688799653065,1
CTG,2025-09-04 07:00:00,34.47,0,0.5375269395531809,1
CTG,2025-09-05 07:00:00,33.99,0,0.5330171730919673,1
CTG,2025-09-08 07:00:00,33.45,1,0.5286151338570002,1
CTG,2025-09-09 07:00:00,33.52,1,0.5299922292958074,1
CTG,2025-09-10 07:00:00,34.13,1,0.5080899156744856,1
CTG,2025-09-11 07:00:00,34.2,1,0.49820903523996934,1
CTG,2025-09-12 07:00:00,34.06,1,0.49463314278171827,1
CTG,2025-09-15 07:00:00,34.87,0,0.4907966980986286,1
CTG,2025-09-16 07:00:00,35.48,0,0.49054594858636336,1
CTG,2025-09-17 07:00:00,34.74,0,0.4905684376022336,1
CTG,2025-09-18 07:00:00,34.6,0,0.4917936771495788,1
CTG,2025-09-19 07:00:00,34.6,0,0.49192371124260087,1
CTG,2025-09-22 07:00:00,33.32,1,0.5184230260199,1
CTG,2025-09-23 07:00:00,33.79,0,0.5136652292829209,1
CTG,2025-09-24 07:00:00,34.13,0,0.5033023351647725,1
CTG,2025-09-25 07:00:00,33.99,0,0.5026602060140328,1
CTG,2025-09-26 07:00:00,34.26,1,0.4971578413602677,1
CTG,2025-09-29 07:00:00,34.47,0,0.4928282119063855,1
CTG,2025-09-30 07:00:00,34.33,0,0.4845027952209238,1
CTG,2025-10-01 07:00:00,34.81,1,0.48241501872172277,1
CTG,2025-10-02 07:00:00,34.81,0,0.4790954134913297,1
CTG,2025-10-03 07:00:00,34.33,1,0.4814953575295245,1
CTG,2025-10-06 07:00:00,35.41,1,0.4836919534086924,1
CTG,2025-10-07 07:00:00,34.87,1,0.4821787238111414,1
CTG,2025-10-08 07:00:00,35.75,1,0.4895690711691997,1
CTG,2025-10-09 07:00:00,37.17,0,0.5178687946371142,1
CTG,2025-10-10 07:00:00,37.31,0,0.5015999167515962,1
CTG,2025-10-13 07:00:00,37.85,0,0.5049113005421694,1
CTG,2025-10-14 07:00:00,37.03,0,0.5178063281837514,1
CTG,2025-10-15 07:00:00,37.3,0,0.5049732736962189,1
CTG,2025-10-16 07:00:00,36.62,0,0.5212778253010538,1
CTG,2025-10-17 07:00:00,35.53,0,0.5399249585315744,1
CTG,2025-10-20 07:00:00,33.29,1,0.5420607801404971,1
CTG,2025-10-21 07:00:00,34.0,0,0.5604319142466454,1
CTG,2025-10-22 07:00:00,34.38,0,0.5347621205560514,1
CTG,2025-10-23 07:00:00,33.83,0,0.5477255275349703,1
CTG,2025-10-24 07:00:00,33.9,0,0.536575791127053,1
CTG,2025-10-27 07:00:00,33.08,0,0.5529115706554033,1
CTG,2025-10-28 07:00:00,33.35,0,0.5518549199038886,1
CTG,2025-10-29 07:00:00,33.8,0,0.5367788479810035,1
CTG,2025-10-30 07:00:00,33.49,1,0.5449244681087381,1
CTG,2025-10-31 07:00:00,33.35,1,0.5276822029925717,1
CTG,2025-11-03 07:00:00,33.01,1,0.49773071026956134,1
CTG,2025-11-04 07:00:00,34.0,0,0.49474816757414103,1
CTG,2025-11-05 07:00:00,34.92,0,0.5013909843356847,1
CTG,2025-11-06 07:00:00,34.78,0,0.4948166547018926,1
CTG,2025-11-07 07:00:00,33.35,0,0.5346623092527092,1
CTG,2025-11-10 07:00:00,32.67,1,0.5266331468100123,1
CTG,2025-11-11 07:00:00,33.01,0,0.5182312992205007,1
CTG,2025-11-12 07:00:00,33.49,0,0.5226278507962674,1
CTG,2025-11-13 07:00:00,33.25,0,0.5232295589078173,1
CTG,2025-11-14 07:00:00,33.05,1,0.5188447545255896,1
CTG,2025-11-17 07:00:00,33.25,0,0.5110209905258067,1
CTG,2025-11-18 07:00:00,33.63,0,0.4985117601720432,1
CTG,2025-11-19 07:00:00,33.59,0,0.48149632566792816,1
CTG,2025-11-20 07:00:00,33.42,0,0.4828701671192941,1
CTG,2025-11-21 07:00:00,33.42,0,0.4676130978501254,1
CTG,2025-11-24 07:00:00,33.22,0,0.46542184373813833,1
CTG,2025-11-25 07:00:00,32.78,1,0.44810166717472033,1
CTG,2025-11-26 07:00:00,33.29,0,0.4554048450498278,1
CTG,2025-11-27 07:00:00,33.25,0,0.40974591795793447,1
CTG,2025-11-28 07:00:00,33.35,1,0.4203875218622694,1
CTG,2025-12-01 07:00:00,32.95,1,0.3964849620197065,0
CTG,2025-12-02 07:00:00,33.39,1,0.4158734601267435,1
CTG,2025-12-03 07:00:00,35.4,0,0.49454416815413466,1
CTG,2025-12-04 07:00:00,35.4,0,0.43819309235058984,1
CTG,2025-12-05 07:00:00,35.06,0,0.43720054077311377,1
CTG,2025-12-08 07:00:00,34.78,0,0.4583046878785308,1
CTG,2025-12-09 07:00:00,34.1,0,0.49530950233319987,1
CTG,2025-12-10 07:00:00,34.38,0,0.47152435133297094,1
CTG,2025-12-11 07:00:00,34.1,1,0.4771853332007381,1
CTG,2025-12-12 07:00:00,33.7,0,0.48142686075299496,1
CTG,2025-12-15 07:00:00,33.83,0,0.4795291918157979,1
CTG,2025-12-16 07:00:00,34.72,0,0.4953344921250975,1
CTG,2025-12-17 07:00:00,34.17,0,0.47319665676810724,1
CTG,2025-12-18 07:00:00,33.83,1,0.476914351094788,1
CTG,2025-12-19 07:00:00,33.93,1,0.47471184950133877,1
CTG,2025-12-22 07:00:00,34.62,0,0.47772244889955984,1
CTG,2025-12-23 07:00:00,34.47,0,0.46167484408974024,1
CTG,2025-12-24 07:00:00,34.76,0,0.4649009142783311,1
CTG,2025-12-25 07:00:00,34.47,1,0.4718885275660354,1
CTG,2025-12-26 07:00:00,34.67,1,0.47448541998985966,1
CTG,2025-12-29 07:00:00,34.76,0,0.4779080860212536,1
CTG,2025-12-30 07:00:00,35.11,0,0.47653182340703887,1
CTG,2025-12-31 07:00:00,35.21,0,0.4640019842120092,1
FPT,2025-01-15 07:00:00,122.51,1,0.3720933872208647,0
FPT,2025-01-16 07:00:00,123.35,1,0.37210911113671213,0
FPT,2025-01-17 07:00:00,125.46,0,0.4093253966837038,1
FPT,2025-01-20 07:00:00,126.3,1,0.4149891051471252,1
FPT,2025-01-21 07:00:00,126.21,1,0.3986483377458701,0
FPT,2025-01-22 07:00:00,126.04,0,0.39861456351531127,0
FPT,2025-01-23 07:00:00,129.92,0,0.49600088122899677,1
FPT,2025-01-24 07:00:00,129.16,0,0.4116164661247861,1
FPT,2025-02-03 07:00:00,122.51,0,0.49460989360367247,1
FPT,2025-02-04 07:00:00,123.1,0,0.48655859558890757,1
FPT,2025-02-05 07:00:00,123.18,0,0.4811046830712917,1
FPT,2025-02-06 07:00:00,123.35,0,0.47148903821887683,1
FPT,2025-02-07 07:00:00,123.01,0,0.43667668419805233,1
FPT,2025-02-10 07:00:00,119.56,0,0.5141535964427383,1
FPT,2025-02-11 07:00:00,122.42,0,0.4913488523584872,1
FPT,2025-02-12 07:00:00,122.09,0,0.4865478953274802,1
FPT,2025-02-13 07:00:00,120.49,0,0.48699969865183884,1
FPT,2025-02-14 07:00:00,122.0,0,0.47654917973916344,1
FPT,2025-02-17 07:00:00,120.91,0,0.45500414645828985,1
FPT,2025-02-18 07:00:00,121.16,0,0.45700470190091347,1
FPT,2025-02-19 07:00:00,121.25,0,0.40775895773548526,1
FPT,2025-02-20 07:00:00,120.4,0,0.40816909560216336,1
FPT,2025-02-21 07:00:00,119.56,0,0.39076112909020344,0
FPT,2025-02-24 07:00:00,118.3,0,0.4201720480062301,1
FPT,2025-02-25 07:00:00,117.04,0,0.4541435785217543,1
FPT,2025-02-26 07:00:00,119.39,0,0.4123273167985844,1
FPT,2025-02-27 07:00:00,118.97,0,0.4276870560428184,1
FPT,2025-02-28 07:00:00,118.13,0,0.4269119647950897,1
FPT,2025-03-03 07:00:00,118.3,0,0.38073263929042206,0
FPT,2025-03-04 07:00:00,117.88,0,0.37169267362340613,0
FPT,2025-03-05 07:00:00,117.12,0,0.365889916882029,0
FPT,2025-03-06 07:00:00,119.22,0,0.3928634011149008,0
FPT,2025-03-07 07:00:00,119.06,0,0.37184665874070566,0
FPT,2025-03-10 07:00:00,117.29,0,0.350913360829609,0
FPT,2025-03-11 07:00:00,115.77,0,0.36565497880117703,0
FPT,2025-03-12 07:00:00,114.43,0,0.402848688428186,0
FPT,2025-03-13 07:00:00,114.93,0,0.36565427266313044,0
FPT,2025-03-14 07:00:00,110.64,0,0.4840519571225699,1
FPT,2025-03-17 07:00:00,109.46,0,0.4918466694323756,1
FPT,2025-03-18 07:00:00,109.46,0,0.4734097666600898,1
FPT,2025-03-19 07:00:00,104.91,1,0.5573626474947606,1
FPT,2025-03-20 07:00:00,105.25,0,0.5645043432471532,1
FPT,2025-03-21 07:00:00,107.77,0,0.5035294515515879,1
FPT,2025-03-24 07:00:00,108.62,0,0.5123640917488661,1
FPT,2025-03-25 07:00:00,106.51,0,0.5109364661824564,1
FPT,2025-03-26 07:00:00,103.56,0,0.5329428055345786,1
FPT,2025-03-27 07:00:00,106.26,0,0.5172182051646639,1
FPT,2025-03-28 07:00:00,104.41,0,0.5226590186882558,1
FPT,2025-03-31 07:00:00,101.88,0,0.5286914048312585,1
FPT,2025-04-01 07:00:00,101.46,0,0.5275695330865087,1
FPT,2025-04-02 07:00:00,102.72,0,0.5145926835508416,1
FPT,2025-04-03 07:00:00,95.56,0,0.4783090919986756,1
FPT,2025-04-04 07:00:00,95.14,0,0.5054629897496097,1
FPT,2025-04-08 07:00:00,88.49,1,0.6477087890810359,1
FPT,2025-04-09 07:00:00,88.66,1,0.6486324382285151,1
FPT,2025-04-10 07:00:00,94.81,1,0.5901422968255106,1
FPT,2025-04-11 07:00:00,99.78,0,0.5910406891125924,1
FPT,2025-04-14 07:00:00,99.78,0,0.5854296783891095,1
FPT,2025-04-15 07:00:00,97.67,0,0.5989648823078848,1
FPT,2025-04-16 07:00:00,90.85,1,0.6682401258782023,1
FPT,2025-04-17 07:00:00,92.11,0,0.6458549515547927,1
FPT,2025-04-18 07:00:00,93.96,0,0.6227643675336632,1
FPT,2025-04-21 07:00:00,94.05,0,0.6217008840400913,1
FPT,2025-04-22 07:00:00,92.96,1,0.6176228470959244,1
FPT,2025-04-23 07:00:00,92.96,0,0.607506102994097,1
FPT,2025-04-24 07:00:00,94.3,0,0.5735531679008572,1
FPT,2025-04-25 07:00:00,94.64,0,0.5633697662419467,1
FPT,2025-04-28 07:00:00,92.2,0,0.5897552635432161,1
FPT,2025-04-29 07:00:00,92.11,0,0.5806219664056003,1
FPT,2025-05-05 07:00:00,91.44,1,0.5500425826273293,1
FPT,2025-05-06 07:00:00,92.37,1,0.5280784025706555,1
FPT,2025-05-07 07:00:00,92.37,1,0.5228616737674479,1
FPT,2025-05-08 07:00:00,96.24,1,0.5042104052581333,1
FPT,2025-05-09 07:00:00,97.67,1,0.5120215071649576,1
FPT,2025-05-12 07:00:00,99.61,1,0.5022762113672846,1
FPT,2025-05-13 07:00:00,100.62,0,0.4783620729252923,1
FPT,2025-05-14 07:00:00,106.34,0,0.5127628579545429,1
FPT,2025-05-15 07:00:00,105.25,0,0.5102441358092666,1
FPT,2025-05-16 07:00:00,101.88,0,0.5477094769197959,1
FPT,2025-05-19 07:00:00,99.52,0,0.5429215676125104,1
FPT,2025-05-20 07:00:00,100.36,0,0.533177340071408,1
FPT,2025-05-21 07:00:00,99.61,0,0.5251229601704671,1
FPT,2025-05-22 07:00:00,98.34,1,0.5257043428945593,1
FPT,2025-05-23 07:00:00,98.6,0,0.5186172648898607,1
FPT,2025-05-26 07:00:00,98.76,0,0.5183553323678429,1
FPT,2025-05-27 07:00:00,100.2,0,0.5198913641083666,1
FPT,2025-05-28 07:00:00,99.69,0,0.4818626389348601,1
FPT,2025-05-29 07:00:00,98.6,0,0.4818208616491809,1
FPT,2025-05-30 07:00:00,98.09,0,0.47955124059256526,1
FPT,2025-06-02 07:00:00,97.75,0,0.4715698365970031,1
FPT,2025-06-03 07:00:00,98.85,0,0.46452269646193894,1
FPT,2025-06-04 07:00:00,98.6,0,0.45207283711985535,1
FPT,2025-06-05 07:00:00,98.34,0,0.4303634298021427,1
FPT,2025-06-06 07:00:00,96.83,1,0.41315406915243263,1
FPT,2025-06-09 07:00:00,97.84,1,0.42184976313208955,1
FPT,2025-06-10 07:00:00,97.42,0,0.4031654949956405,0
FPT,2025-06-11 07:00:00,99.27,1,0.4251116157166733,1
FPT,2025-06-12 07:00:00,99.36,1,0.393566085418189,0
FPT,2025-06-13 07:00:00,98.0,0,0.37987804713843293,0
FPT,2025-06-16 07:00:00,101.05,0,0.4448356070948289,1
FPT,2025-06-17 07:00:00,100.88,0,0.3909158465724523,0
FPT,2025-06-18 07:00:00,99.36,0,0.4028718076832219,0
FPT,2025-06-19 07:00:00,98.51,0,0.4038041079435058,1
FPT,2025-06-20 07:00:00,98.59,0,0.4066931020583434,1
FPT,2025-06-23 07:00:00,98.42,0,0.3879935752068589,0
FPT,2025-06-24 07:00:00,98.93,0,0.40077053686640246,0
FPT,2025-06-25 07:00:00,99.44,0,0.4202021696276555,1
FPT,2025-06-26 07:00:00,99.36,1,0.39617149095865245,0
FPT,2025-06-27 07:00:00,99.61,0,0.4182904959807539,1
FPT,2025-06-30 07:00:00,100.37,0,0.4252672581471003,1
FPT,2025-07-01 07:00:00,100.88,1,0.422366628754174,1
FPT,2025-07-02 07:00:00,100.71,1,0.4009672943360101,0
FPT,2025-07-03 07:00:00,100.2,1,0.4012751248719948,0
FPT,2025-07-04 07:00:00,104.02,0,0.5258673231036411,1
FPT,2025-07-07 07:00:00,105.13,0,0.465649894236495,1
FPT,2025-07-08 07:00:00,105.72,1,0.44640946607826804,1
FPT,2025-07-09 07:00:00,104.28,1,0.43436232587133516,1
FPT,2025-07-10 07:00:00,105.21,1,0.4249214540159907,1
FPT,2025-07-11 07:00:00,107.51,0,0.4466816589763464,1
FPT,2025-07-14 07:00:00,107.93,0,0.4499316007665226,1
FPT,2025-07-15 07:00:00,107.0,0,0.415519717986323,1
FPT,2025-07-16 07:00:00,107.25,0,0.4196013728361947,1
FPT,2025-07-17 07:00:00,107.85,0,0.43752989345724547,1
FPT,2025-07-18 07:00:00,107.0,1,0.43044703555526315,1
FPT,2025-07-21 07:00:00,107.68,0,0.43592955281853346,1
FPT,2025-07-22 07:00:00,109.44,0,0.44313132659407345,1
FPT,2025-07-23 07:00:00,109.14,0,0.43651088793020726,1
FPT,2025-07-24 07:00:00,108.46,0,0.434232820236761,1
FPT,2025-07-25 07:00:00,108.07,0,0.4369713235795353,1
FPT,2025-07-28 07:00:00,108.66,0,0.42623628731334123,1
FPT,2025-07-29 07:00:00,103.48,0,0.4941764533893322,1
FPT,2025-07-30 07:00:00,103.58,0,0.5108776354857094,1
FPT,2025-07-31 07:00:00,101.53,1,0.5139366507743495,1
FPT,2025-08-01 07:00:00,104.46,0,0.5009584556610615,1
FPT,2025-08-04 07:00:00,104.07,0,0.5043194980594741,1
FPT,2025-08-05 07:00:00,103.29,0,0.5052127872570682,1
FPT,2025-08-06 07:00:00,102.41,0,0.5014898320571415,1
FPT,2025-08-07 07:00:00,103.68,0,0.5119909485766384,1
FPT,2025-08-08 07:00:00,103.09,0,0.5055736353434273,1
FPT,2025-08-11 07:00:00,103.87,0,0.5093728082075488,1
FPT,2025-08-12 07:00:00,104.95,0,0.4787420052775581,1
FPT,2025-08-13 07:00:00,102.6,0,0.48718866700177016,1
FPT,2025-08-14 07:00:00,101.34,0,0.4798859243422018,1
FPT,2025-08-15 07:00:00,98.99,0,0.5019686741910698,1
FPT,2025-08-18 07:00:00,98.11,0,0.5073856462498345,1
FPT,2025-08-19 07:00:00,97.92,0,0.5013910702469945,1
FPT,2025-08-20 07:00:00,95.38,0,0.545135678927761,1
FPT,2025-08-21 07:00:00,99.28,0,0.5008987825423867,1
FPT,2025-08-22 07:00:00,96.65,1,0.5040156707851696,1
FPT,2025-08-25 07:00:00,96.45,1,0.5101689334841712,1
FPT,2025-08-26 07:00:00,97.62,1,0.506011538875411,1
FPT,2025-08-27 07:00:00,102.51,0,0.5196069265062387,1
FPT,2025-08-28 07:00:00,102.02,0,0.5284463128838002,1
FPT,2025-08-29 07:00:00,99.19,1,0.5280034586833423,1
FPT,2025-09-03 07:00:00,100.75,0,0.5228211556420738,1
FPT,2025-09-04 07:00:00,102.51,0,0.5213184089551304,1
FPT,2025-09-05 07:00:00,100.94,0,0.5284521265881162,1
FPT,2025-09-08 07:00:00,99.48,0,0.521320820187991,1
FPT,2025-09-09 07:00:00,99.68,0,0.5160217548518435,1
FPT,2025-09-10 07:00:00,98.8,0,0.5108453031534064,1
FPT,2025-09-11 07:00:00,99.58,0,0.5103952483605936,1
FPT,2025-09-12 07:00:00,99.19,1,0.4754664173015408,1
FPT,2025-09-15 07:00:00,99.48,0,0.47253318056641463,1
FPT,2025-09-16 07:00:00,101.04,0,0.4741704914625224,1
FPT,2025-09-17 07:00:00,103.0,0,0.47335193993203195,1
FPT,2025-09-18 07:00:00,100.55,0,0.4746844474259369,1
FPT,2025-09-19 07:00:00,100.55,0,0.4759320742906991,1
FPT,2025-09-22 07:00:00,97.33,0,0.4923863250094392,1
FPT,2025-09-23 07:00:00,95.67,0,0.4977700700236395,1
FPT,2025-09-24 07:00:00,97.14,0,0.49072816013575044,1
FPT,2025-09-25 07:00:00,95.67,0,0.4878568286935669,1
FPT,2025-09-26 07:00:00,95.18,0,0.49712560820291046,1
FPT,2025-09-29 07:00:00,93.23,0,0.5081873611877644,1
FPT,2025-09-30 07:00:00,90.79,0,0.5513082416387095,1
FPT,2025-10-01 07:00:00,91.18,1,0.5261898455218006,1
FPT,2025-10-02 07:00:00,89.91,1,0.5383810411505489,1
FPT,2025-10-03 07:00:00,91.18,0,0.5055793566186866,1
FPT,2025-10-06 07:00:00,93.23,0,0.4953899571740424,1
FPT,2025-10-07 07:00:00,93.23,0,0.48213503749516456,1
FPT,2025-10-08 07:00:00,92.26,0,0.479103064846654,1
FPT,2025-10-09 07:00:00,91.96,0,0.48290792554964435,1
FPT,2025-10-10 07:00:00,93.82,0,0.4745481322568918,1
FPT,2025-10-13 07:00:00,91.77,0,0.4851680244260669,1
FPT,2025-10-14 07:00:00,90.21,0,0.48552217454831753,1
FPT,2025-10-15 07:00:00,87.47,0,0.5130537533115379,1
FPT,2025-10-16 07:00:00,87.67,1,0.5201127009494403,1
FPT,2025-10-17 07:00:00,86.01,1,0.5360683431773602,1
FPT,2025-10-20 07:00:00,84.93,1,0.581033243903308,1
FPT,2025-10-21 07:00:00,90.79,1,0.5363507093405611,1
FPT,2025-10-22 07:00:00,94.7,0,0.5839067647110336,1
FPT,2025-10-23 07:00:00,92.74,1,0.5330807826434574,1
FPT,2025-10-24 07:00:00,95.38,1,0.5380919783595651,1
FPT,2025-10-27 07:00:00,95.67,1,0.5428939248144204,1
FPT,2025-10-28 07:00:00,99.77,1,0.5446258075357232,1
FPT,2025-10-29 07:00:00,99.28,1,0.5390634854242033,1
FPT,2025-10-30 07:00:00,100.26,0,0.5361209449881852,1
FPT,2025-10-31 07:00:00,101.43,0,0.5354753050031563,1
FPT,2025-11-03 07:00:00,102.51,0,0.5284734829451405,1
FPT,2025-11-04 07:00:00,100.85,0,0.5256519587999329,1
FPT,2025-11-05 07:00:00,98.5,0,0.5345870864049835,1
FPT,2025-11-06 07:00:00,97.82,0,0.538908058094602,1
FPT,2025-11-07 07:00:00,98.6,0,0.5094576693830805,1
FPT,2025-11-10 07:00:00,93.92,1,0.5638555013761268,1
FPT,2025-11-11 07:00:00,93.82,1,0.5319562573264315,1
FPT,2025-11-12 07:00:00,98.21,0,0.5359192397795636,1
FPT,2025-11-13 07:00:00,96.55,0,0.5604339865609107,1
FPT,2025-11-14 07:00:00,97.62,0,0.5510518503596362,1
FPT,2025-11-17 07:00:00,98.6,0,0.5383500941967868,1
FPT,2025-11-18 07:00:00,97.62,0,0.5261688007383448,1
FPT,2025-11-19 07:00:00,95.67,1,0.5287126631699987,1
FPT,2025-11-20 07:00:00,96.65,0,0.5239824810449482,1
FPT,2025-11-21 07:00:00,98.41,0,0.5219956617490332,1
FPT,2025-11-24 07:00:00,97.82,0,0.505742709580422,1
FPT,2025-11-25 07:00:00,97.33,0,0.5006650700772842,1
FPT,2025-11-26 07:00:00,96.65,0,0.474543062983751,1
FPT,2025-11-27 07:00:00,97.14,0,0.47791652354968206,1
FPT,2025-11-28 07:00:00,94.79,0,0.49899788399351935,1
FPT,2025-12-01 07:00:00,95.29,0,0.49010174440825155,1
FPT,2025-12-02 07:00:00,95.29,0,0.45520912574990724,1
FPT,2025-12-03 07:00:00,95.29,0,0.449540313413643,1
FPT,2025-12-04 07:00:00,96.18,0,0.43233564688117154,1
FPT,2025-12-05 07:00:00,94.89,0,0.4149098807251942,1
FPT,2025-12-08 07:00:00,94.2,0,0.40677113697296974,1
FPT,2025-12-09 07:00:00,95.58,0,0.43693773977020567,1
FPT,2025-12-10 07:00:00,94.3,0,0.39090617525101307,0
FPT,2025-12-11 07:00:00,94.7,0,0.39534221945897324,0
FPT,2025-12-12 07:00:00,92.43,1,0.40803861174232214,1
FPT,2025-12-15 07:00:00,92.53,0,0.3955943513397849,0
FPT,2025-12-16 07:00:00,93.61,0,0.43873896368086174,1
FPT,2025-12-17 07:00:00,94.6,0,0.43667065561267987,1
FPT,2025-12-18 07:00:00,93.12,0,0.4324756353519421,1
FPT,2025-12-19 07:00:00,92.62,0,0.4249484827919609,1
FPT,2025-12-22 07:00:00,92.43,0,0.3799850794375999,0
FPT,2025-12-23 07:00:00,92.72,0,0.4328376152111126,1
FPT,2025-12-24 07:00:00,92.33,0,0.38462000751908826,0
FPT,2025-12-25 07:00:00,91.74,1,0.40827310275569473,1
FPT,2025-12-26 07:00:00,91.24,1,0.37017735984545985,0
FPT,2025-12-29 07:00:00,93.02,0,0.42268534651920925,1
FPT,2025-12-30 07:00:00,95.19,0,0.43998567240603986,1
FPT,2025-12-31 07:00:00,94.5,0,0.43442533750255774,1
GAS,2025-01-15 07:00:00,62.92,0,0.30776311371889864,0
GAS,2025-01-16 07:00:00,63.02,0,0.336460054108792,0
GAS,2025-01-17 07:00:00,62.92,0,0.3192921489879193,0
GAS,2025-01-20 07:00:00,63.77,0,0.3815139893641859,0
GAS,2025-01-21 07:00:00,63.2,0,0.3392121816000088,0
GAS,2025-01-22 07:00:00,62.92,0,0.31860853185178667,0
GAS,2025-01-23 07:00:00,63.11,0,0.3570034694602724,0
GAS,2025-01-24 07:00:00,63.96,0,0.39005154142062337,0
GAS,2025-02-03 07:00:00,63.2,0,0.3320583813944181,0
GAS,2025-02-04 07:00:00,63.2,0,0.32909337898530167,0
GAS,2025-02-05 07:00:00,63.86,0,0.38078142504001383,0
GAS,2025-02-06 07:00:00,63.68,0,0.34175743840233774,0
GAS,2025-02-07 07:00:00,63.39,0,0.3298923245572259,0
GAS,2025-02-10 07:00:00,63.39,0,0.32826853071377166,0
GAS,2025-02-11 07:00:00,63.11,0,0.31938685439483405,0
GAS,2025-02-12 07:00:00,63.2,0,0.3288181674301446,0
GAS,2025-02-13 07:00:00,62.83,1,0.3029038427306791,0
GAS,2025-02-14 07:00:00,63.77,0,0.4231236997482225,1
GAS,2025-02-17 07:00:00,63.86,0,0.3846027857916278,0
GAS,2025-02-18 07:00:00,64.05,0,0.39877677290992625,0
GAS,2025-02-19 07:00:00,64.71,0,0.46538369831676485,1
GAS,2025-02-20 07:00:00,64.81,0,0.39477073831043946,0
GAS,2025-02-21 07:00:00,64.43,0,0.3737658284161865,0
GAS,2025-02-24 07:00:00,64.62,0,0.3947640656499863,0
GAS,2025-02-25 07:00:00,64.71,0,0.37839510651973446,0
GAS,2025-02-26 07:00:00,64.43,0,0.35041478595006087,0
GAS,2025-02-27 07:00:00,64.05,1,0.35121865843336414,0
GAS,2025-02-28 07:00:00,64.05,0,0.3463123357032297,0
GAS,2025-03-03 07:00:00,64.62,0,0.398557210362796,0
GAS,2025-03-04 07:00:00,65.09,0,0.43243192834124694,1
GAS,2025-03-05 07:00:00,64.43,0,0.36547981658098794,0
GAS,2025-03-06 07:00:00,64.33,0,0.36394599339877665,0
GAS,2025-03-07 07:00:00,63.86,0,0.37592566081272955,0
GAS,2025-03-10 07:00:00,63.86,0,0.36882682619039153,0
GAS,2025-03-11 07:00:00,63.49,0,0.33843624974139885,0
GAS,2025-03-12 07:00:00,63.96,0,0.3879929709648505,0
GAS,2025-03-13 07:00:00,64.33,0,0.4029185414317548,0
GAS,2025-03-14 07:00:00,63.77,1,0.3679346683092277,0
GAS,2025-03-17 07:00:00,64.24,0,0.4019997478515866,0
GAS,2025-03-18 07:00:00,65.09,0,0.4899252597509632,1
GAS,2025-03-19 07:00:00,64.81,0,0.37980572821920555,0
GAS,2025-03-20 07:00:00,64.62,0,0.37088456749097226,0
GAS,2025-03-21 07:00:00,63.77,0,0.36213785075716454,0
GAS,2025-03-24 07:00:00,63.3,0,0.34524504635368075,0
GAS,2025-03-25 07:00:00,63.3,0,0.3260034401683988,0
GAS,2025-03-26 07:00:00,63.58,0,0.36069043257982597,0
GAS,2025-03-27 07:00:00,63.3,0,0.32596673779451074,0
GAS,2025-03-28 07:00:00,62.92,0,0.2999081392759032,0
GAS,2025-03-31 07:00:00,62.92,0,0.2994143933797446,0
GAS,2025-04-01 07:00:00,63.58,0,0.36642164120922865,0
GAS,2025-04-02 07:00:00,63.2,0,0.3333299475482051,0
GAS,2025-04-03 07:00:00,58.87,0,0.4829633200678095,1
GAS,2025-04-04 07:00:00,55.29,0,0.5051513367451812,1
GAS,2025-04-08 07:00:00,51.43,1,0.6210776443886593,1
GAS,2025-04-09 07:00:00,47.85,1,0.6807584653377293,1
GAS,2025-04-10 07:00:00,51.15,1,0.7357340991651146,1
GAS,2025-04-11 07:00:00,54.73,0,0.5916170999567858,1
GAS,2025-04-14 07:00:00,55.76,0,0.5792257632696508,1
GAS,2025-04-15 07:00:00,54.82,0,0.5932759987311762,1
GAS,2025-04-16 07:00:00,54.73,0,0.6075562384820218,1
GAS,2025-04-17 07:00:00,54.73,0,0.6016122396744854,1
GAS,2025-04-18 07:00:00,55.01,0,0.5753698937823278,1
GAS,2025-04-21 07:00:00,54.73,0,0.5971128435067906,1
GAS,2025-04-22 07:00:00,54.16,1,0.5785077887530842,1
GAS,2025-04-23 07:00:00,54.16,1,0.5794245764289099,1
GAS,2025-04-24 07:00:00,54.16,0,0.5764045539137973,1
GAS,2025-04-25 07:00:00,55.1,0,0.5110399266698885,1
GAS,2025-04-28 07:00:00,55.01,1,0.5001414534988177,1
GAS,2025-04-29 07:00:00,54.92,1,0.501277934052756,1
GAS,2025-05-05 07:00:00,55.1,1,0.5020879297879487,1
GAS,2025-05-06 07:00:00,56.14,1,0.48605995490295995,1
GAS,2025-05-07 07:00:00,56.99,1,0.4666139543916726,1
GAS,2025-05-08 07:00:00,57.84,0,0.4526965503541422,1
GAS,2025-05-09 07:00:00,57.55,0,0.45247300336471835,1
GAS,2025-05-12 07:00:00,58.68,0,0.43557626942289884,1
GAS,2025-05-13 07:00:00,58.4,0,0.4220027196332502,1
GAS,2025-05-14 07:00:00,58.31,0,0.40596434306002016,1
GAS,2025-05-15 07:00:00,58.4,0,0.3584986453513126,0
GAS,2025-05-16 07:00:00,58.21,0,0.33740442406476817,0
GAS,2025-05-19 07:00:00,57.18,0,0.37782356440982845,0
GAS,2025-05-20 07:00:00,56.99,1,0.38463973753360875,0
GAS,2025-05-21 07:00:00,56.8,1,0.380565586906277,0
GAS,2025-05-22 07:00:00,57.46,1,0.4133746265375164,1
GAS,2025-05-23 07:00:00,59.34,1,0.4510835219933598,1
GAS,2025-05-26 07:00:00,59.34,1,0.41489752572783056,1
GAS,2025-05-27 07:00:00,60.0,1,0.41406664772135743,1
GAS,2025-05-28 07:00:00,60.38,1,0.4212620899641562,1
GAS,2025-05-29 07:00:00,60.28,1,0.384882326436761,0
GAS,2025-05-30 07:00:00,61.23,0,0.42599970061637876,1
GAS,2025-06-02 07:00:00,61.7,0,0.40748350212772344,1
GAS,2025-06-03 07:00:00,61.98,0,0.3998841772818093,0
GAS,2025-06-04 07:00:00,61.04,0,0.39964411533829913,0
GAS,2025-06-05 07:00:00,60.1,0,0.45186536704902625,1
GAS,2025-06-06 07:00:00,59.34,0,0.4669678234886011,1
GAS,2025-06-09 07:00:00,59.63,0,0.4365301212707235,1
GAS,2025-06-10 07:00:00,59.25,1,0.43956266724139675,1
GAS,2025-06-11 07:00:00,58.97,1,0.4237352653726278,1
GAS,2025-06-12 07:00:00,59.15,1,0.42488864411581095,1
GAS,2025-06-13 07:00:00,60.66,1,0.48692718967027404,1
GAS,2025-06-16 07:00:00,64.9,1,0.5957213810296196,1
GAS,2025-06-17 07:00:00,65.28,0,0.5172338600057311,1
GAS,2025-06-18 07:00:00,66.78,1,0.5220667905706469,1
GAS,2025-06-19 07:00:00,67.63,0,0.5320055216665295,1
GAS,2025-06-20 07:00:00,65.47,0,0.53222515969317,1
GAS,2025-06-23 07:00:00,68.39,0,0.5501821407293558,1
GAS,2025-06-24 07:00:00,65.09,0,0.556748975587872,1
GAS,2025-06-25 07:00:00,63.58,0,0.5821038040337465,1
GAS,2025-06-26 07:00:00,64.52,0,0.5607450138151667,1
GAS,2025-06-27 07:00:00,64.05,0,0.562386191946908,1
GAS,2025-06-30 07:00:00,63.86,0,0.5477993442267742,1
GAS,2025-07-01 07:00:00,62.55,0,0.5571452217790898,1
GAS,2025-07-02 07:00:00,62.55,0,0.5523830093554712,1
GAS,2025-07-03 07:00:00,62.36,1,0.5482742866937239,1
GAS,2025-07-04 07:00:00,62.55,1,0.5446417855810461,1
GAS,2025-07-07 07:00:00,62.64,1,0.50154590146255,1
GAS,2025-07-08 07:00:00,63.77,0,0.49889710805600157,1
GAS,2025-07-09 07:00:00,64.05,0,0.49396694188820706,1
GAS,2025-07-10 07:00:00,64.43,0,0.4783491288726199,1
GAS,2025-07-11 07:00:00,63.96,0,0.4569444418969006,1
GAS,2025-07-14 07:00:00,64.24,0,0.4381457834427339,1
GAS,2025-07-15 07:00:00,63.77,0,0.420745833784831,1
GAS,2025-07-16 07:00:00,63.49,0,0.4151675708990586,1
GAS,2025-07-17 07:00:00,63.77,0,0.4234155028546044,1
GAS,2025-07-18 07:00:00,64.15,0,0.42395076430261897,1
GAS,2025-07-21 07:00:00,63.58,1,0.4260242390031203,1
GAS,2025-07-22 07:00:00,63.96,0,0.40316003569993003,0
GAS,2025-07-23 07:00:00,64.99,0,0.4529627528982677,1
GAS,2025-07-24 07:00:00,65.09,0,0.4034605792620075,0
GAS,2025-07-25 07:00:00,64.71,0,0.3849805069264236,0
GAS,2025-07-28 07:00:00,64.9,0,0.40102348210252975,0
GAS,2025-07-29 07:00:00,64.05,0,0.39723939709515615,0
GAS,2025-07-30 07:00:00,63.96,0,0.3758986775155925,0
GAS,2025-07-31 07:00:00,63.77,0,0.3671461003763549,0
GAS,2025-08-01 07:00:00,63.68,1,0.37141054143704555,0
GAS,2025-08-04 07:00:00,64.05,1,0.41880317942014444,1
GAS,2025-08-05 07:00:00,63.86,1,0.39074877598241764,0
GAS,2025-08-06 07:00:00,65.28,1,0.4286378334118075,1
GAS,2025-08-07 07:00:00,65.09,1,0.4189206933843926,1
GAS,2025-08-08 07:00:00,66.12,0,0.44092090112726995,1
GAS,2025-08-11 07:00:00,66.31,0,0.42717039809959023,1
GAS,2025-08-12 07:00:00,66.41,0,0.41986519969545805,1
GAS,2025-08-13 07:00:00,65.94,0,0.41531398082428816,1
GAS,2025-08-14 07:00:00,65.65,0,0.40795056595716067,1
GAS,2025-08-15 07:00:00,65.65,0,0.41492259710275936,1
GAS,2025-08-18 07:00:00,65.94,0,0.41752308066604105,1
GAS,2025-08-19 07:00:00,65.84,0,0.40294944517961706,0
GAS,2025-08-20 07:00:00,64.33,0,0.42587925935535675,1
GAS,2025-08-21 07:00:00,65.28,0,0.42691696035709714,1
GAS,2025-08-22 07:00:00,64.05,0,0.46488328669701673,1
GAS,2025-08-25 07:00:00,64.71,0,0.4565065403364986,1
GAS,2025-08-26 07:00:00,65.47,0,0.45093534238707783,1
GAS,2025-08-27 07:00:00,64.9,0,0.44514600639191476,1
GAS,2025-08-28 07:00:00,64.9,0,0.4398947591972848,1
GAS,2025-08-29 07:00:00,63.8,0,0.44840943529364125,1
GAS,2025-09-03 07:00:00,63.8,0,0.4409163761091779,1
GAS,2025-09-04 07:00:00,64.2,0,0.4314238124060128,1
GAS,2025-09-05 07:00:00,63.8,0,0.42283663719538506,1
GAS,2025-09-08 07:00:00,62.6,0,0.4454974652906116,1
GAS,2025-09-09 07:00:00,62.1,0,0.4544818340153976,1
GAS,2025-09-10 07:00:00,61.9,1,0.4613575768692373,1
GAS,2025-09-11 07:00:00,62.0,0,0.4142204969753203,1
GAS,2025-09-12 07:00:00,62.5,1,0.415739041913046,1
GAS,2025-09-15 07:00:00,63.2,0,0.4172094839150283,1
GAS,2025-09-16 07:00:00,62.7,0,0.3807252440682015,0
GAS,2025-09-17 07:00:00,64.0,0,0.41185170954079603,1
GAS,2025-09-18 07:00:00,63.0,0,0.39350262280350545,0
GAS,2025-09-19 07:00:00,62.5,0,0.37751848486930345,0
GAS,2025-09-22 07:00:00,61.8,0,0.3850714276423432,0
GAS,2025-09-23 07:00:00,61.6,0,0.37590206123114206,0
GAS,2025-09-24 07:00:00,61.6,0,0.371294637336157,0
GAS,2025-09-25 07:00:00,61.9,0,0.3706191663813312,0
GAS,2025-09-26 07:00:00,61.5,0,0.348080259022354,0
GAS,2025-09-29 07:00:00,61.5,0,0.33920350814969535,0
GAS,2025-09-30 07:00:00,60.4,0,0.3667498567181697,0
GAS,2025-10-01 07:00:00,60.6,0,0.38076868634687105,0
GAS,2025-10-02 07:00:00,60.3,0,0.3749498876368081,0
GAS,2025-10-03 07:00:00,60.1,0,0.3695452444236341,0
GAS,2025-10-06 07:00:00,60.8,0,0.3609843476442397,0
GAS,2025-10-07 07:00:00,60.9,0,0.3603962865280142,0
GAS,2025-10-08 07:00:00,60.9,0,0.35024336336772727,0
GAS,2025-10-09 07:00:00,60.9,0,0.35116804280065883,0
GAS,2025-10-10 07:00:00,60.9,0,0.34396867565865646,0
GAS,2025-10-13 07:00:00,60.6,0,0.3204005763407217,0
GAS,2025-10-14 07:00:00,60.0,0,0.3170703329045834,0
GAS,2025-10-15 07:00:00,59.0,0,0.4063332231846866,1
GAS,2025-10-16 07:00:00,58.7,0,0.4014047902383421,0
GAS,2025-10-17 07:00:00,58.6,0,0.36508927046241657,0
GAS,2025-10-20 07:00:00,57.0,1,0.46394740793414696,1
GAS,2025-10-21 07:00:00,56.0,1,0.4988072201077389,1
GAS,2025-10-22 07:00:00,59.0,0,0.4732972607848729,1
GAS,2025-10-23 07:00:00,59.8,0,0.4891533789392708,1
GAS,2025-10-24 07:00:00,59.6,0,0.4882965060464719,1
GAS,2025-10-27 07:00:00,59.3,0,0.498591550677073,1
GAS,2025-10-28 07:00:00,60.0,1,0.5033794848262025,1
GAS,2025-10-29 07:00:00,60.2,1,0.5030277076218264,1
GAS,2025-10-30 07:00:00,59.7,0,0.4978048521321811,1
GAS,2025-10-31 07:00:00,61.6,1,0.509620202720751,1
GAS,2025-11-03 07:00:00,61.5,0,0.5003271085781074,1
GAS,2025-11-04 07:00:00,60.5,1,0.502582842117105,1
GAS,2025-11-05 07:00:00,63.0,0,0.48783874281502404,1
GAS,2025-11-06 07:00:00,62.1,0,0.4900694673537549,1
GAS,2025-11-07 07:00:00,62.9,0,0.4908778470858759,1
GAS,2025-11-10 07:00:00,61.2,1,0.4974400367100137,1
GAS,2025-11-11 07:00:00,61.1,1,0.4968838060453539,1
GAS,2025-11-12 07:00:00,61.9,1,0.5045396096932053,1
GAS,2025-11-13 07:00:00,62.9,0,0.502833486086441,1
GAS,2025-11-14 07:00:00,62.8,0,0.4975998106571934,1
GAS,2025-11-17 07:00:00,63.0,0,0.4938222366729208,1
GAS,2025-11-18 07:00:00,62.4,0,0.4881285511079274,1
GAS,2025-11-19 07:00:00,62.2,0,0.47223710992949,1
GAS,2025-11-20 07:00:00,62.1,0,0.4707591616639901,1
GAS,2025-11-21 07:00:00,61.9,0,0.4714737746033572,1
GAS,2025-11-24 07:00:00,61.0,1,0.4794133021575306,1
GAS,2025-11-25 07:00:00,60.8,1,0.46450362560217,1
GAS,2025-11-26 07:00:00,62.0,1,0.457639246077033,1
GAS,2025-11-27 07:00:00,63.0,1,0.47939240350218326,1
GAS,2025-11-28 07:00:00,63.4,1,0.44612901505537417,1
GAS,2025-12-01 07:00:00,65.4,0,0.5043739251144607,1
GAS,2025-12-02 07:00:00,66.1,0,0.4606260737087148,1
GAS,2025-12-03 07:00:00,64.5,0,0.45925789005008605,1
GAS,2025-12-04 07:00:00,65.0,0,0.4531383336487642,1
GAS,2025-12-05 07:00:00,64.0,0,0.47140985722528833,1
GAS,2025-12-08 07:00:00,65.4,0,0.46383685852304174,1
GAS,2025-12-09 07:00:00,64.0,0,0.4722138213830871,1
GAS,2025-12-10 07:00:00,63.5,0,0.4698419973910736,1
GAS,2025-12-11 07:00:00,62.6,1,0.4969646589136041,1
GAS,2025-12-12 07:00:00,61.3,1,0.5209402225186696,1
GAS,2025-12-15 07:00:00,62.1,1,0.49355331252456547,1
GAS,2025-12-16 07:00:00,64.3,0,0.5051379895264109,1
GAS,2025-12-17 07:00:00,62.9,1,0.506497263073974,1
GAS,2025-12-18 07:00:00,63.3,1,0.5042527636359432,1
GAS,2025-12-19 07:00:00,64.0,1,0.5095925973434885,1
GAS,2025-12-22 07:00:00,65.3,1,0.4969369507683099,1
GAS,2025-12-23 07:00:00,65.3,1,0.4795084013628109,1
GAS,2025-12-24 07:00:00,66.1,1,0.48644602023249384,1
GAS,2025-12-25 07:00:00,69.2,1,0.5129164403691451,1
GAS,2025-12-26 07:00:00,70.5,1,0.48876956905557745,1
GAS,2025-12-29 07:00:00,75.1,0,0.6242331790568971,1
GAS,2025-12-30 07:00:00,74.9,0,0.5488389629944805,1
GAS,2025-12-31 07:00:00,72.4,0,0.5624726953677494,1
GVR,2025-01-15 07:00:00,27.8,1,0.48946194675690946,1
GVR,2025-01-16 07:00:00,28.05,0,0.479981354166756,1
GVR,2025-01-17 07:00:00,28.35,0,0.47840470094668747,1
GVR,2025-01-20 07:00:00,28.3,0,0.46886607966772387,1
GVR,2025-01-21 07:00:00,28.0,0,0.4700109504694494,1
GVR,2025-01-22 07:00:00,27.61,1,0.4779513423529259,1
GVR,2025-01-23 07:00:00,28.05,1,0.47676339638737575,1
GVR,2025-01-24 07:00:00,28.4,1,0.4758265638859505,1
GVR,2025-02-03 07:00:00,28.84,0,0.47083055987764705,1
GVR,2025-02-04 07:00:00,29.09,0,0.4649758497201965,1
GVR,2025-02-05 07:00:00,29.04,0,0.45368778594734477,1
GVR,2025-02-06 07:00:00,28.79,0,0.45370086190268105,1
GVR,2025-02-07 07:00:00,28.99,0,0.45859891013278015,1
GVR,2025-02-10 07:00:00,28.4,1,0.46203745511255173,1
GVR,2025-02-11 07:00:00,28.49,1,0.45249392868346605,1
GVR,2025-02-12 07:00:00,28.35,1,0.44200829593527335,1
GVR,2025-02-13 07:00:00,29.04,1,0.45684007303384877,1
GVR,2025-02-14 07:00:00,29.92,1,0.5005376884277087,1
GVR,2025-02-17 07:00:00,30.12,1,0.4844925976295005,1
GVR,2025-02-18 07:00:00,30.42,1,0.46722329302558085,1
GVR,2025-02-19 07:00:00,31.21,1,0.4692556160775936,1
GVR,2025-02-20 07:00:00,31.9,0,0.48151086035924034,1
GVR,2025-02-21 07:00:00,31.94,0,0.4553305124762659,1
GVR,2025-02-24 07:00:00,31.99,0,0.4585325529985153,1
GVR,2025-02-25 07:00:00,31.65,1,0.4558964558376379,1
GVR,2025-02-26 07:00:00,32.14,1,0.4635349210585562,1
GVR,2025-02-27 07:00:00,32.24,1,0.4610125248377529,1
GVR,2025-02-28 07:00:00,32.93,0,0.46149154208905707,1
GVR,2025-03-03 07:00:00,32.63,1,0.4561626374814946,1
GVR,2025-03-04 07:00:00,33.03,0,0.4596179426423437,1
GVR,2025-03-05 07:00:00,32.54,0,0.46134284829252065,1
GVR,2025-03-06 07:00:00,33.52,0,0.4686110396267879,1
GVR,2025-03-07 07:00:00,33.03,0,0.4678024749754973,1
GVR,2025-03-10 07:00:00,32.83,0,0.4722671838804854,1
GVR,2025-03-11 07:00:00,32.93,0,0.4783404774045635,1
GVR,2025-03-12 07:00:00,32.34,0,0.4913829196978562,1
GVR,2025-03-13 07:00:00,32.54,0,0.4822505867460558,1
GVR,2025-03-14 07:00:00,32.83,1,0.47732176239231594,1
GVR,2025-03-17 07:00:00,32.59,1,0.4795918021214034,1
GVR,2025-03-18 07:00:00,32.93,1,0.47837747052365603,1
GVR,2025-03-19 07:00:00,34.31,0,0.5085130332988712,1
GVR,2025-03-20 07:00:00,34.01,0,0.4919689255416067,1
GVR,2025-03-21 07:00:00,34.06,0,0.4877117319832349,1
GVR,2025-03-24 07:00:00,33.67,1,0.4881307005486313,1
GVR,2025-03-25 07:00:00,34.11,0,0.488177175761485,1
GVR,2025-03-26 07:00:00,34.01,0,0.4854412669190894,1
GVR,2025-03-27 07:00:00,34.46,0,0.4841825284532073,1
GVR,2025-03-28 07:00:00,34.31,0,0.4844961213358139,1
GVR,2025-03-31 07:00:00,31.94,0,0.5080935315746993,1
GVR,2025-04-01 07:00:00,31.4,0,0.5746737455885986,1
GVR,2025-04-02 07:00:00,31.45,0,0.5426095013385304,1
GVR,2025-04-03 07:00:00,29.28,0,0.6294516469774512,1
GVR,2025-04-04 07:00:00,27.26,0,0.6970135702513095,1
GVR,2025-04-08 07:00:00,25.39,0,0.7616300023701571,1
GVR,2025-04-09 07:00:00,23.61,1,0.7623894730015709,1
GVR,2025-04-10 07:00:00,25.24,0,0.7722969781205689,1
GVR,2025-04-11 07:00:00,25.63,0,0.6868943168980239,1
GVR,2025-04-14 07:00:00,25.83,0,0.7208079976049561,1
GVR,2025-04-15 07:00:00,24.06,0,0.7604824363713061,1
GVR,2025-04-16 07:00:00,23.17,0,0.7674372268936552,1
GVR,2025-04-17 07:00:00,23.86,0,0.7167887286324837,1
GVR,2025-04-18 07:00:00,24.16,0,0.7080149742340853,1
GVR,2025-04-21 07:00:00,23.37,0,0.7061522496079428,1
GVR,2025-04-22 07:00:00,21.99,1,0.7468029794805242,1
GVR,2025-04-23 07:00:00,22.82,1,0.7021484664749675,1
GVR,2025-04-24 07:00:00,23.22,0,0.6707903087573621,1
GVR,2025-04-25 07:00:00,23.47,1,0.6503545798567072,1
GVR,2025-04-28 07:00:00,23.17,1,0.6625900985879152,1
GVR,2025-04-29 07:00:00,23.37,1,0.5519484138644005,1
GVR,2025-05-05 07:00:00,24.5,1,0.5482029645225833,1
GVR,2025-05-06 07:00:00,23.96,1,0.5482921887302978,1
GVR,2025-05-07 07:00:00,24.5,1,0.5485114761677121,1
GVR,2025-05-08 07:00:00,26.18,1,0.6013632984750067,1
GVR,2025-05-09 07:00:00,26.28,1,0.5567205931953016,1
GVR,2025-05-12 07:00:00,27.56,0,0.5640093289653947,1
GVR,2025-05-13 07:00:00,28.25,0,0.5717585125757831,1
GVR,2025-05-14 07:00:00,27.61,0,0.579637544025782,1
GVR,2025-05-15 07:00:00,27.7,0,0.5725000404884747,1
GVR,2025-05-16 07:00:00,27.31,0,0.5711072157079071,1
GVR,2025-05-19 07:00:00,26.82,0,0.563216589663217,1
GVR,2025-05-20 07:00:00,27.31,0,0.5598024187796107,1
GVR,2025-05-21 07:00:00,26.92,1,0.5661138084297206,1
GVR,2025-05-22 07:00:00,26.47,1,0.5603440807076036,1
GVR,2025-05-23 07:00:00,26.62,1,0.5448132517277953,1
GVR,2025-05-26 07:00:00,28.44,1,0.5672423950795785,1
GVR,2025-05-27 07:00:00,28.99,0,0.5856244409766033,1
GVR,2025-05-28 07:00:00,29.23,0,0.5478744617111343,1
GVR,2025-05-29 07:00:00,28.99,0,0.546871605187191,1
GVR,2025-05-30 07:00:00,28.3,1,0.5649268530863437,1
GVR,2025-06-02 07:00:00,28.89,0,0.542005805374491,1
GVR,2025-06-03 07:00:00,29.09,0,0.5333730445133367,1
GVR,2025-06-04 07:00:00,28.74,0,0.5363445106034209,1
GVR,2025-06-05 07:00:00,28.79,0,0.5273640269550919,1
GVR,2025-06-06 07:00:00,27.95,0,0.5521261126231339,1
GVR,2025-06-09 07:00:00,27.31,1,0.5291334066027169,1
GVR,2025-06-10 07:00:00,27.75,0,0.5204108347609822,1
GVR,2025-06-11 07:00:00,27.36,0,0.5090164687469197,1
GVR,2025-06-12 07:00:00,28.15,0,0.5089487218612095,1
GVR,2025-06-13 07:00:00,26.82,1,0.5335326954451886,1
GVR,2025-06-16 07:00:00,27.61,1,0.5509255725181966,1
GVR,2025-06-17 07:00:00,28.49,0,0.5402261434962,1
GVR,2025-06-18 07:00:00,28.59,1,0.5425255877687873,1
GVR,2025-06-19 07:00:00,29.48,0,0.5369640585180849,1
GVR,2025-06-20 07:00:00,28.79,1,0.5530163853486794,1
GVR,2025-06-23 07:00:00,29.38,1,0.5445436252155255,1
GVR,2025-06-24 07:00:00,29.23,1,0.5432308900321746,1
GVR,2025-06-25 07:00:00,30.37,0,0.5462642160266066,1
GVR,2025-06-26 07:00:00,30.07,1,0.5486828305617837,1
GVR,2025-06-27 07:00:00,29.92,1,0.52187995616948,1
GVR,2025-06-30 07:00:00,29.87,0,0.5255832540861594,1
GVR,2025-07-01 07:00:00,30.71,0,0.5205669519837346,1
GVR,2025-07-02 07:00:00,30.81,0,0.5199326872208176,1
GVR,2025-07-03 07:00:00,29.18,0,0.541351713474401,1
GVR,2025-07-04 07:00:00,28.89,1,0.5554626502580196,1
GVR,2025-07-07 07:00:00,29.33,0,0.5466352590092916,1
GVR,2025-07-08 07:00:00,29.58,0,0.5477994947777413,1
GVR,2025-07-09 07:00:00,29.43,1,0.5340248816748563,1
GVR,2025-07-10 07:00:00,29.68,0,0.5423760339613071,1
GVR,2025-07-11 07:00:00,29.58,0,0.5324701114505374,1
GVR,2025-07-14 07:00:00,30.22,0,0.5333194869031939,1
GVR,2025-07-15 07:00:00,29.68,0,0.523364724244565,1
GVR,2025-07-16 07:00:00,29.43,1,0.5220854004625451,1
GVR,2025-07-17 07:00:00,29.63,0,0.4949317658374403,1
GVR,2025-07-18 07:00:00,29.97,1,0.4916004753401613,1
GVR,2025-07-21 07:00:00,30.17,1,0.4873986444539301,1
GVR,2025-07-22 07:00:00,30.02,1,0.4838640685852787,1
GVR,2025-07-23 07:00:00,30.61,0,0.48536455846907844,1
GVR,2025-07-24 07:00:00,31.21,0,0.4818483381447042,1
GVR,2025-07-25 07:00:00,30.76,0,0.4828269622849849,1
GVR,2025-07-28 07:00:00,30.96,0,0.48560453340590254,1
GVR,2025-07-29 07:00:00,29.09,0,0.5308017203404268,1
GVR,2025-07-30 07:00:00,29.09,0,0.5286461546890783,1
GVR,2025-07-31 07:00:00,29.68,0,0.526992041073696,1
GVR,2025-08-01 07:00:00,29.28,1,0.5246482449685266,1
GVR,2025-08-04 07:00:00,29.48,1,0.5294835767783171,1
GVR,2025-08-05 07:00:00,29.53,1,0.5254108652834215,1
GVR,2025-08-06 07:00:00,29.82,1,0.5244496341082727,1
GVR,2025-08-07 07:00:00,30.66,1,0.5289176397839538,1
GVR,2025-08-08 07:00:00,30.17,1,0.5338668107878449,1
GVR,2025-08-11 07:00:00,32.14,0,0.5790666511088822,1
GVR,2025-08-12 07:00:00,31.99,0,0.5401047784546303,1
GVR,2025-08-13 07:00:00,32.19,0,0.5421928663767074,1
GVR,2025-08-14 07:00:00,31.65,0,0.5450209375549211,1
GVR,2025-08-15 07:00:00,30.96,1,0.5557726180591628,1
GVR,2025-08-18 07:00:00,31.3,0,0.5427431953634511,1
GVR,2025-08-19 07:00:00,31.21,0,0.5404551110920943,1
GVR,2025-08-20 07:00:00,31.75,0,0.5394967999571606,1
GVR,2025-08-21 07:00:00,31.25,0,0.5435269664790957,1
GVR,2025-08-22 07:00:00,29.09,0,0.630068166545283,1
GVR,2025-08-25 07:00:00,28.0,1,0.6668652116999487,1
GVR,2025-08-26 07:00:00,28.79,0,0.5816598712589202,1
GVR,2025-08-27 07:00:00,28.74,0,0.5874609903738058,1
GVR,2025-08-28 07:00:00,28.79,0,0.5798269184507261,1
GVR,2025-08-29 07:00:00,28.64,1,0.5629633514222946,1
GVR,2025-09-03 07:00:00,28.89,0,0.559367983574902,1
GVR,2025-09-04 07:00:00,29.09,0,0.5497815143977124,1
GVR,2025-09-05 07:00:00,29.38,0,0.5425411387061136,1
GVR,2025-09-08 07:00:00,28.4,0,0.5664059686607626,1
GVR,2025-09-09 07:00:00,28.2,1,0.5396100467739026,1
GVR,2025-09-10 07:00:00,27.9,1,0.5086507162041536,1
GVR,2025-09-11 07:00:00,28.35,1,0.5021932667125837,1
GVR,2025-09-12 07:00:00,28.94,0,0.49904499949038833,1
GVR,2025-09-15 07:00:00,29.43,0,0.48670117034696836,1
GVR,2025-09-16 07:00:00,29.04,0,0.49414595294187036,1
GVR,2025-09-17 07:00:00,28.49,0,0.5060507843173749,1
GVR,2025-09-18 07:00:00,28.4,0,0.49866129022257344,1
GVR,2025-09-19 07:00:00,28.2,0,0.5001679240800957,1
GVR,2025-09-22 07:00:00,27.9,1,0.510394534012946,1
GVR,2025-09-23 07:00:00,27.7,0,0.46772010124227875,1
GVR,2025-09-24 07:00:00,28.2,0,0.46617244623359094,1
GVR,2025-09-25 07:00:00,28.4,0,0.4757424587238833,1
GVR,2025-09-26 07:00:00,28.1,0,0.46011446692821056,1
GVR,2025-09-29 07:00:00,27.85,0,0.4506917152426792,1
GVR,2025-09-30 07:00:00,27.31,0,0.47562075967426365,1
GVR,2025-10-01 07:00:00,27.46,0,0.450715730660422,1
GVR,2025-10-02 07:00:00,26.92,0,0.4925790255902446,1
GVR,2025-10-03 07:00:00,26.32,1,0.500682511759002,1
GVR,2025-10-06 07:00:00,27.16,1,0.4718286424719168,1
GVR,2025-10-07 07:00:00,26.97,1,0.4737939705913145,1
GVR,2025-10-08 07:00:00,27.06,1,0.482286453584467,1
GVR,2025-10-09 07:00:00,27.61,0,0.488168549241604,1
GVR,2025-10-10 07:00:00,27.66,0,0.4852794612076409,1
GVR,2025-10-13 07:00:00,28.1,0,0.4879600816753002,1
GVR,2025-10-14 07:00:00,27.46,0,0.48431386654232694,1
GVR,2025-10-15 07:00:00,27.06,0,0.4932982427207877,1
GVR,2025-10-16 07:00:00,26.82,0,0.47965254698111476,1
GVR,2025-10-17 07:00:00,26.72,0,0.4785509511803385,1
GVR,2025-10-20 07:00:00,24.89,1,0.5755211572341645,1
GVR,2025-10-21 07:00:00,25.04,1,0.5766334710278335,1
GVR,2025-10-22 07:00:00,26.13,1,0.5243338639527209,1
GVR,2025-10-23 07:00:00,25.73,1,0.5603957726696296,1
GVR,2025-10-24 07:00:00,26.18,1,0.532464107034575,1
GVR,2025-10-27 07:00:00,27.01,1,0.5512445505558525,1
GVR,2025-10-28 07:00:00,27.16,1,0.5554952485902975,1
GVR,2025-10-29 07:00:00,27.7,0,0.5440581035021864,1
GVR,2025-10-30 07:00:00,27.95,0,0.5420709252371029,1
GVR,2025-10-31 07:00:00,28.64,0,0.5311950776354798,1
GVR,2025-11-03 07:00:00,27.95,0,0.5286924382691146,1
GVR,2025-11-04 07:00:00,28.35,0,0.5256137557126453,1
GVR,2025-11-05 07:00:00,28.64,0,0.5045459371552276,1
GVR,2025-11-06 07:00:00,28.3,0,0.5090434179646901,1
GVR,2025-11-07 07:00:00,27.41,1,0.5401423524212496,1
GVR,2025-11-10 07:00:00,27.56,1,0.5216685659642136,1
GVR,2025-11-11 07:00:00,27.51,1,0.5146090806439724,1
GVR,2025-11-12 07:00:00,28.05,1,0.5181427088858606,1
GVR,2025-11-13 07:00:00,28.5,0,0.5214536099784127,1
GVR,2025-11-14 07:00:00,28.4,0,0.5027942519788109,1
GVR,2025-11-17 07:00:00,29.1,0,0.47939477825950666,1
GVR,2025-11-18 07:00:00,28.25,0,0.5044904179735262,1
GVR,2025-11-19 07:00:00,28.0,0,0.5010834068003754,1
GVR,2025-11-20 07:00:00,28.0,0,0.49912258292125034,1
GVR,2025-11-21 07:00:00,27.8,0,0.4850524196966377,1
GVR,2025-11-24 07:00:00,27.7,0,0.4503057555135387,1
GVR,2025-11-25 07:00:00,27.1,0,0.50351974842186,1
GVR,2025-11-26 07:00:00,27.5,0,0.4796357847000891,1
GVR,2025-11-27 07:00:00,27.9,0,0.4866488297462609,1
GVR,2025-11-28 07:00:00,27.3,0,0.4888551820848508,1
GVR,2025-12-01 07:00:00,26.7,1,0.48937650973852753,1
GVR,2025-12-02 07:00:00,27.75,0,0.49588249581631305,1
GVR,2025-12-03 07:00:00,27.7,0,0.49234828253627894,1
GVR,2025-12-04 07:00:00,27.85,0,0.4934195209187482,1
GVR,2025-12-05 07:00:00,27.4,0,0.502560055963609,1
GVR,2025-12-08 07:00:00,26.95,0,0.5002109840389877,1
GVR,2025-12-09 07:00:00,26.9,0,0.49254901113008687,1
GVR,2025-12-10 07:00:00,26.75,0,0.48270647445907083,1
GVR,2025-12-11 07:00:00,26.65,0,0.4882971186479904,1
GVR,2025-12-12 07:00:00,25.3,1,0.5715700220332843,1
GVR,2025-12-15 07:00:00,25.6,1,0.5093413614607994,1
GVR,2025-12-16 07:00:00,26.5,0,0.5143213780796543,1
GVR,2025-12-17 07:00:00,26.3,0,0.5133463754465092,1
GVR,2025-12-18 07:00:00,26.55,0,0.5218808111178496,1
GVR,2025-12-19 07:00:00,26.45,0,0.5227496637420084,1
GVR,2025-12-22 07:00:00,26.6,0,0.5146246150726728,1
GVR,2025-12-23 07:00:00,26.25,0,0.5159399681303077,1
GVR,2025-12-24 07:00:00,26.0,0,0.5097329680269381,1
GVR,2025-12-25 07:00:00,25.65,1,0.530176678231113,1
GVR,2025-12-26 07:00:00,25.5,1,0.4967440167953382,1
GVR,2025-12-29 07:00:00,26.0,0,0.479969768874315,1
GVR,2025-12-30 07:00:00,26.6,0,0.47370712045957164,1
GVR,2025-12-31 07:00:00,26.2,0,0.47583753492033065,1
HDB,2025-01-15 07:00:00,16.69,1,0.5634409262079586,1
HDB,2025-01-16 07:00:00,16.73,1,0.5599462639133383,1
HDB,2025-01-17 07:00:00,17.35,0,0.5626667299793588,1
HDB,2025-01-20 07:00:00,17.73,0,0.550716285964573,1
HDB,2025-01-21 07:00:00,17.46,0,0.5644499256278361,1
HDB,2025-01-22 07:00:00,16.96,1,0.5774903632993356,1
HDB,2025-01-23 07:00:00,17.27,0,0.5687727677890622,1
HDB,2025-01-24 07:00:00,17.46,0,0.5602458154865578,1
HDB,2025-02-03 07:00:00,17.27,1,0.5876243550609005,1
HDB,2025-02-04 07:00:00,17.42,0,0.5338720417249636,1
HDB,2025-02-05 07:00:00,17.42,0,0.5264426201092542,1
HDB,2025-02-06 07:00:00,17.7,0,0.5226701448958931,1
HDB,2025-02-07 07:00:00,17.66,0,0.4931650717760127,1
HDB,2025-02-10 07:00:00,17.42,0,0.5042676166061868,1
HDB,2025-02-11 07:00:00,17.39,0,0.5016753093730428,1
HDB,2025-02-12 07:00:00,17.39,0,0.48524682254283735,1
HDB,2025-02-13 07:00:00,17.5,0,0.4746945267625462,1
HDB,2025-02-14 07:00:00,17.62,0,0.4586756303535187,1
HDB,2025-02-17 07:00:00,17.46,0,0.44112327270840745,1
HDB,2025-02-18 07:00:00,17.5,1,0.42278250167963927,1
HDB,2025-02-19 07:00:00,17.58,1,0.41785393395697557,1
HDB,2025-02-20 07:00:00,17.62,1,0.4147912889193721,1
HDB,2025-02-21 07:00:00,17.77,0,0.40919339857605336,1
HDB,2025-02-24 07:00:00,18.08,0,0.44211684784501076,1
HDB,2025-02-25 07:00:00,17.89,0,0.3975458229411089,0
HDB,2025-02-26 07:00:00,17.77,0,0.3764477450080289,0
HDB,2025-02-27 07:00:00,17.89,0,0.39599637774361524,0
HDB,2025-02-28 07:00:00,17.77,0,0.3584405790169606,0
HDB,2025-03-03 07:00:00,17.73,0,0.35635729447415415,0
HDB,2025-03-04 07:00:00,17.7,1,0.35156603706675116,0
HDB,2025-03-05 07:00:00,17.66,1,0.34916014641667165,0
HDB,2025-03-06 07:00:00,17.77,1,0.3897530512050684,0
HDB,2025-03-07 07:00:00,18.04,0,0.4402729531743816,1
HDB,2025-03-10 07:00:00,18.27,0,0.4263913434598011,1
HDB,2025-03-11 07:00:00,18.35,0,0.41692736482746195,1
HDB,2025-03-12 07:00:00,18.24,0,0.37850376627976573,0
HDB,2025-03-13 07:00:00,17.85,0,0.394077719809283,0
HDB,2025-03-14 07:00:00,17.89,0,0.40112469638882897,0
HDB,2025-03-17 07:00:00,18.04,0,0.39719017333148304,0
HDB,2025-03-18 07:00:00,17.93,0,0.3774806993594683,0
HDB,2025-03-19 07:00:00,17.77,0,0.382317292356092,0
HDB,2025-03-20 07:00:00,17.81,0,0.4008512266027242,0
HDB,2025-03-21 07:00:00,17.73,0,0.37551765272266996,0
HDB,2025-03-24 07:00:00,17.46,0,0.3757968706853995,0
HDB,2025-03-25 07:00:00,17.54,0,0.37995088523605003,0
HDB,2025-03-26 07:00:00,17.54,0,0.3664215829593711,0
HDB,2025-03-27 07:00:00,17.46,0,0.34270635474293004,0
HDB,2025-03-28 07:00:00,17.16,0,0.3625412639655382,0
HDB,2025-03-31 07:00:00,17.04,0,0.3675441902530983,0
HDB,2025-04-01 07:00:00,17.31,0,0.3794259427294941,0
HDB,2025-04-02 07:00:00,17.31,0,0.36289866833867956,0
HDB,2025-04-03 07:00:00,16.11,0,0.4839842207575101,1
HDB,2025-04-04 07:00:00,16.04,0,0.5415405217230916,1
HDB,2025-04-08 07:00:00,14.92,1,0.6001154085177751,1
HDB,2025-04-09 07:00:00,14.03,1,0.6852333172251917,1
HDB,2025-04-10 07:00:00,15.0,1,0.6558385510828677,1
HDB,2025-04-11 07:00:00,15.96,0,0.5820683043760049,1
HDB,2025-04-14 07:00:00,16.19,0,0.5993647737604176,1
HDB,2025-04-15 07:00:00,15.84,0,0.605726477048462,1
HDB,2025-04-16 07:00:00,15.92,0,0.6089794709743149,1
HDB,2025-04-17 07:00:00,15.96,0,0.5892166465729184,1
HDB,2025-04-18 07:00:00,16.04,0,0.5917273918726006,1
HDB,2025-04-21 07:00:00,15.73,1,0.5965558461346153,1
HDB,2025-04-22 07:00:00,15.65,1,0.5899405619326176,1
HDB,2025-04-23 07:00:00,15.69,1,0.5830742389395398,1
HDB,2025-04-24 07:00:00,16.38,0,0.5693461987257389,1
HDB,2025-04-25 07:00:00,16.38,0,0.5330108160672375,1
HDB,2025-04-28 07:00:00,16.58,0,0.5282824388634576,1
HDB,2025-04-29 07:00:00,16.54,0,0.5118782657479252,1
HDB,2025-05-05 07:00:00,16.35,0,0.5144938043434775,1
HDB,2025-05-06 07:00:00,16.38,0,0.5099746872158273,1
HDB,2025-05-07 07:00:00,16.15,1,0.5186476367480907,1
HDB,2025-05-08 07:00:00,16.38,1,0.5065697582736031,1
HDB,2025-05-09 07:00:00,16.35,1,0.4952452237461544,1
HDB,2025-05-12 07:00:00,16.58,1,0.4637628180601136,1
HDB,2025-05-13 07:00:00,16.81,0,0.4595080964332312,1
HDB,2025-05-14 07:00:00,17.12,0,0.45750211301599797,1
HDB,2025-05-15 07:00:00,17.16,0,0.4448542847186745,1
HDB,2025-05-16 07:00:00,16.92,1,0.43032310345980457,1
HDB,2025-05-19 07:00:00,16.96,0,0.42552994245949005,1
HDB,2025-05-20 07:00:00,17.19,0,0.4247651195104122,1
HDB,2025-05-21 07:00:00,17.27,0,0.42298120364465225,1
HDB,2025-05-22 07:00:00,17.0,1,0.4279500252216759,1
HDB,2025-05-23 07:00:00,17.04,0,0.4187018858817095,1
HDB,2025-05-26 07:00:00,17.42,0,0.44058704401028126,1
HDB,2025-05-27 07:00:00,17.42,0,0.39319349470309506,0
HDB,2025-05-28 07:00:00,17.16,0,0.4044297557045543,1
HDB,2025-05-29 07:00:00,17.0,0,0.4478108172219902,1
HDB,2025-05-30 07:00:00,16.73,0,0.48370971674465074,1
HDB,2025-06-02 07:00:00,16.65,0,0.47836286337545597,1
HDB,2025-06-03 07:00:00,16.85,0,0.45175563800524327,1
HDB,2025-06-04 07:00:00,16.85,0,0.42535757864660545,1
HDB,2025-06-05 07:00:00,16.69,0,0.4270093386432315,1
HDB,2025-06-06 07:00:00,16.81,0,0.4363258564097885,1
HDB,2025-06-09 07:00:00,16.54,0,0.41677428743357564,1
HDB,2025-06-10 07:00:00,16.58,0,0.41062304329557164,1
HDB,2025-06-11 07:00:00,16.5,1,0.3813586567157872,0
HDB,2025-06-12 07:00:00,16.77,0,0.41673065412674726,1
HDB,2025-06-13 07:00:00,16.65,1,0.3841477843553602,0
HDB,2025-06-16 07:00:00,16.77,0,0.41492712397606873,1
HDB,2025-06-17 07:00:00,16.89,0,0.4153116784194684,1
HDB,2025-06-18 07:00:00,16.92,0,0.4140643410441843,1
HDB,2025-06-19 07:00:00,16.96,0,0.4116489793158617,1
HDB,2025-06-20 07:00:00,17.08,0,0.4125468664958132,1
HDB,2025-06-23 07:00:00,16.92,0,0.37781581730569525,0
HDB,2025-06-24 07:00:00,16.92,0,0.37254326543707417,0
HDB,2025-06-25 07:00:00,16.81,0,0.37221396357110026,0
HDB,2025-06-26 07:00:00,16.73,1,0.3647772704358426,0
HDB,2025-06-27 07:00:00,16.81,1,0.38018818948529104,0
HDB,2025-06-30 07:00:00,16.81,1,0.3676963701657103,0
HDB,2025-07-01 07:00:00,17.04,1,0.4756549764043658,1
HDB,2025-07-02 07:00:00,17.19,1,0.4260061225084365,1
HDB,2025-07-03 07:00:00,17.39,1,0.4518351353533437,1
HDB,2025-07-04 07:00:00,17.39,1,0.4015472473437545,0
HDB,2025-07-07 07:00:00,17.96,1,0.488358417176606,1
HDB,2025-07-08 07:00:00,18.12,1,0.44568844421827847,1
HDB,2025-07-09 07:00:00,18.66,0,0.4947546816411455,1
HDB,2025-07-10 07:00:00,18.77,0,0.4300036847275717,1
HDB,2025-07-11 07:00:00,18.85,0,0.4068454108562822,1
HDB,2025-07-14 07:00:00,18.81,0,0.39536079426213777,0
HDB,2025-07-15 07:00:00,18.62,0,0.43616973200829534,1
HDB,2025-07-16 07:00:00,18.7,0,0.4276227760569467,1
HDB,2025-07-17 07:00:00,18.77,1,0.42428534806077567,1
HDB,2025-07-18 07:00:00,18.81,1,0.4253029319671262,1
HDB,2025-07-21 07:00:00,18.89,1,0.4227560335586566,1
HDB,2025-07-22 07:00:00,19.62,1,0.46218380714402807,1
HDB,2025-07-23 07:00:00,20.43,1,0.5246865743557066,1
HDB,2025-07-24 07:00:00,21.28,0,0.6064025168634083,1
HDB,2025-07-25 07:00:00,21.78,0,0.5711690499953237,1
HDB,2025-07-28 07:00:00,21.94,0,0.590121049688789,1
HDB,2025-07-29 07:00:00,20.43,1,0.6055007968942534,1
HDB,2025-07-30 07:00:00,20.55,1,0.5977239670730283,1
HDB,2025-07-31 07:00:00,20.39,1,0.5724052378244789,1
HDB,2025-08-01 07:00:00,20.82,1,0.5781854316473667,1
HDB,2025-08-04 07:00:00,21.59,1,0.5846173811014329,1
HDB,2025-08-05 07:00:00,21.51,0,0.5818523874218476,1
HDB,2025-08-06 07:00:00,21.78,0,0.5774497260783649,1
HDB,2025-08-07 07:00:00,21.97,0,0.5773728860676224,1
HDB,2025-08-08 07:00:00,21.63,1,0.5884973759355887,1
HDB,2025-08-11 07:00:00,21.51,1,0.5803375127328766,1
HDB,2025-08-12 07:00:00,22.28,1,0.5647250783742499,1
HDB,2025-08-13 07:00:00,22.32,1,0.5733090045749818,1
HDB,2025-08-14 07:00:00,23.86,1,0.6353808392832001,1
HDB,2025-08-15 07:00:00,23.9,1,0.5986987787639452,1
HDB,2025-08-18 07:00:00,23.52,1,0.6105513869318641,1
HDB,2025-08-19 07:00:00,25.06,0,0.6014880120758709,1
HDB,2025-08-20 07:00:00,24.56,0,0.6057842405559898,1
HDB,2025-08-21 07:00:00,25.64,0,0.5946659998788789,1
HDB,2025-08-22 07:00:00,24.94,0,0.6072746918049424,1
HDB,2025-08-25 07:00:00,24.13,1,0.6434115098770876,1
HDB,2025-08-26 07:00:00,24.9,1,0.6116567444329598,1
HDB,2025-08-27 07:00:00,25.02,1,0.604530253584375,1
HDB,2025-08-28 07:00:00,25.06,1,0.6036097269145781,1
HDB,2025-08-29 07:00:00,25.79,0,0.5961559920644618,1
HDB,2025-09-03 07:00:00,25.52,0,0.6085098173927647,1
HDB,2025-09-04 07:00:00,25.56,0,0.6102483695255065,1
HDB,2025-09-05 07:00:00,24.9,0,0.6079158689272581,1
HDB,2025-09-08 07:00:00,23.82,1,0.5977166018945013,1
HDB,2025-09-09 07:00:00,24.33,0,0.5783495076534649,1
HDB,2025-09-10 07:00:00,24.36,0,0.5674356651761446,1
HDB,2025-09-11 07:00:00,24.29,0,0.5585555328739515,1
HDB,2025-09-12 07:00:00,24.29,0,0.560845734167071,1
HDB,2025-09-15 07:00:00,24.1,0,0.5508101763447262,1
HDB,2025-09-16 07:00:00,24.13,0,0.5161774454712882,1
HDB,2025-09-17 07:00:00,23.82,0,0.5259771593917604,1
HDB,2025-09-18 07:00:00,23.67,0,0.522902368700579,1
HDB,2025-09-19 07:00:00,23.28,1,0.5370489009804635,1
HDB,2025-09-22 07:00:00,22.36,1,0.5684775609019411,1
HDB,2025-09-23 07:00:00,22.13,1,0.5484153814646512,1
HDB,2025-09-24 07:00:00,23.67,0,0.5512959658825527,1
HDB,2025-09-25 07:00:00,23.9,0,0.547804011312083,1
HDB,2025-09-26 07:00:00,23.25,1,0.556962668479922,1
HDB,2025-09-29 07:00:00,23.82,0,0.5493236520061501,1
HDB,2025-09-30 07:00:00,23.9,0,0.5481787627026949,1
HDB,2025-10-01 07:00:00,23.82,1,0.5507376187837555,1
HDB,2025-10-02 07:00:00,23.79,0,0.5489363138841467,1
HDB,2025-10-03 07:00:00,23.28,1,0.5531310945118728,1
HDB,2025-10-06 07:00:00,24.29,0,0.5339660791316411,1
HDB,2025-10-07 07:00:00,24.13,1,0.5357497985388491,1
HDB,2025-10-08 07:00:00,24.25,1,0.520083854144191,1
HDB,2025-10-09 07:00:00,24.4,1,0.518577917950008,1
HDB,2025-10-10 07:00:00,24.56,1,0.49280480382122294,1
HDB,2025-10-13 07:00:00,25.17,1,0.4895788536595372,1
HDB,2025-10-14 07:00:00,25.17,0,0.4934247676655154,1
HDB,2025-10-15 07:00:00,25.52,0,0.4956570698793749,1
HDB,2025-10-16 07:00:00,25.75,0,0.4978968865679528,1
HDB,2025-10-17 07:00:00,25.06,0,0.5076166508663287,1
HDB,2025-10-20 07:00:00,23.32,1,0.5709787589792301,1
HDB,2025-10-21 07:00:00,24.94,0,0.5920164757888805,1
HDB,2025-10-22 07:00:00,25.06,0,0.5838702237574479,1
HDB,2025-10-23 07:00:00,25.44,0,0.5766593743873151,1
HDB,2025-10-24 07:00:00,25.21,1,0.5807490131569056,1
HDB,2025-10-27 07:00:00,23.98,1,0.6004781091969117,1
HDB,2025-10-28 07:00:00,24.83,0,0.5878492047912929,1
HDB,2025-10-29 07:00:00,25.75,0,0.5930716207284963,1
HDB,2025-10-30 07:00:00,25.75,0,0.5910508976961515,1
HDB,2025-10-31 07:00:00,24.67,0,0.6099420619808419,1
HDB,2025-11-03 07:00:00,23.56,0,0.650657374926727,1
HDB,2025-11-04 07:00:00,23.98,0,0.5704928426364907,1
HDB,2025-11-05 07:00:00,23.94,0,0.593565740606574,1
HDB,2025-11-06 07:00:00,23.21,0,0.6184211644536094,1
HDB,2025-11-07 07:00:00,23.13,0,0.6058515755036582,1
HDB,2025-11-10 07:00:00,22.82,0,0.5997972677546548,1
HDB,2025-11-11 07:00:00,22.82,0,0.5973758335536193,1
HDB,2025-11-12 07:00:00,23.13,0,0.5773110345577899,1
HDB,2025-11-13 07:00:00,23.09,1,0.5849194226179528,1
HDB,2025-11-14 07:00:00,23.02,1,0.5574796852751922,1
HDB,2025-11-17 07:00:00,23.17,1,0.5252639276296315,1
HDB,2025-11-18 07:00:00,23.48,1,0.480146270749666,1
HDB,2025-11-19 07:00:00,24.13,0,0.48876360977432803,1
HDB,2025-11-20 07:00:00,24.52,0,0.48458564362887846,1
HDB,2025-11-21 07:00:00,24.06,1,0.4942925739785445,1
HDB,2025-11-24 07:00:00,23.98,1,0.4788972388652257,1
HDB,2025-11-25 07:00:00,24.52,0,0.4845292547737565,1
HDB,2025-11-26 07:00:00,24.9,0,0.4744736391197318,1
HDB,2025-11-27 07:00:00,24.67,0,0.47300900244568017,1
HDB,2025-11-28 07:00:00,24.67,0,0.46367896248258883,1
HDB,2025-12-01 07:00:00,24.29,1,0.4797776260700814,1
HDB,2025-12-02 07:00:00,24.67,1,0.474921718628797,1
HDB,2025-12-03 07:00:00,24.87,1,0.469864017159404,1
HDB,2025-12-04 07:00:00,25.4,0,0.47020934665050135,1
HDB,2025-12-05 07:00:00,25.4,0,0.46527678399633376,1
HDB,2025-12-08 07:00:00,25.25,0,0.46443070046988394,1
HDB,2025-12-09 07:00:00,24.29,0,0.504051049630764,1
HDB,2025-12-10 07:00:00,24.79,0,0.4923237598157866,1
HDB,2025-12-11 07:00:00,24.48,0,0.4952354530547037,1
HDB,2025-12-12 07:00:00,23.28,1,0.5433492877236689,1
HDB,2025-12-15 07:00:00,23.13,1,0.521712910397571,1
HDB,2025-12-16 07:00:00,24.75,1,0.5458733264655252,1
HDB,2025-12-17 07:00:00,24.75,1,0.5304953573170285,1
HDB,2025-12-18 07:00:00,25.6,1,0.5470284341125866,1
HDB,2025-12-19 07:00:00,25.95,1,0.5481228908382407,1
HDB,2025-12-22 07:00:00,27.0,1,0.5558612456890389,1
HDB,2025-12-23 07:00:00,27.5,0,0.5224747114814157,1
HDB,2025-12-24 07:00:00,27.85,0,0.5223062647922168,1
HDB,2025-12-25 07:00:00,27.55,0,0.5423004431268988,1
HDB,2025-12-26 07:00:00,27.6,1,0.5355072042738547,1
HDB,2025-12-29 07:00:00,27.6,0,0.527184238760205,1
HDB,2025-12-30 07:00:00,27.95,0,0.48709627119414434,1
HDB,2025-12-31 07:00:00,29.7,0,0.5665636006628415,1
HPG,2025-01-15 07:00:00,19.47,0,0.3879481579893295,0
HPG,2025-01-16 07:00:00,19.55,0,0.38876938641869874,0
HPG,2025-01-17 07:00:00,19.7,0,0.38549744597471125,0
HPG,2025-01-20 07:00:00,19.66,0,0.36552865555294595,0
HPG,2025-01-21 07:00:00,19.55,0,0.3553571625033881,0
HPG,2025-01-22 07:00:00,19.44,0,0.3486041775667092,0
HPG,2025-01-23 07:00:00,19.81,0,0.39383656422378577,0
HPG,2025-01-24 07:00:00,19.73,0,0.3714525781304597,0
HPG,2025-02-03 07:00:00,19.62,1,0.36089207072785007,0
HPG,2025-02-04 07:00:00,19.96,0,0.4068441600657629,1
HPG,2025-02-05 07:00:00,19.92,0,0.3857935859725125,0
HPG,2025-02-06 07:00:00,19.92,0,0.3787409382362871,0
HPG,2025-02-07 07:00:00,19.81,0,0.377553632978753,0
HPG,2025-02-10 07:00:00,18.88,1,0.4517218502341497,1
HPG,2025-02-11 07:00:00,19.4,0,0.4477144317439127,1
HPG,2025-02-12 07:00:00,19.21,0,0.42915456307236693,1
HPG,2025-02-13 07:00:00,19.25,1,0.43683947472913615,1
HPG,2025-02-14 07:00:00,19.4,1,0.4379810067072841,1
HPG,2025-02-17 07:00:00,19.44,0,0.4375880171493131,1
HPG,2025-02-18 07:00:00,19.73,0,0.4424605866028482,1
HPG,2025-02-19 07:00:00,19.7,1,0.42838445639045997,1
HPG,2025-02-20 07:00:00,19.73,1,0.43159723080698337,1
HPG,2025-02-21 07:00:00,19.66,1,0.4203477858027123,1
HPG,2025-02-24 07:00:00,20.59,1,0.5082920531404599,1
HPG,2025-02-25 07:00:00,20.44,1,0.43037641316797437,1
HPG,2025-02-26 07:00:00,20.63,0,0.43593023125123453,1
HPG,2025-02-27 07:00:00,21.15,0,0.45348623832449236,1
HPG,2025-02-28 07:00:00,20.81,0,0.4237794057907114,1
HPG,2025-03-03 07:00:00,20.85,0,0.4302138804545639,1
HPG,2025-03-04 07:00:00,20.7,0,0.4261537312175316,1
HPG,2025-03-05 07:00:00,20.48,0,0.4367937226321749,1
HPG,2025-03-06 07:00:00,20.78,0,0.4397116829010038,1
HPG,2025-03-07 07:00:00,20.85,0,0.43936869693828373,1
HPG,2025-03-10 07:00:00,20.78,0,0.41012004734304525,1
HPG,2025-03-11 07:00:00,20.92,0,0.4278445683555327,1
HPG,2025-03-12 07:00:00,20.66,0,0.42749466458521235,1
HPG,2025-03-13 07:00:00,20.59,0,0.4442963866409954,1
HPG,2025-03-14 07:00:00,20.48,0,0.4269341795326563,1
HPG,2025-03-17 07:00:00,20.7,0,0.4367390128558905,1
HPG,2025-03-18 07:00:00,20.52,0,0.42283810634540014,1
HPG,2025-03-19 07:00:00,20.26,0,0.4318504544340327,1
HPG,2025-03-20 07:00:00,20.18,0,0.43895484230333465,1
HPG,2025-03-21 07:00:00,20.18,0,0.42573730062972986,1
HPG,2025-03-24 07:00:00,20.18,0,0.38101460788994446,0
HPG,2025-03-25 07:00:00,20.22,0,0.38807753944305323,0
HPG,2025-03-26 07:00:00,20.48,0,0.4347701571825128,1
HPG,2025-03-27 07:00:00,20.44,0,0.38207235219893354,0
HPG,2025-03-28 07:00:00,20.18,0,0.37192294338364595,0
HPG,2025-03-31 07:00:00,19.88,0,0.37671053110688946,0
HPG,2025-04-01 07:00:00,20.07,0,0.3729049310635925,0
HPG,2025-04-02 07:00:00,20.26,0,0.40288372918268706,0
HPG,2025-04-03 07:00:00,18.84,0,0.47513491093657545,1
HPG,2025-04-04 07:00:00,18.28,0,0.5068737106854404,1
HPG,2025-04-08 07:00:00,17.02,1,0.6225575810748185,1
HPG,2025-04-09 07:00:00,15.83,1,0.6629397817390879,1
HPG,2025-04-10 07:00:00,16.91,1,0.6542054870480903,1
HPG,2025-04-11 07:00:00,18.06,1,0.5902727044704005,1
HPG,2025-04-14 07:00:00,18.84,0,0.5859929102340972,1
HPG,2025-04-15 07:00:00,19.21,0,0.6048667671463849,1
HPG,2025-04-16 07:00:00,18.95,0,0.5999964311132002,1
HPG,2025-04-17 07:00:00,18.95,0,0.5892624753220858,1
HPG,2025-04-18 07:00:00,18.92,0,0.603179550213294,1
HPG,2025-04-21 07:00:00,18.55,1,0.6055754602573018,1
HPG,2025-04-22 07:00:00,18.62,1,0.5899229628013573,1
HPG,2025-04-23 07:00:00,18.99,0,0.584388138236685,1
HPG,2025-04-24 07:00:00,19.03,0,0.5844740686795542,1
HPG,2025-04-25 07:00:00,19.1,0,0.5527885629220773,1
HPG,2025-04-28 07:00:00,19.07,0,0.5127097414346713,1
HPG,2025-04-29 07:00:00,18.95,0,0.5202360060529438,1
HPG,2025-05-05 07:00:00,19.1,0,0.5133740749000592,1
HPG,2025-05-06 07:00:00,18.92,0,0.5165372002952542,1
HPG,2025-05-07 07:00:00,18.88,0,0.49446652427561716,1
HPG,2025-05-08 07:00:00,19.1,0,0.4966821270587869,1
HPG,2025-05-09 07:00:00,19.07,1,0.4701508931421886,1
HPG,2025-05-12 07:00:00,18.88,1,0.4551235681166708,1
HPG,2025-05-13 07:00:00,19.18,0,0.45703166403263706,1
HPG,2025-05-14 07:00:00,19.44,0,0.4548119571759246,1
HPG,2025-05-15 07:00:00,19.44,0,0.39217127189781087,0
HPG,2025-05-16 07:00:00,19.18,0,0.3784696601008962,0
HPG,2025-05-19 07:00:00,19.07,0,0.3674686784006127,0
HPG,2025-05-20 07:00:00,19.07,0,0.36399197307164344,0
HPG,2025-05-21 07:00:00,19.14,0,0.3812497825861639,0
HPG,2025-05-22 07:00:00,19.07,0,0.3632891512977292,0
HPG,2025-05-23 07:00:00,19.03,0,0.353931490183528,0
HPG,2025-05-26 07:00:00,18.99,0,0.3360758098079862,0
HPG,2025-05-27 07:00:00,18.99,0,0.3584662006899285,0
HPG,2025-05-28 07:00:00,19.03,0,0.3728118144969803,0
HPG,2025-05-29 07:00:00,18.99,1,0.34287701506246704,0
HPG,2025-05-30 07:00:00,19.14,0,0.4390931908847749,1
HPG,2025-06-02 07:00:00,18.99,0,0.3503205918225165,0
HPG,2025-06-03 07:00:00,19.32,0,0.41211455646028106,1
HPG,2025-06-04 07:00:00,19.29,0,0.3839393872137425,0
HPG,2025-06-05 07:00:00,19.14,1,0.3707542411354841,0
HPG,2025-06-06 07:00:00,19.36,0,0.4027854685541063,0
HPG,2025-06-09 07:00:00,19.55,1,0.4118483097898599,1
HPG,2025-06-10 07:00:00,19.47,0,0.3959858511104222,0
HPG,2025-06-11 07:00:00,19.4,1,0.38673476819763214,0
HPG,2025-06-12 07:00:00,19.92,0,0.4377636799507137,1
HPG,2025-06-13 07:00:00,19.62,1,0.3984530845722824,0
HPG,2025-06-16 07:00:00,19.88,0,0.417431460403138,1
HPG,2025-06-17 07:00:00,19.96,0,0.41613815489352834,1
HPG,2025-06-18 07:00:00,20.18,0,0.42012433976345676,1
HPG,2025-06-19 07:00:00,19.99,0,0.4063660712479213,1
HPG,2025-06-20 07:00:00,20.07,0,0.4148412656505688,1
HPG,2025-06-23 07:00:00,19.96,1,0.39493658207250176,0
HPG,2025-06-24 07:00:00,20.07,1,0.4049133308267723,1
HPG,2025-06-25 07:00:00,20.22,0,0.42543554683960694,1
HPG,2025-06-26 07:00:00,20.35,0,0.42258484607106606,1
HPG,2025-06-27 07:00:00,20.4,0,0.4136304947162345,1
HPG,2025-06-30 07:00:00,20.26,1,0.38884464714354083,0
HPG,2025-07-01 07:00:00,20.22,1,0.3851397826308487,0
HPG,2025-07-02 07:00:00,20.44,1,0.41150511157412695,1
HPG,2025-07-03 07:00:00,20.62,1,0.4207878257283439,1
HPG,2025-07-04 07:00:00,20.75,1,0.4223280221560463,1
HPG,2025-07-07 07:00:00,21.06,1,0.44683386738608794,1
HPG,2025-07-08 07:00:00,22.05,1,0.5290437959733351,1
HPG,2025-07-09 07:00:00,22.09,1,0.43231155606992944,1
HPG,2025-07-10 07:00:00,22.45,0,0.4944635183419907,1
HPG,2025-07-11 07:00:00,23.21,0,0.503029413335499,1
HPG,2025-07-14 07:00:00,22.98,0,0.49965745500836006,1
HPG,2025-07-15 07:00:00,22.76,1,0.5015052545882471,1
HPG,2025-07-16 07:00:00,23.3,0,0.5149637621881502,1
HPG,2025-07-17 07:00:00,23.21,1,0.5281587343229894,1
HPG,2025-07-18 07:00:00,23.12,1,0.5242239378615124,1
HPG,2025-07-21 07:00:00,23.39,0,0.5262388069497111,1
HPG,2025-07-22 07:00:00,23.61,0,0.4927656953512562,1
HPG,2025-07-23 07:00:00,23.56,0,0.4846645316149344,1
HPG,2025-07-24 07:00:00,23.21,0,0.5075820907537857,1
HPG,2025-07-25 07:00:00,23.25,0,0.4966770373970554,1
HPG,2025-07-28 07:00:00,23.52,0,0.497623301427065,1
HPG,2025-07-29 07:00:00,22.63,0,0.5257391416271167,1
HPG,2025-07-30 07:00:00,22.67,0,0.5085794366216245,1
HPG,2025-07-31 07:00:00,22.27,1,0.5165355274208048,1
HPG,2025-08-01 07:00:00,22.45,1,0.4977742519364391,1
HPG,2025-08-04 07:00:00,22.58,1,0.4977361887483803,1
HPG,2025-08-05 07:00:00,23.56,1,0.5343666104386858,1
HPG,2025-08-06 07:00:00,24.19,1,0.5354281409811931,1
HPG,2025-08-07 07:00:00,25.44,0,0.6136218860205261,1
HPG,2025-08-08 07:00:00,24.99,0,0.5671589005129538,1
HPG,2025-08-11 07:00:00,25.13,0,0.5686442418693536,1
HPG,2025-08-12 07:00:00,25.44,0,0.5581547323478298,1
HPG,2025-08-13 07:00:00,25.08,0,0.5500284421966217,1
HPG,2025-08-14 07:00:00,25.17,0,0.5466928875653102,1
HPG,2025-08-15 07:00:00,24.99,0,0.5496708937741436,1
HPG,2025-08-18 07:00:00,25.35,0,0.5480970615091698,1
HPG,2025-08-19 07:00:00,25.13,0,0.5334270873545394,1
HPG,2025-08-20 07:00:00,24.46,0,0.5391927874312855,1
HPG,2025-08-21 07:00:00,24.46,0,0.5124004003053843,1
HPG,2025-08-22 07:00:00,23.21,1,0.5677297368495677,1
HPG,2025-08-25 07:00:00,23.16,1,0.550923008904536,1
HPG,2025-08-26 07:00:00,24.28,0,0.5328542574616101,1
HPG,2025-08-27 07:00:00,23.88,1,0.5433935970089221,1
HPG,2025-08-28 07:00:00,24.19,1,0.5406433333391147,1
HPG,2025-08-29 07:00:00,24.55,1,0.5424596534939629,1
HPG,2025-09-03 07:00:00,25.13,1,0.5453384067369372,1
HPG,2025-09-04 07:00:00,26.64,0,0.6131880486024827,1
HPG,2025-09-05 07:00:00,25.71,0,0.574132355392208,1
HPG,2025-09-08 07:00:00,25.8,0,0.5613401930937387,1
HPG,2025-09-09 07:00:00,25.75,1,0.5570839610540873,1
HPG,2025-09-10 07:00:00,25.75,1,0.557000036711973,1
HPG,2025-09-11 07:00:00,26.02,1,0.549166070417784,1
HPG,2025-09-12 07:00:00,26.78,0,0.5437404344495841,1
HPG,2025-09-15 07:00:00,27.09,0,0.538795414502126,1
HPG,2025-09-16 07:00:00,26.73,0,0.5513453064414939,1
HPG,2025-09-17 07:00:00,26.06,0,0.5593914519993693,1
HPG,2025-09-18 07:00:00,26.02,0,0.5310407868765074,1
HPG,2025-09-19 07:00:00,26.11,0,0.5164705720210803,1
HPG,2025-09-22 07:00:00,25.35,0,0.5374098568639025,1
HPG,2025-09-23 07:00:00,25.57,0,0.5002384204151359,1
HPG,2025-09-24 07:00:00,25.93,0,0.5066954943057571,1
HPG,2025-09-25 07:00:00,25.71,0,0.5095249281473482,1
HPG,2025-09-26 07:00:00,25.48,0,0.49293634478139897,1
HPG,2025-09-29 07:00:00,25.53,0,0.4905026192920405,1
HPG,2025-09-30 07:00:00,25.13,0,0.49171130178413264,1
HPG,2025-10-01 07:00:00,25.26,1,0.4892239570071512,1
HPG,2025-10-02 07:00:00,25.08,1,0.4836894446272394,1
HPG,2025-10-03 07:00:00,24.68,1,0.48369919209252804,1
HPG,2025-10-06 07:00:00,26.06,0,0.5105976179612022,1
HPG,2025-10-07 07:00:00,25.88,1,0.5105707766365741,1
HPG,2025-10-08 07:00:00,26.06,0,0.5125208645623911,1
HPG,2025-10-09 07:00:00,25.84,0,0.5122291982991514,1
HPG,2025-10-10 07:00:00,26.42,0,0.5079405000306505,1
HPG,2025-10-13 07:00:00,25.88,0,0.523393829871732,1
HPG,2025-10-14 07:00:00,25.3,0,0.5232346371363161,1
HPG,2025-10-15 07:00:00,25.22,0,0.5195039475850668,1
HPG,2025-10-16 07:00:00,25.22,0,0.522274416078763,1
HPG,2025-10-17 07:00:00,24.99,0,0.5209236136576942,1
HPG,2025-10-20 07:00:00,23.25,1,0.5594304444031711,1
HPG,2025-10-21 07:00:00,23.92,0,0.5365666633542118,1
HPG,2025-10-22 07:00:00,23.83,0,0.5405903559960713,1
HPG,2025-10-23 07:00:00,23.65,0,0.5527249875356208,1
HPG,2025-10-24 07:00:00,23.56,1,0.5462177180870839,1
HPG,2025-10-27 07:00:00,23.43,1,0.5438098955576315,1
HPG,2025-10-28 07:00:00,23.92,0,0.5300679304264765,1
HPG,2025-10-29 07:00:00,24.32,0,0.5347690830824817,1
HPG,2025-10-30 07:00:00,24.01,0,0.5457852525038844,1
HPG,2025-10-31 07:00:00,23.83,0,0.547514633887734,1
HPG,2025-11-03 07:00:00,23.25,0,0.509083143828295,1
HPG,2025-11-04 07:00:00,23.88,0,0.49651887194493677,1
HPG,2025-11-05 07:00:00,23.48,0,0.5061655806032147,1
HPG,2025-11-06 07:00:00,23.3,1,0.5058059144728124,1
HPG,2025-11-07 07:00:00,23.25,1,0.49295995527501985,1
HPG,2025-11-10 07:00:00,23.61,0,0.4942817180631877,1
HPG,2025-11-11 07:00:00,23.74,0,0.4830960161796971,1
HPG,2025-11-12 07:00:00,24.1,0,0.48215322344253775,1
HPG,2025-11-13 07:00:00,23.7,1,0.4778233218316026,1
HPG,2025-11-14 07:00:00,24.01,1,0.4798945566713061,1
HPG,2025-11-17 07:00:00,24.37,0,0.4555309776609428,1
HPG,2025-11-18 07:00:00,24.55,0,0.44983986023929645,1
HPG,2025-11-19 07:00:00,24.64,0,0.45085037160589825,1
HPG,2025-11-20 07:00:00,24.32,0,0.4531673431725794,1
HPG,2025-11-21 07:00:00,24.46,0,0.45478949459083284,1
HPG,2025-11-24 07:00:00,24.19,0,0.44669322509546694,1
HPG,2025-11-25 07:00:00,24.01,0,0.44819897168582995,1
HPG,2025-11-26 07:00:00,24.19,0,0.4538141744557658,1
HPG,2025-11-27 07:00:00,24.01,0,0.4350471171378259,1
HPG,2025-11-28 07:00:00,23.7,0,0.4329944417032767,1
HPG,2025-12-01 07:00:00,23.65,1,0.41844959132973314,1
HPG,2025-12-02 07:00:00,23.65,1,0.3850128514346445,0
HPG,2025-12-03 07:00:00,23.92,0,0.409223228230694,1
HPG,2025-12-04 07:00:00,24.37,0,0.4267449113791775,1
HPG,2025-12-05 07:00:00,24.1,0,0.4022328989789589,0
HPG,2025-12-08 07:00:00,23.88,0,0.3894214490890377,0
HPG,2025-12-09 07:00:00,23.56,0,0.3964743306368578,0
HPG,2025-12-10 07:00:00,23.79,0,0.39919462517750764,0
HPG,2025-12-11 07:00:00,23.7,0,0.3816448406387287,0
HPG,2025-12-12 07:00:00,23.21,1,0.3797447930405835,0
HPG,2025-12-15 07:00:00,23.43,0,0.38670251095194047,0
HPG,2025-12-16 07:00:00,23.83,0,0.39851144623187235,0
HPG,2025-12-17 07:00:00,23.56,1,0.3862863035543081,0
HPG,2025-12-18 07:00:00,23.56,0,0.38415945148289093,0
HPG,2025-12-19 07:00:00,23.83,0,0.41312157269899,1
HPG,2025-12-22 07:00:00,24.01,0,0.4355632178642531,1
HPG,2025-12-23 07:00:00,23.88,0,0.3970439318832611,0
HPG,2025-12-24 07:00:00,23.7,0,0.3744734007452437,0
HPG,2025-12-25 07:00:00,23.43,0,0.37316203240230633,0
HPG,2025-12-26 07:00:00,24.01,0,0.47720147510467587,1
HPG,2025-12-29 07:00:00,23.83,0,0.43354012480180326,1
HPG,2025-12-30 07:00:00,23.65,0,0.42770591522512386,1
HPG,2025-12-31 07:00:00,23.56,0,0.390478025964853,0
LPB,2025-01-15 07:00:00,27.29,1,0.4798271896840205,1
LPB,2025-01-16 07:00:00,27.68,0,0.4746296395669715,1
LPB,2025-01-17 07:00:00,28.08,1,0.45556115608482706,1
LPB,2025-01-20 07:00:00,27.86,1,0.4495701599295948,1
LPB,2025-01-21 07:00:00,28.04,1,0.45023794259251215,1
LPB,2025-01-22 07:00:00,29.4,1,0.5044169834072304,1
LPB,2025-01-23 07:00:00,31.07,0,0.6189000087988032,1
LPB,2025-01-24 07:00:00,31.56,0,0.5990788230431371,1
LPB,2025-02-03 07:00:00,30.9,1,0.5625767168934178,1
LPB,2025-02-04 07:00:00,30.9,1,0.5694569847042725,1
LPB,2025-02-05 07:00:00,31.6,1,0.5705166279320982,1
LPB,2025-02-06 07:00:00,32.13,0,0.5634633422626925,1
LPB,2025-02-07 07:00:00,32.13,1,0.5738693979032288,1
LPB,2025-02-10 07:00:00,32.17,1,0.587692489274544,1
LPB,2025-02-11 07:00:00,32.57,0,0.5839426697180683,1
LPB,2025-02-12 07:00:00,32.88,0,0.5706368267603148,1
LPB,2025-02-13 07:00:00,33.18,0,0.5284039290992808,1
LPB,2025-02-14 07:00:00,33.01,0,0.5293189293517103,1
LPB,2025-02-17 07:00:00,32.79,0,0.505665348976325,1
LPB,2025-02-18 07:00:00,32.22,0,0.5282370154683552,1
LPB,2025-02-19 07:00:00,32.3,0,0.5052829394844688,1
LPB,2025-02-20 07:00:00,31.95,1,0.5081766938793656,1
LPB,2025-02-21 07:00:00,32.04,0,0.4860209388140266,1
LPB,2025-02-24 07:00:00,32.39,0,0.4845620498155236,1
LPB,2025-02-25 07:00:00,32.44,0,0.4671353180069409,1
LPB,2025-02-26 07:00:00,32.48,0,0.4572012623060606,1
LPB,2025-02-27 07:00:00,32.35,0,0.4417931031553245,1
LPB,2025-02-28 07:00:00,31.82,0,0.4704009485629097,1
LPB,2025-03-03 07:00:00,31.6,0,0.4674034014951646,1
LPB,2025-03-04 07:00:00,31.25,0,0.47070098773243824,1
LPB,2025-03-05 07:00:00,31.51,0,0.42937319427548093,1
LPB,2025-03-06 07:00:00,31.29,0,0.4042063071417869,1
LPB,2025-03-07 07:00:00,31.16,0,0.4061412510930754,1
LPB,2025-03-10 07:00:00,30.63,0,0.4322577779752096,1
LPB,2025-03-11 07:00:00,30.5,0,0.41680971750155316,1
LPB,2025-03-12 07:00:00,31.07,0,0.42537613193352114,1
LPB,2025-03-13 07:00:00,31.07,0,0.42615286478555026,1
LPB,2025-03-14 07:00:00,30.76,1,0.43045036971792844,1
LPB,2025-03-17 07:00:00,30.54,1,0.43266766300866294,1
LPB,2025-03-18 07:00:00,31.16,0,0.4614232081156872,1
LPB,2025-03-19 07:00:00,31.64,0,0.47435526599645206,1
LPB,2025-03-20 07:00:00,31.29,0,0.45965079086214405,1
LPB,2025-03-21 07:00:00,30.63,0,0.464789455386615,1
LPB,2025-03-24 07:00:00,30.06,0,0.47267498081507175,1
LPB,2025-03-25 07:00:00,29.93,0,0.46798351756653755,1
LPB,2025-03-26 07:00:00,29.44,0,0.4802937509620341,1
LPB,2025-03-27 07:00:00,29.05,0,0.49208762769097464,1
LPB,2025-03-28 07:00:00,29.44,0,0.4905621146917621,1
LPB,2025-03-31 07:00:00,29.27,0,0.4902920564152896,1
LPB,2025-04-01 07:00:00,29.4,0,0.47071257845655545,1
LPB,2025-04-02 07:00:00,29.14,0,0.4804024387024792,1
LPB,2025-04-03 07:00:00,27.11,1,0.5025758307032792,1
LPB,2025-04-04 07:00:00,29.0,1,0.5652703855206294,1
LPB,2025-04-08 07:00:00,27.46,1,0.5805729496536585,1
LPB,2025-04-09 07:00:00,27.73,1,0.5793608778439525,1
LPB,2025-04-10 07:00:00,29.66,0,0.6050560081571641,1
LPB,2025-04-11 07:00:00,30.1,0,0.6061627244223904,1
LPB,2025-04-14 07:00:00,29.8,0,0.6024921924322462,1
LPB,2025-04-15 07:00:00,29.18,1,0.6135394727641519,1
LPB,2025-04-16 07:00:00,28.74,0,0.6167103965127976,1
LPB,2025-04-17 07:00:00,29.58,0,0.6104644684913564,1
LPB,2025-04-18 07:00:00,29.84,0,0.6060012663547917,1
LPB,2025-04-21 07:00:00,29.09,0,0.6044370373835791,1
LPB,2025-04-22 07:00:00,29.27,0,0.5887829464591511,1
LPB,2025-04-23 07:00:00,29.31,0,0.5849024020801663,1
LPB,2025-04-24 07:00:00,29.05,0,0.5484347255305232,1
LPB,2025-04-25 07:00:00,28.43,0,0.5248542576177816,1
LPB,2025-04-28 07:00:00,28.87,0,0.5390883156489595,1
LPB,2025-04-29 07:00:00,28.65,0,0.5146621538003917,1
LPB,2025-05-05 07:00:00,28.3,1,0.5249897733484857,1
LPB,2025-05-06 07:00:00,27.95,1,0.5262789800143318,1
LPB,2025-05-07 07:00:00,28.34,1,0.5171459876461555,1
LPB,2025-05-08 07:00:00,29.09,1,0.48708709567574193,1
LPB,2025-05-09 07:00:00,30.37,1,0.5250085210127434,1
LPB,2025-05-12 07:00:00,30.63,1,0.5180235875208065,1
LPB,2025-05-13 07:00:00,30.59,1,0.5028004711704637,1
LPB,2025-05-14 07:00:00,31.42,0,0.48128839107279797,1
LPB,2025-05-15 07:00:00,32.61,0,0.5042656732816896,1
LPB,2025-05-16 07:00:00,32.13,0,0.5052397191728667,1
LPB,2025-05-19 07:00:00,30.9,0,0.540648328912617,1
LPB,2025-05-20 07:00:00,31.14,0,0.5281156439407775,1
LPB,2025-05-21 07:00:00,30.76,0,0.5321353108376233,1
LPB,2025-05-22 07:00:00,30.14,0,0.5306223242298582,1
LPB,2025-05-23 07:00:00,30.19,0,0.5246616112410794,1
LPB,2025-05-26 07:00:00,30.71,0,0.5157029844597646,1
LPB,2025-05-27 07:00:00,30.43,0,0.5235771523620351,1
LPB,2025-05-28 07:00:00,30.19,0,0.5063016064426745,1
LPB,2025-05-29 07:00:00,30.24,0,0.48362058106973127,1
LPB,2025-05-30 07:00:00,30.05,0,0.48211247059712736,1
LPB,2025-06-02 07:00:00,30.24,0,0.48235021316633664,1
LPB,2025-06-03 07:00:00,30.24,0,0.4797625923671833,1
LPB,2025-06-04 07:00:00,30.0,0,0.47266440403628257,1
LPB,2025-06-05 07:00:00,30.05,0,0.45729869700958153,1
LPB,2025-06-06 07:00:00,29.48,0,0.4704170019204989,1
LPB,2025-06-09 07:00:00,29.53,0,0.4635877903502346,1
LPB,2025-06-10 07:00:00,29.72,0,0.452622818497748,1
LPB,2025-06-11 07:00:00,29.72,0,0.42198451310238044,1
LPB,2025-06-12 07:00:00,29.91,1,0.4551044070520421,1
LPB,2025-06-13 07:00:00,29.86,0,0.4127215688837348,1
LPB,2025-06-16 07:00:00,29.91,1,0.4056545267774507,1
LPB,2025-06-17 07:00:00,30.57,0,0.47607579775075537,1
LPB,2025-06-18 07:00:00,30.19,0,0.41654574303894565,1
LPB,2025-06-19 07:00:00,30.62,0,0.4283062388371503,1
LPB,2025-06-20 07:00:00,30.14,0,0.41222876792286206,1
LPB,2025-06-23 07:00:00,29.86,0,0.3946183990319902,0
LPB,2025-06-24 07:00:00,30.05,0,0.39466478774093694,0
LPB,2025-06-25 07:00:00,30.05,0,0.3992658141991954,0
LPB,2025-06-26 07:00:00,30.05,0,0.4029644725323665,0
LPB,2025-06-27 07:00:00,30.19,0,0.4084428746816385,1
LPB,2025-06-30 07:00:00,30.48,0,0.43266581446206925,1
LPB,2025-07-01 07:00:00,30.38,1,0.4067915866523127,1
LPB,2025-07-02 07:00:00,30.57,1,0.42919589353802573,1
LPB,2025-07-03 07:00:00,30.71,1,0.43963937509764434,1
LPB,2025-07-04 07:00:00,30.95,0,0.43942536454400577,1
LPB,2025-07-07 07:00:00,31.66,0,0.5494168646860399,1
LPB,2025-07-08 07:00:00,31.84,0,0.46385383537860275,1
LPB,2025-07-09 07:00:00,31.32,0,0.4175030480371069,1
LPB,2025-07-10 07:00:00,31.47,0,0.4279014570526383,1
LPB,2025-07-11 07:00:00,31.18,1,0.41223187922409876,1
LPB,2025-07-14 07:00:00,31.04,1,0.42314028017241057,1
LPB,2025-07-15 07:00:00,31.66,1,0.4656946189550953,1
LPB,2025-07-16 07:00:00,31.94,1,0.4416640049059088,1
LPB,2025-07-17 07:00:00,31.8,1,0.4124503872103769,1
LPB,2025-07-18 07:00:00,32.7,1,0.4586756643498627,1
LPB,2025-07-21 07:00:00,33.55,0,0.4536510332088571,1
LPB,2025-07-22 07:00:00,33.92,0,0.46071775591916364,1
LPB,2025-07-23 07:00:00,33.31,1,0.4672694282609349,1
LPB,2025-07-24 07:00:00,33.55,0,0.46832621432802785,1
LPB,2025-07-25 07:00:00,33.31,0,0.46445807966869346,1
LPB,2025-07-28 07:00:00,34.54,0,0.49234592079402306,1
LPB,2025-07-29 07:00:00,32.41,0,0.5319480105795195,1
LPB,2025-07-30 07:00:00,32.32,0,0.5251360468955364,1
LPB,2025-07-31 07:00:00,32.32,1,0.5323358897611183,1
LPB,2025-08-01 07:00:00,32.6,1,0.5258687373098152,1
LPB,2025-08-04 07:00:00,32.79,1,0.5274922047679433,1
LPB,2025-08-05 07:00:00,33.36,0,0.5364551325591843,1
LPB,2025-08-06 07:00:00,34.11,0,0.5287986633010557,1
LPB,2025-08-07 07:00:00,33.83,1,0.5356334710725498,1
LPB,2025-08-08 07:00:00,33.45,1,0.5366110310277122,1
LPB,2025-08-11 07:00:00,33.83,1,0.5292004092823062,1
LPB,2025-08-12 07:00:00,35.96,1,0.5520239893223321,1
LPB,2025-08-13 07:00:00,37.04,1,0.6201398251543389,1
LPB,2025-08-14 07:00:00,37.99,1,0.5761830969850485,1
LPB,2025-08-15 07:00:00,36.85,1,0.5758273906124086,1
LPB,2025-08-18 07:00:00,37.89,1,0.5738621756820533,1
LPB,2025-08-19 07:00:00,40.44,1,0.6240987838391446,1
LPB,2025-08-20 07:00:00,43.23,0,0.6387680594223023,1
LPB,2025-08-21 07:00:00,45.74,0,0.6149970076798439,1
LPB,2025-08-22 07:00:00,44.41,0,0.6007680627208996,1
LPB,2025-08-25 07:00:00,42.52,0,0.6444762489657647,1
LPB,2025-08-26 07:00:00,43.0,0,0.6228890191704259,1
LPB,2025-08-27 07:00:00,41.39,1,0.6444006511169017,1
LPB,2025-08-28 07:00:00,42.38,1,0.6172563477623784,1
LPB,2025-08-29 07:00:00,42.52,0,0.6037188256263537,1
LPB,2025-09-03 07:00:00,42.24,0,0.6286226306888127,1
LPB,2025-09-04 07:00:00,43.14,0,0.616052007415586,1
LPB,2025-09-05 07:00:00,42.0,0,0.6221443220786292,1
LPB,2025-09-08 07:00:00,40.44,1,0.5917252908193725,1
LPB,2025-09-09 07:00:00,39.97,1,0.5932854464726793,1
LPB,2025-09-10 07:00:00,39.64,1,0.5812944316997399,1
LPB,2025-09-11 07:00:00,41.58,1,0.5752571807380954,1
LPB,2025-09-12 07:00:00,41.67,1,0.5857826599789232,1
LPB,2025-09-15 07:00:00,42.1,1,0.5993820336753837,1
LPB,2025-09-16 07:00:00,42.43,1,0.5854475986055344,1
LPB,2025-09-17 07:00:00,42.81,1,0.5824452337955025,1
LPB,2025-09-18 07:00:00,42.9,1,0.5763302906527988,1
LPB,2025-09-19 07:00:00,43.94,1,0.561790265825771,1
LPB,2025-09-22 07:00:00,43.94,1,0.5341260233723423,1
LPB,2025-09-23 07:00:00,43.99,1,0.5233568904967414,1
LPB,2025-09-24 07:00:00,44.84,0,0.5226927258753475,1
LPB,2025-09-25 07:00:00,45.31,1,0.5016706536679486,1
LPB,2025-09-26 07:00:00,45.4,1,0.4774289973206591,1
LPB,2025-09-29 07:00:00,45.17,1,0.48485070077976417,1
LPB,2025-09-30 07:00:00,46.78,1,0.5100728281610007,1
LPB,2025-10-01 07:00:00,48.19,1,0.5275340909681281,1
LPB,2025-10-02 07:00:00,48.76,1,0.5303442210493265,1
LPB,2025-10-03 07:00:00,49.61,0,0.5345541590804758,1
LPB,2025-10-06 07:00:00,48.95,0,0.5591367913580304,1
LPB,2025-10-07 07:00:00,49.7,0,0.5654640370778349,1
LPB,2025-10-08 07:00:00,49.14,0,0.5572290807228732,1
LPB,2025-10-09 07:00:00,48.38,0,0.5675828489436018,1
LPB,2025-10-10 07:00:00,48.76,0,0.5607540017454286,1
LPB,2025-10-13 07:00:00,49.61,0,0.5584642671381805,1
LPB,2025-10-14 07:00:00,48.66,0,0.5410249239317398,1
LPB,2025-10-15 07:00:00,48.76,0,0.5231276780927129,1
LPB,2025-10-16 07:00:00,48.48,0,0.5192132423622415,1
LPB,2025-10-17 07:00:00,46.78,0,0.5269682158078921,1
LPB,2025-10-20 07:00:00,44.88,1,0.595752882202371,1
LPB,2025-10-21 07:00:00,46.3,1,0.5373865000759074,1
LPB,2025-10-22 07:00:00,47.15,1,0.5341031651673398,1
LPB,2025-10-23 07:00:00,48.48,1,0.5396148401262614,1
LPB,2025-10-24 07:00:00,49.33,1,0.5545637452445724,1
LPB,2025-10-27 07:00:00,49.04,0,0.5530910535695444,1
LPB,2025-10-28 07:00:00,49.89,0,0.5484397221658961,1
LPB,2025-10-29 07:00:00,50.93,0,0.5402852342558653,1
LPB,2025-10-30 07:00:00,49.14,0,0.5578326922023302,1
LPB,2025-10-31 07:00:00,47.91,1,0.5554075347846211,1
LPB,2025-11-03 07:00:00,47.91,1,0.5454223182636838,1
LPB,2025-11-04 07:00:00,48.85,0,0.5278222253282637,1
LPB,2025-11-05 07:00:00,48.66,0,0.5277872397702027,1
LPB,2025-11-06 07:00:00,48.66,0,0.5243867781368771,1
LPB,2025-11-07 07:00:00,46.59,0,0.551160969410799,1
LPB,2025-11-10 07:00:00,45.64,0,0.580737581117785,1
LPB,2025-11-11 07:00:00,44.88,1,0.5814280747513624,1
LPB,2025-11-12 07:00:00,45.97,1,0.5497754620607079,1
LPB,2025-11-13 07:00:00,46.21,0,0.5380173227395826,1
LPB,2025-11-14 07:00:00,47.15,0,0.5369087242270535,1
LPB,2025-11-17 07:00:00,47.44,0,0.5374906122026009,1
LPB,2025-11-18 07:00:00,46.82,0,0.5355072978739555,1
LPB,2025-11-19 07:00:00,46.78,0,0.5294387430450738,1
LPB,2025-11-20 07:00:00,46.59,0,0.5191320369587297,1
LPB,2025-11-21 07:00:00,45.88,1,0.5019777340045393,1
LPB,2025-11-24 07:00:00,45.88,1,0.4944287322871021,1
LPB,2025-11-25 07:00:00,46.3,0,0.4968263616253851,1
LPB,2025-11-26 07:00:00,46.87,0,0.49684302406994413,1
LPB,2025-11-27 07:00:00,46.59,0,0.4823717957823025,1
LPB,2025-11-28 07:00:00,45.92,0,0.4842994328403142,1
LPB,2025-12-01 07:00:00,45.26,1,0.4949014211790681,1
LPB,2025-12-02 07:00:00,44.88,0,0.5055637498423765,1
LPB,2025-12-03 07:00:00,45.92,0,0.47809784133764033,1
LPB,2025-12-04 07:00:00,46.78,0,0.47783755302426906,1
LPB,2025-12-05 07:00:00,45.45,0,0.4773465687673662,1
LPB,2025-12-08 07:00:00,43.75,0,0.47179132580691796,1
LPB,2025-12-09 07:00:00,41.58,0,0.4721681811207025,1
LPB,2025-12-10 07:00:00,41.77,0,0.5232872826214016,1
LPB,2025-12-11 07:00:00,42.05,0,0.5151998975470199,1
LPB,2025-12-12 07:00:00,41.77,0,0.5282420420656565,1
LPB,2025-12-15 07:00:00,40.44,1,0.5821064003617448,1
LPB,2025-12-16 07:00:00,42.0,0,0.5401266971810842,1
LPB,2025-12-17 07:00:00,41.58,0,0.5653305766595842,1
LPB,2025-12-18 07:00:00,41.39,0,0.5542380551521238,1
LPB,2025-12-19 07:00:00,41.1,0,0.5498048797787781,1
LPB,2025-12-22 07:00:00,41.58,0,0.5377835438171434,1
LPB,2025-12-23 07:00:00,39.5,0,0.533219053080424,1
LPB,2025-12-24 07:00:00,40.44,0,0.5439564963328793,1
LPB,2025-12-25 07:00:00,39.69,0,0.5459433661421716,1
LPB,2025-12-26 07:00:00,39.22,0,0.5454462931752571,1
LPB,2025-12-29 07:00:00,39.5,0,0.5480372987897868,1
LPB,2025-12-30 07:00:00,39.59,0,0.5308998346786192,1
LPB,2025-12-31 07:00:00,39.5,0,0.5111851655904464,1
MBB,2025-01-15 07:00:00,12.82,1,0.4304330993145055,1
MBB,2025-01-16 07:00:00,12.86,1,0.4361898038246206,1
MBB,2025-01-17 07:00:00,12.92,0,0.4411961062855839,1
MBB,2025-01-20 07:00:00,13.13,1,0.4452727357895309,1
MBB,2025-01-21 07:00:00,13.13,1,0.42000668262636587,1
MBB,2025-01-22 07:00:00,13.1,0,0.41931038254381126,1
MBB,2025-01-23 07:00:00,13.34,0,0.4568865385825934,1
MBB,2025-01-24 07:00:00,13.46,0,0.45516636870239036,1
MBB,2025-02-03 07:00:00,13.25,1,0.4118749156895474,1
MBB,2025-02-04 07:00:00,13.49,0,0.43857432754350506,1
MBB,2025-02-05 07:00:00,13.52,1,0.43075702094649176,1
MBB,2025-02-06 07:00:00,13.58,1,0.4314727956346677,1
MBB,2025-02-07 07:00:00,13.67,0,0.434634015375358,1
MBB,2025-02-10 07:00:00,13.76,0,0.4680751990625139,1
MBB,2025-02-11 07:00:00,13.82,0,0.41616334262344773,1
MBB,2025-02-12 07:00:00,13.64,0,0.41015488822820295,1
MBB,2025-02-13 07:00:00,13.76,0,0.4325779485996347,1
MBB,2025-02-14 07:00:00,13.73,0,0.39879377997902116,0
MBB,2025-02-17 07:00:00,13.61,0,0.40025620191693034,0
MBB,2025-02-18 07:00:00,13.64,0,0.41143260940415366,1
MBB,2025-02-19 07:00:00,13.73,0,0.4248677812858602,1
MBB,2025-02-20 07:00:00,13.73,1,0.40612879524327933,1
MBB,2025-02-21 07:00:00,13.76,0,0.43860602519409947,1
MBB,2025-02-24 07:00:00,13.82,0,0.41704191260047374,1
MBB,2025-02-25 07:00:00,14.06,0,0.5038442311410902,1
MBB,2025-02-26 07:00:00,13.94,0,0.39419608086855673,0
MBB,2025-02-27 07:00:00,13.94,0,0.39926178806619805,0
MBB,2025-02-28 07:00:00,13.82,1,0.3960580364916719,0
MBB,2025-03-03 07:00:00,13.88,1,0.41245019546016953,1
MBB,2025-03-04 07:00:00,14.06,1,0.4409048639123238,1
MBB,2025-03-05 07:00:00,14.15,1,0.4714749869294754,1
MBB,2025-03-06 07:00:00,14.48,1,0.47859891686202766,1
MBB,2025-03-07 07:00:00,14.72,0,0.5177702062754471,1
MBB,2025-03-10 07:00:00,14.72,0,0.4208654900719967,1
MBB,2025-03-11 07:00:00,14.9,0,0.43489993269846405,1
MBB,2025-03-12 07:00:00,14.78,0,0.4152595602083517,1
MBB,2025-03-13 07:00:00,14.6,0,0.4175485657590975,1
MBB,2025-03-14 07:00:00,14.6,0,0.41952605896128453,1
MBB,2025-03-17 07:00:00,14.6,0,0.4131124527396901,1
MBB,2025-03-18 07:00:00,14.36,1,0.460012623311114,1
MBB,2025-03-19 07:00:00,14.33,1,0.45419970767434514,1
MBB,2025-03-20 07:00:00,14.57,0,0.4523997782913051,1
MBB,2025-03-21 07:00:00,14.6,0,0.45576300693708593,1
MBB,2025-03-24 07:00:00,14.66,0,0.44999860060038094,1
MBB,2025-03-25 07:00:00,14.54,0,0.4391035711952229,1
MBB,2025-03-26 07:00:00,14.42,0,0.43359826803870777,1
MBB,2025-03-27 07:00:00,14.36,1,0.421417701493061,1
MBB,2025-03-28 07:00:00,14.36,1,0.4162922820405746,1
MBB,2025-03-31 07:00:00,14.48,0,0.4234649784038,1
MBB,2025-04-01 07:00:00,14.78,0,0.437638723760453,1
MBB,2025-04-02 07:00:00,14.63,0,0.4111774266259637,1
MBB,2025-04-03 07:00:00,13.61,0,0.47665355398196485,1
MBB,2025-04-04 07:00:00,13.49,0,0.5114554497085194,1
MBB,2025-04-08 07:00:00,12.56,1,0.5797381726815539,1
MBB,2025-04-09 07:00:00,12.4,1,0.6291748276413168,1
MBB,2025-04-10 07:00:00,13.25,1,0.5827915809353952,1
MBB,2025-04-11 07:00:00,14.09,0,0.6085139293255728,1
MBB,2025-04-14 07:00:00,14.09,0,0.6018382357802515,1
MBB,2025-04-15 07:00:00,13.82,0,0.5958045917147053,1
MBB,2025-04-16 07:00:00,13.76,0,0.5904038337349999,1
MBB,2025-04-17 07:00:00,13.82,0,0.5860013510970282,1
MBB,2025-04-18 07:00:00,13.97,0,0.5792830195115533,1
MBB,2025-04-21 07:00:00,13.79,0,0.5877312540805169,1
MBB,2025-04-22 07:00:00,13.88,1,0.5739494868497017,1
MBB,2025-04-23 07:00:00,14.06,0,0.5758731604186681,1
MBB,2025-04-24 07:00:00,13.97,0,0.5745856397681849,1
MBB,2025-04-25 07:00:00,14.15,0,0.5249577313227389,1
MBB,2025-04-28 07:00:00,14.24,0,0.5212477923165297,1
MBB,2025-04-29 07:00:00,14.15,0,0.49920997690530866,1
MBB,2025-05-05 07:00:00,14.15,0,0.5066669944763177,1
MBB,2025-05-06 07:00:00,14.15,0,0.4806840149193901,1
MBB,2025-05-07 07:00:00,13.97,1,0.47356352631171167,1
MBB,2025-05-08 07:00:00,14.15,1,0.47096691518463446,1
MBB,2025-05-09 07:00:00,14.12,1,0.44807033554871933,1
MBB,2025-05-12 07:00:00,14.3,1,0.45242319590525254,1
MBB,2025-05-13 07:00:00,14.72,0,0.4630915459139601,1
MBB,2025-05-14 07:00:00,14.72,0,0.4404643518188415,1
MBB,2025-05-15 07:00:00,15.05,0,0.5128999899655164,1
MBB,2025-05-16 07:00:00,14.81,1,0.4051176308822862,1
MBB,2025-05-19 07:00:00,14.78,0,0.40549982961486586,1
MBB,2025-05-20 07:00:00,14.93,0,0.41799085766258787,1
MBB,2025-05-21 07:00:00,15.05,0,0.44242661252986265,1
MBB,2025-05-22 07:00:00,14.81,0,0.44966541719301945,1
MBB,2025-05-23 07:00:00,14.81,0,0.4426850496528686,1
MBB,2025-05-26 07:00:00,14.9,0,0.4658137556234039,1
MBB,2025-05-27 07:00:00,14.87,0,0.45656643247169965,1
MBB,2025-05-28 07:00:00,14.78,0,0.4589780127436154,1
MBB,2025-05-29 07:00:00,14.72,0,0.4561289548971465,1
MBB,2025-05-30 07:00:00,14.63,0,0.4575391098236358,1
MBB,2025-06-02 07:00:00,14.78,0,0.45574633449057367,1
MBB,2025-06-03 07:00:00,14.84,0,0.45511634308891913,1
MBB,2025-06-04 07:00:00,14.75,0,0.442218472742575,1
MBB,2025-06-05 07:00:00,14.66,0,0.4214348596162079,1
MBB,2025-06-06 07:00:00,14.51,0,0.430690381705877,1
MBB,2025-06-09 07:00:00,14.57,1,0.4149715247368886,1
MBB,2025-06-10 07:00:00,14.54,1,0.3595797049626323,0
MBB,2025-06-11 07:00:00,14.57,1,0.38903235352346105,0
MBB,2025-06-12 07:00:00,14.84,0,0.4248871786602841,1
MBB,2025-06-13 07:00:00,14.93,0,0.49133421831818186,1
MBB,2025-06-16 07:00:00,15.08,0,0.4395202940607843,1
MBB,2025-06-17 07:00:00,15.02,1,0.3966487550323071,0
MBB,2025-06-18 07:00:00,15.05,1,0.4139061202066751,1
MBB,2025-06-19 07:00:00,15.08,1,0.41047973142603006,1
MBB,2025-06-20 07:00:00,15.5,0,0.506426437301671,1
MBB,2025-06-23 07:00:00,15.56,0,0.44239885308519056,1
MBB,2025-06-24 07:00:00,15.56,0,0.4066588140224243,1
MBB,2025-06-25 07:00:00,15.38,0,0.3917778186611761,0
MBB,2025-06-26 07:00:00,15.56,0,0.412967156665631,1
MBB,2025-06-27 07:00:00,15.44,0,0.3891343344232387,0
MBB,2025-06-30 07:00:00,15.5,0,0.4028936564179305,0
MBB,2025-07-01 07:00:00,15.62,0,0.41470373884639117,1
MBB,2025-07-02 07:00:00,15.65,0,0.41020898469971756,1
MBB,2025-07-03 07:00:00,15.59,1,0.3988560111579935,0
MBB,2025-07-04 07:00:00,15.62,1,0.4039783332239344,1
MBB,2025-07-07 07:00:00,15.86,0,0.4198667684642189,1
MBB,2025-07-08 07:00:00,15.86,0,0.3944742226308924,0
MBB,2025-07-09 07:00:00,15.98,0,0.41698246831256436,1
MBB,2025-07-10 07:00:00,15.89,0,0.39356202005951846,0
MBB,2025-07-11 07:00:00,16.04,0,0.4246057806695863,1
MBB,2025-07-14 07:00:00,16.1,0,0.42683606627295667,1
MBB,2025-07-15 07:00:00,15.98,1,0.38855657403085536,0
MBB,2025-07-16 07:00:00,16.04,0,0.41033145341448224,1
MBB,2025-07-17 07:00:00,16.07,0,0.41541732990807856,1
MBB,2025-07-18 07:00:00,16.34,0,0.4370960774328312,1
MBB,2025-07-21 07:00:00,16.19,1,0.3908792984053083,0
MBB,2025-07-22 07:00:00,16.31,1,0.4108354339117724,1
MBB,2025-07-23 07:00:00,16.46,1,0.42605233904997464,1
MBB,2025-07-24 07:00:00,17.06,0,0.4885317007612011,1
MBB,2025-07-25 07:00:00,17.09,0,0.4244217476432472,1
MBB,2025-07-28 07:00:00,17.27,0,0.4297530904937298,1
MBB,2025-07-29 07:00:00,16.13,0,0.5314499379423945,1
MBB,2025-07-30 07:00:00,16.46,0,0.5262749906442487,1
MBB,2025-07-31 07:00:00,16.49,1,0.5356952166684912,1
MBB,2025-08-01 07:00:00,16.31,1,0.5293111783526524,1
MBB,2025-08-04 07:00:00,16.7,1,0.5273773841519348,1
MBB,2025-08-05 07:00:00,17.84,1,0.6471587411318951,1
MBB,2025-08-06 07:00:00,18.38,1,0.6143955625633414,1
MBB,2025-08-07 07:00:00,18.47,1,0.5564719416551301,1
MBB,2025-08-08 07:00:00,18.35,1,0.5663428141702062,1
MBB,2025-08-11 07:00:00,19.1,1,0.5574633806120313,1
MBB,2025-08-12 07:00:00,19.46,1,0.5572799927117351,1
MBB,2025-08-13 07:00:00,20.66,1,0.6260551188308211,1
MBB,2025-08-14 07:00:00,22.11,1,0.6268768042160894,1
MBB,2025-08-15 07:00:00,22.63,0,0.6225221082956931,1
MBB,2025-08-18 07:00:00,22.27,0,0.5836013732157056,1
MBB,2025-08-19 07:00:00,22.59,0,0.560141711526947,1
MBB,2025-08-20 07:00:00,22.27,0,0.5654890130192376,1
MBB,2025-08-21 07:00:00,22.59,0,0.5649832072039638,1
MBB,2025-08-22 07:00:00,21.55,1,0.6092723116459502,1
MBB,2025-08-25 07:00:00,20.98,1,0.6309485686451437,1
MBB,2025-08-26 07:00:00,22.07,0,0.5950607227834763,1
MBB,2025-08-27 07:00:00,21.95,1,0.60071667152182,1
MBB,2025-08-28 07:00:00,21.79,1,0.5993109205411766,1
MBB,2025-08-29 07:00:00,22.23,0,0.5988475466481527,1
MBB,2025-09-03 07:00:00,22.79,0,0.5939572771815178,1
MBB,2025-09-04 07:00:00,22.63,0,0.6063679518866122,1
MBB,2025-09-05 07:00:00,21.95,0,0.6130027255546874,1
MBB,2025-09-08 07:00:00,21.38,0,0.6176506704126625,1
MBB,2025-09-09 07:00:00,21.34,0,0.6044719804059505,1
MBB,2025-09-10 07:00:00,21.59,0,0.6014675792414421,1
MBB,2025-09-11 07:00:00,21.38,1,0.5605075273663944,1
MBB,2025-09-12 07:00:00,21.3,1,0.5356476136561008,1
MBB,2025-09-15 07:00:00,21.51,0,0.5266615467921956,1
MBB,2025-09-16 07:00:00,22.03,0,0.5282377299959918,1
MBB,2025-09-17 07:00:00,21.63,0,0.5047561339189487,1
MBB,2025-09-18 07:00:00,21.47,0,0.5135075090627625,1
MBB,2025-09-19 07:00:00,21.34,0,0.4938647197302387,1
MBB,2025-09-22 07:00:00,20.94,1,0.5200841324503171,1
MBB,2025-09-23 07:00:00,21.1,0,0.48134297337744514,1
MBB,2025-09-24 07:00:00,21.47,0,0.4960200413548636,1
MBB,2025-09-25 07:00:00,21.26,0,0.4796136755259023,1
MBB,2025-09-26 07:00:00,21.02,0,0.4812116028138592,1
MBB,2025-09-29 07:00:00,20.94,1,0.4842941761762395,1
MBB,2025-09-30 07:00:00,20.98,0,0.47877412565811284,1
MBB,2025-10-01 07:00:00,21.14,1,0.47631522686348715,1
MBB,2025-10-02 07:00:00,21.47,0,0.4837333131334865,1
MBB,2025-10-03 07:00:00,21.26,0,0.46786905275320234,1
MBB,2025-10-06 07:00:00,21.91,0,0.47096746597562394,1
MBB,2025-10-07 07:00:00,21.51,1,0.4644166973502799,1
MBB,2025-10-08 07:00:00,21.51,1,0.4617914395827401,1
MBB,2025-10-09 07:00:00,21.91,0,0.47586269428334205,1
MBB,2025-10-10 07:00:00,21.99,0,0.47845967175858367,1
MBB,2025-10-13 07:00:00,21.91,0,0.46122787977531465,1
MBB,2025-10-14 07:00:00,21.67,0,0.45875227368391985,1
MBB,2025-10-15 07:00:00,21.83,0,0.4627501409030544,1
MBB,2025-10-16 07:00:00,21.79,0,0.44707014723877125,1
MBB,2025-10-17 07:00:00,21.71,0,0.4672639400272173,1
MBB,2025-10-20 07:00:00,20.22,0,0.5226199915618848,1
MBB,2025-10-21 07:00:00,20.26,0,0.5346906028036338,1
MBB,2025-10-22 07:00:00,20.38,0,0.5219719188341798,1
MBB,2025-10-23 07:00:00,20.18,0,0.5273757491461336,1
MBB,2025-10-24 07:00:00,19.54,0,0.5683102060390773,1
MBB,2025-10-27 07:00:00,19.06,0,0.5918874627788688,1
MBB,2025-10-28 07:00:00,19.22,0,0.5511204095738201,1
MBB,2025-10-29 07:00:00,19.5,0,0.5298866674603188,1
MBB,2025-10-30 07:00:00,19.18,0,0.5509812173337074,1
MBB,2025-10-31 07:00:00,18.9,0,0.5637645728862261,1
MBB,2025-11-03 07:00:00,18.5,1,0.5459011015990276,1
MBB,2025-11-04 07:00:00,19.22,0,0.5103472074332398,1
MBB,2025-11-05 07:00:00,19.14,0,0.5164768356029084,1
MBB,2025-11-06 07:00:00,18.98,0,0.5178762670098838,1
MBB,2025-11-07 07:00:00,18.66,1,0.509459204284735,1
MBB,2025-11-10 07:00:00,18.5,1,0.507786630714926,1
MBB,2025-11-11 07:00:00,18.58,0,0.5062292117343964,1
MBB,2025-11-12 07:00:00,18.98,0,0.49871045887051946,1
MBB,2025-11-13 07:00:00,18.82,0,0.49481131159687564,1
MBB,2025-11-14 07:00:00,18.82,0,0.49518030627407855,1
MBB,2025-11-17 07:00:00,19.06,0,0.48147185497621225,1
MBB,2025-11-18 07:00:00,18.98,0,0.46989296105610145,1
MBB,2025-11-19 07:00:00,18.82,0,0.478207385743873,1
MBB,2025-11-20 07:00:00,18.7,0,0.4923908935784443,1
MBB,2025-11-21 07:00:00,18.58,0,0.45713948558304673,1
MBB,2025-11-24 07:00:00,18.54,1,0.4068495146808146,1
MBB,2025-11-25 07:00:00,18.3,1,0.428490650274048,1
MBB,2025-11-26 07:00:00,18.62,0,0.4279525062764706,1
MBB,2025-11-27 07:00:00,18.82,0,0.4202847842577245,1
MBB,2025-11-28 07:00:00,18.62,1,0.40968221318235654,1
MBB,2025-12-01 07:00:00,18.58,1,0.3997520442407784,0
MBB,2025-12-02 07:00:00,18.86,1,0.41238934556398754,1
MBB,2025-12-03 07:00:00,19.66,1,0.5089084555890439,1
MBB,2025-12-04 07:00:00,20.58,0,0.5123957111023252,1
MBB,2025-12-05 07:00:00,20.14,0,0.4695525269560149,1
MBB,2025-12-08 07:00:00,20.26,0,0.48595986968775085,1
MBB,2025-12-09 07:00:00,19.78,0,0.5230171667516011,1
MBB,2025-12-10 07:00:00,20.14,0,0.5105581231469836,1
MBB,2025-12-11 07:00:00,19.9,0,0.511059698222455,1
MBB,2025-12-12 07:00:00,19.22,1,0.5299755816669304,1
MBB,2025-12-15 07:00:00,19.02,1,0.5197213502320849,1
MBB,2025-12-16 07:00:00,19.58,0,0.516290226658635,1
MBB,2025-12-17 07:00:00,19.54,1,0.5233383654427779,1
MBB,2025-12-18 07:00:00,19.74,1,0.5126608961085689,1
MBB,2025-12-19 07:00:00,19.78,1,0.5074951389794992,1
MBB,2025-12-22 07:00:00,20.22,0,0.5043945644910475,1
MBB,2025-12-23 07:00:00,20.1,0,0.49216040676198797,1
MBB,2025-12-24 07:00:00,20.26,0,0.48838699732147695,1
MBB,2025-12-25 07:00:00,20.02,0,0.48943592915009443,1
MBB,2025-12-26 07:00:00,19.9,1,0.4789972420446249,1
MBB,2025-12-29 07:00:00,19.9,0,0.4793362352921047,1
MBB,2025-12-30 07:00:00,20.02,0,0.47839058022848163,1
MBB,2025-12-31 07:00:00,20.26,0,0.47436320956706773,1
MCH,2025-01-15 07:00:00,124.98,0,0.517851280406801,1
MCH,2025-01-16 07:00:00,122.76,0,0.5133906059609518,1
MCH,2025-01-17 07:00:00,124.86,0,0.5123665359523454,1
MCH,2025-01-20 07:00:00,120.66,0,0.4957366012034443,1
MCH,2025-01-21 07:00:00,117.73,1,0.5032338151266459,1
MCH,2025-01-22 07:00:00,118.23,0,0.5085371338565252,1
MCH,2025-01-23 07:00:00,118.51,1,0.510984858885047,1
MCH,2025-01-24 07:00:00,119.83,0,0.5163688588488817,1
MCH,2025-02-03 07:00:00,118.78,1,0.5112335202435287,1
MCH,2025-02-04 07:00:00,121.05,0,0.4905121255075906,1
MCH,2025-02-05 07:00:00,121.6,0,0.4912999455897841,1
MCH,2025-02-06 07:00:00,122.76,0,0.4773494314131717,1
MCH,2025-02-07 07:00:00,121.66,0,0.4702810724568243,1
MCH,2025-02-10 07:00:00,121.27,0,0.48152191903834285,1
MCH,2025-02-11 07:00:00,121.64,0,0.4853496550265427,1
MCH,2025-02-12 07:00:00,121.25,0,0.46264839249708056,1
MCH,2025-02-13 07:00:00,121.01,0,0.45937223961683843,1
MCH,2025-02-14 07:00:00,118.89,0,0.46775687330584736,1
MCH,2025-02-17 07:00:00,116.84,1,0.4849384310997096,1
MCH,2025-02-18 07:00:00,117.16,0,0.46640385898915365,1
MCH,2025-02-19 07:00:00,119.52,0,0.46183995918037274,1
MCH,2025-02-20 07:00:00,119.52,0,0.4486240912760224,1
MCH,2025-02-21 07:00:00,118.89,0,0.4488696616569399,1
MCH,2025-02-24 07:00:00,117.47,0,0.4379332943102404,1
MCH,2025-02-25 07:00:00,117.39,0,0.37174020255608176,0
MCH,2025-02-26 07:00:00,117.0,0,0.35287357784626266,0
MCH,2025-02-27 07:00:00,117.55,0,0.3899544450847189,0
MCH,2025-02-28 07:00:00,117.16,0,0.3432245973350769,0
MCH,2025-03-03 07:00:00,117.16,0,0.3310946851198882,0
MCH,2025-03-04 07:00:00,117.0,0,0.3272200662426106,0
MCH,2025-03-05 07:00:00,116.61,0,0.31979782975264026,0
MCH,2025-03-06 07:00:00,116.76,0,0.3383832787993449,0
MCH,2025-03-07 07:00:00,117.08,0,0.3996116534475629,0
MCH,2025-03-10 07:00:00,116.21,0,0.31878866825447,0
MCH,2025-03-11 07:00:00,115.51,0,0.31920651807717004,0
MCH,2025-03-12 07:00:00,117.94,0,0.39463418058566246,0
MCH,2025-03-13 07:00:00,116.61,0,0.35078770310400476,0
MCH,2025-03-14 07:00:00,114.72,0,0.3418615434763303,0
MCH,2025-03-17 07:00:00,111.97,0,0.3872493064417318,0
MCH,2025-03-18 07:00:00,110.16,0,0.4051073594879147,1
MCH,2025-03-19 07:00:00,108.51,0,0.4450122028020814,1
MCH,2025-03-20 07:00:00,109.45,0,0.44032717708311037,1
MCH,2025-03-21 07:00:00,110.47,0,0.4253715754964892,1
MCH,2025-03-24 07:00:00,109.14,1,0.44558944774015036,1
MCH,2025-03-25 07:00:00,109.29,1,0.4310621083399882,1
MCH,2025-03-26 07:00:00,109.45,1,0.4314095871206698,1
MCH,2025-03-27 07:00:00,113.23,0,0.4621984811967554,1
MCH,2025-03-28 07:00:00,113.46,0,0.46712193347345554,1
MCH,2025-03-31 07:00:00,113.23,0,0.4647041300694686,1
MCH,2025-04-01 07:00:00,111.65,0,0.46117004935221007,1
MCH,2025-04-02 07:00:00,110.08,0,0.47271529757619685,1
MCH,2025-04-03 07:00:00,96.71,0,0.5830222307314816,1
MCH,2025-04-04 07:00:00,100.64,0,0.6507935995737815,1
MCH,2025-04-08 07:00:00,86.41,1,0.7642633384206594,1
MCH,2025-04-09 07:00:00,89.64,1,0.7795738203345994,1
MCH,2025-04-10 07:00:00,101.43,0,0.6638446730736857,1
MCH,2025-04-11 07:00:00,100.64,0,0.643980090952577,1
MCH,2025-04-14 07:00:00,95.53,0,0.6766901227360702,1
MCH,2025-04-15 07:00:00,92.78,0,0.7089181642795765,1
MCH,2025-04-16 07:00:00,91.76,0,0.692074775631297,1
MCH,2025-04-17 07:00:00,89.72,0,0.6584345044326557,1
MCH,2025-04-18 07:00:00,92.78,0,0.6325570049635441,1
MCH,2025-04-21 07:00:00,90.42,0,0.6541287666932365,1
MCH,2025-04-22 07:00:00,87.28,1,0.6392319307611417,1
MCH,2025-04-23 07:00:00,88.77,1,0.6528607410706172,1
MCH,2025-04-24 07:00:00,89.95,1,0.6025778369535968,1
MCH,2025-04-25 07:00:00,92.78,0,0.6056804488086994,1
MCH,2025-04-28 07:00:00,94.51,0,0.5996495590838344,1
MCH,2025-04-29 07:00:00,94.04,0,0.5790208745290922,1
MCH,2025-05-05 07:00:00,93.96,0,0.5803130046221106,1
MCH,2025-05-06 07:00:00,92.78,1,0.5743249275983837,1
MCH,2025-05-07 07:00:00,92.78,1,0.5472996616991036,1
MCH,2025-05-08 07:00:00,92.86,1,0.5445158869189233,1
MCH,2025-05-09 07:00:00,94.51,1,0.5079395576890949,1
MCH,2025-05-12 07:00:00,98.13,1,0.5081999188871802,1
MCH,2025-05-13 07:00:00,100.64,0,0.4995550862105082,1
MCH,2025-05-14 07:00:00,103.48,0,0.4971748798896981,1
MCH,2025-05-15 07:00:00,105.05,0,0.47961811363097273,1
MCH,2025-05-16 07:00:00,101.59,0,0.5079975113553425,1
MCH,2025-05-19 07:00:00,100.17,0,0.5212493768714686,1
MCH,2025-05-20 07:00:00,99.86,0,0.5154814453153013,1
MCH,2025-05-21 07:00:00,102.22,0,0.5131471961622105,1
MCH,2025-05-22 07:00:00,101.27,0,0.5264156690382167,1
MCH,2025-05-23 07:00:00,100.1,0,0.5043521059245653,1
MCH,2025-05-26 07:00:00,101.98,0,0.503198641503676,1
MCH,2025-05-27 07:00:00,101.04,0,0.4981011053349271,1
MCH,2025-05-28 07:00:00,101.43,0,0.4838413128414541,1
MCH,2025-05-29 07:00:00,100.8,0,0.4692720972703239,1
MCH,2025-05-30 07:00:00,100.25,0,0.4767083335058202,1
MCH,2025-06-02 07:00:00,99.86,0,0.4758098084260553,1
MCH,2025-06-03 07:00:00,101.04,0,0.47115915758469057,1
MCH,2025-06-04 07:00:00,100.88,0,0.4463015974686882,1
MCH,2025-06-05 07:00:00,100.64,0,0.43130087268868694,1
MCH,2025-06-06 07:00:00,101.2,0,0.4443910286845431,1
MCH,2025-06-09 07:00:00,100.33,0,0.43956630965677956,1
MCH,2025-06-10 07:00:00,100.57,0,0.4288989835105722,1
MCH,2025-06-11 07:00:00,100.02,0,0.39571815762305107,0
MCH,2025-06-12 07:00:00,100.64,0,0.41863395540506976,1
MCH,2025-06-13 07:00:00,99.78,0,0.3680494675655475,0
MCH,2025-06-16 07:00:00,99.78,0,0.36608357582513557,0
MCH,2025-06-17 07:00:00,99.86,0,0.36840326199125745,0
MCH,2025-06-18 07:00:00,98.21,0,0.36793302216303986,0
MCH,2025-06-19 07:00:00,97.26,0,0.37859168411951216,0
MCH,2025-06-20 07:00:00,97.34,0,0.3517212813571947,0
MCH,2025-06-23 07:00:00,97.26,1,0.3373029984679369,0
MCH,2025-06-24 07:00:00,97.03,1,0.33742015249402546,0
MCH,2025-06-25 07:00:00,97.58,1,0.3647630016439643,0
MCH,2025-06-26 07:00:00,99.23,0,0.4465251412318701,1
MCH,2025-06-27 07:00:00,99.94,0,0.44151861118552344,1
MCH,2025-06-30 07:00:00,99.62,0,0.3825788808146642,0
MCH,2025-07-01 07:00:00,98.52,1,0.3909750390405565,0
MCH,2025-07-02 07:00:00,98.6,0,0.39004868657295616,0
MCH,2025-07-03 07:00:00,100.57,0,0.41636041566222554,1
MCH,2025-07-04 07:00:00,100.8,0,0.4396489367689877,1
MCH,2025-07-07 07:00:00,98.8,0,0.4117819588323003,1
MCH,2025-07-08 07:00:00,97.28,0,0.43131559469994146,1
MCH,2025-07-09 07:00:00,96.32,0,0.46614679744602333,1
MCH,2025-07-10 07:00:00,96.24,0,0.44279131492260687,1
MCH,2025-07-11 07:00:00,95.84,0,0.3986539650737436,0
MCH,2025-07-14 07:00:00,96.8,0,0.4474188959213172,1
MCH,2025-07-15 07:00:00,95.92,0,0.4454338700579701,1
MCH,2025-07-16 07:00:00,96.72,0,0.42602552335355587,1
MCH,2025-07-17 07:00:00,95.35,0,0.44398537072533184,1
MCH,2025-07-18 07:00:00,94.63,0,0.45029524906232055,1
MCH,2025-07-21 07:00:00,92.87,0,0.4764064153005737,1
MCH,2025-07-22 07:00:00,92.23,0,0.47323648207932495,1
MCH,2025-07-23 07:00:00,93.59,0,0.46880431154289864,1
MCH,2025-07-24 07:00:00,92.87,0,0.46961306642633605,1
MCH,2025-07-25 07:00:00,93.11,0,0.46430918158746726,1
MCH,2025-07-28 07:00:00,92.63,0,0.4593269909827332,1
MCH,2025-07-29 07:00:00,87.41,0,0.4919553498316812,1
MCH,2025-07-30 07:00:00,86.85,0,0.5302198471300781,1
MCH,2025-07-31 07:00:00,84.29,1,0.5847985709434007,1
MCH,2025-08-01 07:00:00,84.21,1,0.5713740239744942,1
MCH,2025-08-04 07:00:00,85.81,1,0.5110689660598239,1
MCH,2025-08-05 07:00:00,86.45,1,0.512620196948972,1
MCH,2025-08-06 07:00:00,88.3,1,0.5079703873652432,1
MCH,2025-08-07 07:00:00,89.18,1,0.5140096867312839,1
MCH,2025-08-08 07:00:00,89.02,1,0.5066913120539606,1
MCH,2025-08-11 07:00:00,92.23,0,0.5142958682021016,1
MCH,2025-08-12 07:00:00,91.82,0,0.48924215368463525,1
MCH,2025-08-13 07:00:00,91.58,0,0.4857996487675057,1
MCH,2025-08-14 07:00:00,91.1,0,0.4755746091949885,1
MCH,2025-08-15 07:00:00,90.7,0,0.47625485735487955,1
MCH,2025-08-18 07:00:00,90.62,1,0.46296339228011435,1
MCH,2025-08-19 07:00:00,91.66,1,0.47285268643107803,1
MCH,2025-08-20 07:00:00,91.82,1,0.46514227858322976,1
MCH,2025-08-21 07:00:00,93.19,1,0.456014696740079,1
MCH,2025-08-22 07:00:00,94.63,1,0.45743361194659254,1
MCH,2025-08-25 07:00:00,95.11,1,0.44564483955769835,1
MCH,2025-08-26 07:00:00,95.43,1,0.4453821500145493,1
MCH,2025-08-27 07:00:00,97.84,1,0.44810754277104337,1
MCH,2025-08-28 07:00:00,102.65,1,0.48301928226102636,1
MCH,2025-08-29 07:00:00,104.42,0,0.4776954625950858,1
MCH,2025-09-03 07:00:00,104.5,0,0.47826152356221174,1
MCH,2025-09-04 07:00:00,105.62,0,0.4866927131861958,1
MCH,2025-09-05 07:00:00,104.66,0,0.48897049725030034,1
MCH,2025-09-08 07:00:00,103.45,0,0.4866505034959118,1
MCH,2025-09-09 07:00:00,103.53,0,0.4726368797799644,1
MCH,2025-09-10 07:00:00,103.86,0,0.45481211504024144,1
MCH,2025-09-11 07:00:00,102.01,0,0.49003918837427035,1
MCH,2025-09-12 07:00:00,103.29,0,0.4619215539979204,1
MCH,2025-09-15 07:00:00,103.21,0,0.44638863071775187,1
MCH,2025-09-16 07:00:00,103.37,0,0.44800739557256847,1
MCH,2025-09-17 07:00:00,102.73,0,0.4526663954553759,1
MCH,2025-09-18 07:00:00,102.65,0,0.46015112191475915,1
MCH,2025-09-19 07:00:00,103.86,0,0.4386232502163554,1
MCH,2025-09-22 07:00:00,102.65,0,0.42721099883518526,1
MCH,2025-09-23 07:00:00,102.65,1,0.4298647476033674,1
MCH,2025-09-24 07:00:00,103.86,0,0.4417233434918898,1
MCH,2025-09-25 07:00:00,103.86,0,0.42653322843263775,1
MCH,2025-09-26 07:00:00,104.34,0,0.4371375723379484,1
MCH,2025-09-29 07:00:00,104.58,0,0.4158193633655873,1
MCH,2025-09-30 07:00:00,103.61,0,0.3862181559560234,0
MCH,2025-10-01 07:00:00,103.29,0,0.37535004417813445,0
MCH,2025-10-02 07:00:00,102.73,1,0.3805022964498833,0
MCH,2025-10-03 07:00:00,102.65,1,0.36838584013889364,0
MCH,2025-10-06 07:00:00,104.02,1,0.40850135565863427,1
MCH,2025-10-07 07:00:00,106.26,1,0.4441198783875397,1
MCH,2025-10-08 07:00:00,105.7,1,0.3950350245699985,0
MCH,2025-10-09 07:00:00,107.62,1,0.44233639089418214,1
MCH,2025-10-10 07:00:00,115.56,1,0.5983286677545508,1
MCH,2025-10-13 07:00:00,121.74,0,0.6419525392561709,1
MCH,2025-10-14 07:00:00,119.57,0,0.5780677428256987,1
MCH,2025-10-15 07:00:00,119.41,0,0.5629780316492652,1
MCH,2025-10-16 07:00:00,118.53,0,0.5754111158452155,1
MCH,2025-10-17 07:00:00,116.77,0,0.5538597848321648,1
MCH,2025-10-20 07:00:00,111.07,1,0.5736343807720564,1
MCH,2025-10-21 07:00:00,112.84,1,0.574849184288509,1
MCH,2025-10-22 07:00:00,114.68,1,0.5560471104433389,1
MCH,2025-10-23 07:00:00,115.08,1,0.5586231379433438,1
MCH,2025-10-24 07:00:00,116.28,1,0.5516915578895356,1
MCH,2025-10-27 07:00:00,119.41,1,0.5483669651501448,1
MCH,2025-10-28 07:00:00,120.22,1,0.5450199167736347,1
MCH,2025-10-29 07:00:00,124.22,1,0.5526868978752069,1
MCH,2025-10-30 07:00:00,127.83,1,0.5587408207037134,1
MCH,2025-10-31 07:00:00,127.91,1,0.5692032115978779,1
MCH,2025-11-03 07:00:00,140.26,1,0.6426194707153392,1
MCH,2025-11-04 07:00:00,146.44,1,0.6103055201053269,1
MCH,2025-11-05 07:00:00,149.89,1,0.5737540923578962,1
MCH,2025-11-06 07:00:00,145.64,1,0.5747789903696925,1
MCH,2025-11-07 07:00:00,156.22,1,0.5358719175763613,1
MCH,2025-11-10 07:00:00,160.39,1,0.532589769419642,1
MCH,2025-11-11 07:00:00,165.2,1,0.5155526878942409,1
MCH,2025-11-12 07:00:00,173.14,0,0.49285555744937865,1
MCH,2025-11-13 07:00:00,173.71,0,0.4884521323725796,1
MCH,2025-11-14 07:00:00,174.75,0,0.4930690172708283,1
MCH,2025-11-17 07:00:00,175.63,0,0.49565912104011245,1
MCH,2025-11-18 07:00:00,172.42,0,0.5112608546832942,1
MCH,2025-11-19 07:00:00,170.98,0,0.5313422329195108,1
MCH,2025-11-20 07:00:00,172.26,0,0.5306389822532388,1
MCH,2025-11-21 07:00:00,168.89,1,0.5349242119955272,1
MCH,2025-11-24 07:00:00,171.62,0,0.5234494245293023,1
MCH,2025-11-25 07:00:00,171.7,0,0.5460763914954175,1
MCH,2025-11-26 07:00:00,172.98,0,0.5027643961996799,1
MCH,2025-11-27 07:00:00,173.55,1,0.49178200704844766,1
MCH,2025-11-28 07:00:00,173.3,1,0.49823921441657226,1
MCH,2025-12-01 07:00:00,173.55,1,0.459431201976132,1
MCH,2025-12-02 07:00:00,176.19,0,0.49947030801114284,1
MCH,2025-12-03 07:00:00,176.67,0,0.47785430363567405,1
MCH,2025-12-04 07:00:00,177.07,0,0.45950918228558235,1
MCH,2025-12-05 07:00:00,174.11,0,0.49297368442319833,1
MCH,2025-12-08 07:00:00,172.18,0,0.470692702685667,1
MCH,2025-12-09 07:00:00,172.18,0,0.44902630884757755,1
MCH,2025-12-10 07:00:00,172.02,0,0.3959253536194659,0
MCH,2025-12-11 07:00:00,173.87,0,0.4426890384217264,1
MCH,2025-12-12 07:00:00,170.82,0,0.467653054428604,1
MCH,2025-12-15 07:00:00,169.86,1,0.47274649224668036,1
MCH,2025-12-16 07:00:00,171.46,1,0.4617103288297859,1
MCH,2025-12-17 07:00:00,170.42,1,0.4473507846479703,1
MCH,2025-12-25 07:00:00,179.24,0,0.5474638578222207,1
MCH,2025-12-26 07:00:00,176.43,0,0.5218065801007147,1
MCH,2025-12-29 07:00:00,176.51,0,0.5097877722432019,1
MCH,2025-12-30 07:00:00,177.4,0,0.5076630750467296,1
MCH,2025-12-31 07:00:00,178.04,0,0.5033362462212965,1
MSN,2025-01-15 07:00:00,65.8,0,0.4884246073045641,1
MSN,2025-01-16 07:00:00,66.3,0,0.4948102685161406,1
MSN,2025-01-17 07:00:00,65.9,0,0.4945308560215066,1
MSN,2025-01-20 07:00:00,65.5,0,0.4735433546383634,1
MSN,2025-01-21 07:00:00,65.7,1,0.480661313041487,1
MSN,2025-01-22 07:00:00,65.2,1,0.4711702939143213,1
MSN,2025-01-23 07:00:00,65.4,1,0.47930183854221825,1
MSN,2025-01-24 07:00:00,68.0,0,0.47508469126891895,1
MSN,2025-02-03 07:00:00,68.0,0,0.4639363212065242,1
MSN,2025-02-04 07:00:00,68.6,0,0.4598985768573372,1
MSN,2025-02-05 07:00:00,67.5,1,0.4506883191399088,1
MSN,2025-02-06 07:00:00,67.4,1,0.43529241486395126,1
MSN,2025-02-07 07:00:00,67.7,1,0.4209536556947776,1
MSN,2025-02-10 07:00:00,68.8,0,0.43593309913641237,1
MSN,2025-02-11 07:00:00,68.7,0,0.3991086290826006,0
MSN,2025-02-12 07:00:00,69.0,0,0.41102812965633356,1
MSN,2025-02-13 07:00:00,68.9,0,0.39778917158599303,0
MSN,2025-02-14 07:00:00,68.1,0,0.3987687892357322,0
MSN,2025-02-17 07:00:00,66.4,1,0.46732543560942896,1
MSN,2025-02-18 07:00:00,66.4,1,0.46851009468551047,1
MSN,2025-02-19 07:00:00,67.7,0,0.4467693895567063,1
MSN,2025-02-20 07:00:00,68.0,0,0.42003305779275146,1
MSN,2025-02-21 07:00:00,67.6,0,0.39956174494084223,0
MSN,2025-02-24 07:00:00,67.6,0,0.40896276505821516,1
MSN,2025-02-25 07:00:00,68.4,0,0.4327653901419496,1
MSN,2025-02-26 07:00:00,68.3,0,0.4091255429493647,1
MSN,2025-02-27 07:00:00,68.4,0,0.41445531706026834,1
MSN,2025-02-28 07:00:00,67.7,0,0.3726694735285023,0
MSN,2025-03-03 07:00:00,68.0,1,0.40394027545884764,1
MSN,2025-03-04 07:00:00,69.1,0,0.4275892777312114,1
MSN,2025-03-05 07:00:00,68.2,0,0.4026342570465994,0
MSN,2025-03-06 07:00:00,69.2,0,0.41813154586719037,1
MSN,2025-03-07 07:00:00,69.0,0,0.38427436237688506,0
MSN,2025-03-10 07:00:00,68.9,1,0.38004836522532304,0
MSN,2025-03-11 07:00:00,68.9,1,0.3758889500156702,0
MSN,2025-03-12 07:00:00,68.7,1,0.3831722956370649,0
MSN,2025-03-13 07:00:00,70.4,0,0.47588183841817305,1
MSN,2025-03-14 07:00:00,71.1,0,0.4427944094486645,1
MSN,2025-03-17 07:00:00,70.5,0,0.37526131998421464,0
MSN,2025-03-18 07:00:00,69.6,0,0.4325050265564289,1
MSN,2025-03-19 07:00:00,68.5,0,0.4562190381413744,1
MSN,2025-03-20 07:00:00,68.4,0,0.4451455944655589,1
MSN,2025-03-21 07:00:00,67.9,0,0.4427275153626203,1
MSN,2025-03-24 07:00:00,68.5,0,0.43643963483941256,1
MSN,2025-03-25 07:00:00,68.5,0,0.40503883113324324,1
MSN,2025-03-26 07:00:00,68.3,0,0.39823970591599883,0
MSN,2025-03-27 07:00:00,69.4,0,0.44506877631062125,1
MSN,2025-03-28 07:00:00,68.5,0,0.4431631683916445,1
MSN,2025-03-31 07:00:00,66.8,0,0.4705068258300112,1
MSN,2025-04-01 07:00:00,66.2,0,0.47605174958304464,1
MSN,2025-04-02 07:00:00,66.0,0,0.4626415463205879,1
MSN,2025-04-03 07:00:00,61.4,0,0.5217068413402953,1
MSN,2025-04-04 07:00:00,58.0,0,0.5471300147514309,1
MSN,2025-04-08 07:00:00,54.0,1,0.6689315801555502,1
MSN,2025-04-09 07:00:00,50.3,1,0.6631001003315743,1
MSN,2025-04-10 07:00:00,53.8,1,0.7359333913957229,1
MSN,2025-04-11 07:00:00,57.1,0,0.6065294673281002,1
MSN,2025-04-14 07:00:00,60.0,0,0.582814064430971,1
MSN,2025-04-15 07:00:00,58.5,0,0.5952601692566097,1
MSN,2025-04-16 07:00:00,56.4,1,0.6361230872581453,1
MSN,2025-04-17 07:00:00,57.3,1,0.604768672258076,1
MSN,2025-04-18 07:00:00,58.0,1,0.6082172016054417,1
MSN,2025-04-21 07:00:00,58.1,1,0.592418775008277,1
MSN,2025-04-22 07:00:00,58.7,1,0.5930938428697251,1
MSN,2025-04-23 07:00:00,59.6,1,0.5614095149587444,1
MSN,2025-04-24 07:00:00,59.9,1,0.5464799083754448,1
MSN,2025-04-25 07:00:00,62.0,0,0.518813869227368,1
MSN,2025-04-28 07:00:00,62.5,0,0.5239914484689929,1
MSN,2025-04-29 07:00:00,62.5,0,0.5352836513504228,1
MSN,2025-05-05 07:00:00,62.5,0,0.505582411626397,1
MSN,2025-05-06 07:00:00,62.0,0,0.5128173869265805,1
MSN,2025-05-07 07:00:00,60.9,1,0.5187586416800832,1
MSN,2025-05-08 07:00:00,63.0,0,0.4849245225965209,1
MSN,2025-05-09 07:00:00,62.8,0,0.4933512313200767,1
MSN,2025-05-12 07:00:00,62.0,0,0.48729628973535805,1
MSN,2025-05-13 07:00:00,62.1,0,0.4754156259010142,1
MSN,2025-05-14 07:00:00,62.3,0,0.46076153573767187,1
MSN,2025-05-15 07:00:00,62.8,0,0.44953919923166485,1
MSN,2025-05-16 07:00:00,62.5,1,0.44367482832196437,1
MSN,2025-05-19 07:00:00,62.0,1,0.43207144662780705,1
MSN,2025-05-20 07:00:00,62.7,0,0.44516190909022785,1
MSN,2025-05-21 07:00:00,63.6,0,0.4453070187349516,1
MSN,2025-05-22 07:00:00,64.0,0,0.43725672018600986,1
MSN,2025-05-23 07:00:00,63.2,0,0.44027660392230533,1
MSN,2025-05-26 07:00:00,63.8,0,0.45866878533530664,1
MSN,2025-05-27 07:00:00,64.0,0,0.45952295959761524,1
MSN,2025-05-28 07:00:00,63.9,0,0.44111544019377796,1
MSN,2025-05-29 07:00:00,63.4,0,0.44726181452961467,1
MSN,2025-05-30 07:00:00,62.0,1,0.47796719848429536,1
MSN,2025-06-02 07:00:00,62.1,1,0.46841789356976954,1
MSN,2025-06-03 07:00:00,63.3,1,0.4615769437525325,1
MSN,2025-06-04 07:00:00,64.1,0,0.4599655313168434,1
MSN,2025-06-05 07:00:00,65.8,0,0.4853028940424641,1
MSN,2025-06-06 07:00:00,65.0,0,0.4577954475791255,1
MSN,2025-06-09 07:00:00,64.1,1,0.4601255703660395,1
MSN,2025-06-10 07:00:00,64.8,0,0.46280482844760773,1
MSN,2025-06-11 07:00:00,64.8,1,0.4541890574126036,1
MSN,2025-06-12 07:00:00,65.8,1,0.4573868236125539,1
MSN,2025-06-13 07:00:00,65.4,1,0.44489428817913734,1
MSN,2025-06-16 07:00:00,66.8,0,0.4524632501083108,1
MSN,2025-06-17 07:00:00,67.9,0,0.4539113002602667,1
MSN,2025-06-18 07:00:00,67.5,0,0.44047790221752187,1
MSN,2025-06-19 07:00:00,67.5,1,0.4498259664036391,1
MSN,2025-06-20 07:00:00,67.5,1,0.4545671153643448,1
MSN,2025-06-23 07:00:00,68.0,1,0.4610048944826436,1
MSN,2025-06-24 07:00:00,69.2,1,0.45573076014063846,1
MSN,2025-06-25 07:00:00,70.3,1,0.45404016452442664,1
MSN,2025-06-26 07:00:00,72.0,1,0.4678830640173493,1
MSN,2025-06-27 07:00:00,76.8,0,0.5753175913972878,1
MSN,2025-06-30 07:00:00,76.8,0,0.5203466984993284,1
MSN,2025-07-01 07:00:00,75.2,0,0.5619826164607946,1
MSN,2025-07-02 07:00:00,75.2,0,0.5539558406527085,1
MSN,2025-07-03 07:00:00,74.5,0,0.5412659030202165,1
MSN,2025-07-04 07:00:00,74.6,1,0.5424657622916705,1
MSN,2025-07-07 07:00:00,74.8,1,0.5452184756270766,1
MSN,2025-07-08 07:00:00,75.6,0,0.5373069300784101,1
MSN,2025-07-09 07:00:00,75.8,0,0.5222818931673815,1
MSN,2025-07-10 07:00:00,76.9,0,0.5295516240722999,1
MSN,2025-07-11 07:00:00,76.5,0,0.476785933667318,1
MSN,2025-07-14 07:00:00,75.3,0,0.49895760424858143,1
MSN,2025-07-15 07:00:00,74.5,1,0.497336073535118,1
MSN,2025-07-16 07:00:00,75.0,1,0.4919481999733095,1
MSN,2025-07-17 07:00:00,76.2,1,0.4807850855157002,1
MSN,2025-07-18 07:00:00,79.1,0,0.5162434377446189,1
MSN,2025-07-21 07:00:00,77.5,0,0.5147234712866143,1
MSN,2025-07-22 07:00:00,77.7,0,0.5139876102536483,1
MSN,2025-07-23 07:00:00,77.3,0,0.5082344295820009,1
MSN,2025-07-24 07:00:00,76.0,0,0.5112425301692536,1
MSN,2025-07-25 07:00:00,75.8,0,0.5044961166599693,1
MSN,2025-07-28 07:00:00,77.6,0,0.5036155277690718,1
MSN,2025-07-29 07:00:00,72.2,0,0.5500914843169828,1
MSN,2025-07-30 07:00:00,73.0,0,0.5428222432803214,1
MSN,2025-07-31 07:00:00,72.5,1,0.5427579259582666,1
MSN,2025-08-01 07:00:00,72.5,1,0.5479181430181629,1
MSN,2025-08-04 07:00:00,73.9,1,0.535805655784656,1
MSN,2025-08-05 07:00:00,74.6,1,0.5394888780723335,1
MSN,2025-08-06 07:00:00,76.0,1,0.54399325766937,1
MSN,2025-08-07 07:00:00,76.2,1,0.5411876818817383,1
MSN,2025-08-08 07:00:00,76.7,1,0.540322942102592,1
MSN,2025-08-11 07:00:00,82.0,1,0.6105085410557886,1
MSN,2025-08-12 07:00:00,83.6,0,0.5786248857230143,1
MSN,2025-08-13 07:00:00,85.9,0,0.5731676093399584,1
MSN,2025-08-14 07:00:00,84.8,0,0.5672809005208553,1
MSN,2025-08-15 07:00:00,83.1,0,0.5696953595049707,1
MSN,2025-08-18 07:00:00,83.9,0,0.5433082721370324,1
MSN,2025-08-19 07:00:00,85.0,0,0.5501046232090666,1
MSN,2025-08-20 07:00:00,83.9,0,0.554778304084198,1
MSN,2025-08-21 07:00:00,84.3,0,0.5512559753824174,1
MSN,2025-08-22 07:00:00,81.0,0,0.5829985166354332,1
MSN,2025-08-25 07:00:00,79.5,1,0.563539430248483,1
MSN,2025-08-26 07:00:00,81.1,1,0.5280889820085859,1
MSN,2025-08-27 07:00:00,82.2,0,0.5289799136245071,1
MSN,2025-08-28 07:00:00,83.1,1,0.5292735731839326,1
MSN,2025-08-29 07:00:00,83.0,0,0.5188529349998955,1
MSN,2025-09-03 07:00:00,83.0,0,0.5167409947435555,1
MSN,2025-09-04 07:00:00,84.8,0,0.5214981387466744,1
MSN,2025-09-05 07:00:00,83.0,0,0.5304917373145579,1
MSN,2025-09-08 07:00:00,81.0,0,0.5302170542750465,1
MSN,2025-09-09 07:00:00,81.0,1,0.5103790594342098,1
MSN,2025-09-10 07:00:00,81.0,1,0.47115239136831577,1
MSN,2025-09-11 07:00:00,82.0,1,0.49704903079426377,1
MSN,2025-09-12 07:00:00,86.0,0,0.5250647379202787,1
MSN,2025-09-15 07:00:00,88.5,0,0.5635610139783999,1
MSN,2025-09-16 07:00:00,86.8,0,0.524097902802917,1
MSN,2025-09-17 07:00:00,84.2,0,0.5390942638986154,1
MSN,2025-09-18 07:00:00,84.0,0,0.5350027449532139,1
MSN,2025-09-19 07:00:00,83.9,0,0.526748152849991,1
MSN,2025-09-22 07:00:00,81.9,0,0.5426555568207847,1
MSN,2025-09-23 07:00:00,81.9,0,0.5331774692726468,1
MSN,2025-09-24 07:00:00,82.9,0,0.5266818196982916,1
MSN,2025-09-25 07:00:00,82.2,0,0.5185328000316536,1
MSN,2025-09-26 07:00:00,82.2,0,0.4963176485181944,1
MSN,2025-09-29 07:00:00,81.8,0,0.4814017386552567,1
MSN,2025-09-30 07:00:00,81.0,0,0.4847444703803055,1
MSN,2025-10-01 07:00:00,81.3,1,0.46513960758712036,1
MSN,2025-10-02 07:00:00,81.5,0,0.47224302496829457,1
MSN,2025-10-03 07:00:00,80.0,1,0.48367248703837,1
MSN,2025-10-06 07:00:00,83.0,0,0.4778317601451359,1
MSN,2025-10-07 07:00:00,82.5,1,0.4613193211263785,1
MSN,2025-10-08 07:00:00,82.6,1,0.46746955229703124,1
MSN,2025-10-09 07:00:00,83.1,0,0.47246771498448115,1
MSN,2025-10-10 07:00:00,84.1,0,0.4674583452441909,1
MSN,2025-10-13 07:00:00,85.0,1,0.4631748153491799,1
MSN,2025-10-14 07:00:00,82.5,1,0.48131793239520293,1
MSN,2025-10-15 07:00:00,82.5,0,0.46997872788722067,1
MSN,2025-10-16 07:00:00,88.2,0,0.5640065982581101,1
MSN,2025-10-17 07:00:00,88.0,0,0.5413960990520909,1
MSN,2025-10-20 07:00:00,81.9,0,0.5744684607478334,1
MSN,2025-10-21 07:00:00,78.0,1,0.6043536975838463,1
MSN,2025-10-22 07:00:00,79.0,0,0.6020972189613888,1
MSN,2025-10-23 07:00:00,78.2,0,0.581188463014798,1
MSN,2025-10-24 07:00:00,79.3,0,0.576929417535556,1
MSN,2025-10-27 07:00:00,78.5,0,0.5837820827735125,1
MSN,2025-10-28 07:00:00,79.0,0,0.5860676334002404,1
MSN,2025-10-29 07:00:00,79.2,0,0.585489717261845,1
MSN,2025-10-30 07:00:00,79.3,0,0.5853535904282442,1
MSN,2025-10-31 07:00:00,79.6,0,0.5712872113885694,1
MSN,2025-11-03 07:00:00,77.0,1,0.5544174144928327,1
MSN,2025-11-04 07:00:00,80.0,0,0.5386905828633723,1
MSN,2025-11-05 07:00:00,80.2,0,0.5406583462819492,1
MSN,2025-11-06 07:00:00,78.8,0,0.5421973590864679,1
MSN,2025-11-07 07:00:00,76.8,1,0.5707738682977674,1
MSN,2025-11-10 07:00:00,76.0,1,0.5681489780370725,1
MSN,2025-11-11 07:00:00,78.2,0,0.5558443822809731,1
MSN,2025-11-12 07:00:00,79.2,0,0.5623738155621304,1
MSN,2025-11-13 07:00:00,79.0,0,0.5382158283476929,1
MSN,2025-11-14 07:00:00,78.0,0,0.5389484164586866,1
MSN,2025-11-17 07:00:00,79.7,0,0.5062240798277745,1
MSN,2025-11-18 07:00:00,79.0,0,0.4844017465097797,1
MSN,2025-11-19 07:00:00,78.8,0,0.48214350834481173,1
MSN,2025-11-20 07:00:00,78.5,0,0.47516460165572844,1
MSN,2025-11-21 07:00:00,77.5,0,0.475187123253692,1
MSN,2025-11-24 07:00:00,77.8,0,0.4712261481623996,1
MSN,2025-11-25 07:00:00,77.0,0,0.459989844322548,1
MSN,2025-11-26 07:00:00,78.6,0,0.45972288523020255,1
MSN,2025-11-27 07:00:00,78.5,0,0.45107278485664204,1
MSN,2025-11-28 07:00:00,77.4,1,0.4567350894216121,1
MSN,2025-12-01 07:00:00,78.8,0,0.4280510766984602,1
MSN,2025-12-02 07:00:00,78.6,0,0.404123376422489,1
MSN,2025-12-03 07:00:00,80.6,0,0.47531481596450664,1
MSN,2025-12-04 07:00:00,79.9,0,0.44809316926768833,1
MSN,2025-12-05 07:00:00,78.2,0,0.45684596113311066,1
MSN,2025-12-08 07:00:00,77.9,0,0.45605759067902196,1
MSN,2025-12-09 07:00:00,77.0,0,0.4628683921673229,1
MSN,2025-12-10 07:00:00,77.0,0,0.44656794746448675,1
MSN,2025-12-11 07:00:00,76.1,0,0.4773333564581705,1
MSN,2025-12-12 07:00:00,73.5,0,0.5140876470042465,1
MSN,2025-12-15 07:00:00,73.5,0,0.5213467187155499,1
MSN,2025-12-16 07:00:00,74.5,1,0.48377316592353636,1
MSN,2025-12-17 07:00:00,74.0,1,0.4894210761839533,1
MSN,2025-12-18 07:00:00,74.0,1,0.4806496645479566,1
MSN,2025-12-19 07:00:00,75.8,0,0.47487654546216246,1
MSN,2025-12-22 07:00:00,76.0,0,0.4645594610543556,1
MSN,2025-12-23 07:00:00,76.1,0,0.4539891643224916,1
MSN,2025-12-24 07:00:00,76.2,0,0.4555755427198831,1
MSN,2025-12-25 07:00:00,76.3,0,0.4159345983741125,1
MSN,2025-12-26 07:00:00,75.3,1,0.44031610326935655,1
MSN,2025-12-29 07:00:00,75.5,0,0.4475429394515375,1
MSN,2025-12-30 07:00:00,76.9,0,0.45973721372050386,1
MSN,2025-12-31 07:00:00,77.0,0,0.44799639400330954,1
MWG,2025-01-15 07:00:00,55.62,0,0.4590432171843685,1
MWG,2025-01-16 07:00:00,56.11,0,0.46591719707533985,1
MWG,2025-01-17 07:00:00,56.01,0,0.4423823314700591,1
MWG,2025-01-20 07:00:00,55.82,1,0.4261203173074187,1
MWG,2025-01-21 07:00:00,56.01,1,0.43670700180248184,1
MWG,2025-01-22 07:00:00,55.72,1,0.41952419393045004,1
MWG,2025-01-23 07:00:00,57.46,0,0.4534284807383964,1
MWG,2025-01-24 07:00:00,58.34,0,0.43201020536235507,1
MWG,2025-02-03 07:00:00,57.85,0,0.4022242273644779,0
MWG,2025-02-04 07:00:00,57.85,0,0.3983161983989314,0
MWG,2025-02-05 07:00:00,57.66,0,0.3981936451093148,0
MWG,2025-02-06 07:00:00,57.37,0,0.3948321070618366,0
MWG,2025-02-07 07:00:00,57.17,0,0.38363912345833334,0
MWG,2025-02-10 07:00:00,55.72,0,0.4378716833144039,1
MWG,2025-02-11 07:00:00,54.75,0,0.46227284553330683,1
MWG,2025-02-12 07:00:00,54.75,0,0.4370063640707299,1
MWG,2025-02-13 07:00:00,53.19,0,0.4858780238954461,1
MWG,2025-02-14 07:00:00,53.58,0,0.4861577634276718,1
MWG,2025-02-17 07:00:00,52.52,1,0.5099677648502371,1
MWG,2025-02-18 07:00:00,52.9,1,0.4820002998230956,1
MWG,2025-02-19 07:00:00,54.16,1,0.4809707885499543,1
MWG,2025-02-20 07:00:00,55.04,1,0.47944829545646395,1
MWG,2025-02-21 07:00:00,56.4,0,0.48315477299412896,1
MWG,2025-02-24 07:00:00,56.69,0,0.4686464104456691,1
MWG,2025-02-25 07:00:00,56.59,0,0.4679538161110073,1
MWG,2025-02-26 07:00:00,56.98,0,0.48133988206069717,1
MWG,2025-02-27 07:00:00,56.88,1,0.4515692148239856,1
MWG,2025-02-28 07:00:00,56.59,1,0.44631034112661155,1
MWG,2025-03-03 07:00:00,57.08,1,0.4473352658826779,1
MWG,2025-03-04 07:00:00,57.76,1,0.4467436425726553,1
MWG,2025-03-05 07:00:00,57.85,1,0.43997951949094566,1
MWG,2025-03-06 07:00:00,60.09,1,0.4561300824965178,1
MWG,2025-03-07 07:00:00,60.09,0,0.4359335703934562,1
MWG,2025-03-10 07:00:00,60.38,0,0.43026108414196995,1
MWG,2025-03-11 07:00:00,61.15,0,0.4340517667358684,1
MWG,2025-03-12 07:00:00,60.86,0,0.4264833223026841,1
MWG,2025-03-13 07:00:00,59.7,0,0.4505371124272745,1
MWG,2025-03-14 07:00:00,59.7,0,0.4472834281931231,1
MWG,2025-03-17 07:00:00,60.18,0,0.43326121808340934,1
MWG,2025-03-18 07:00:00,59.99,0,0.4134497037194125,1
MWG,2025-03-19 07:00:00,57.76,0,0.49661701259071134,1
MWG,2025-03-20 07:00:00,58.24,0,0.48441880129100856,1
MWG,2025-03-21 07:00:00,58.53,0,0.46726759285561054,1
MWG,2025-03-24 07:00:00,58.53,0,0.46165557094538395,1
MWG,2025-03-25 07:00:00,58.73,0,0.47660173802781736,1
MWG,2025-03-26 07:00:00,59.02,0,0.46216967032969436,1
MWG,2025-03-27 07:00:00,58.63,0,0.4579358113151835,1
MWG,2025-03-28 07:00:00,58.05,0,0.4602990985189944,1
MWG,2025-03-31 07:00:00,57.27,0,0.4869637573998621,1
MWG,2025-04-01 07:00:00,56.88,0,0.4876714131134111,1
MWG,2025-04-02 07:00:00,57.08,0,0.4600591857424047,1
MWG,2025-04-03 07:00:00,53.1,0,0.5076179845257174,1
MWG,2025-04-04 07:00:00,51.25,0,0.5196275660369207,1
MWG,2025-04-08 07:00:00,47.71,1,0.6801298499092968,1
MWG,2025-04-09 07:00:00,44.9,1,0.676604109144156,1
MWG,2025-04-10 07:00:00,48.0,1,0.6917732529889385,1
MWG,2025-04-11 07:00:00,51.35,1,0.6005127614054167,1
MWG,2025-04-14 07:00:00,54.94,0,0.6088546930427803,1
MWG,2025-04-15 07:00:00,55.43,0,0.6157438665289807,1
MWG,2025-04-16 07:00:00,55.14,0,0.6096685718466596,1
MWG,2025-04-17 07:00:00,55.14,0,0.5944373677864148,1
MWG,2025-04-18 07:00:00,54.55,1,0.6149106970806452,1
MWG,2025-04-21 07:00:00,53.97,1,0.6105598548541991,1
MWG,2025-04-22 07:00:00,55.62,1,0.5981262661043065,1
MWG,2025-04-23 07:00:00,57.08,1,0.5864093261221547,1
MWG,2025-04-24 07:00:00,57.95,1,0.5740429814188167,1
MWG,2025-04-25 07:00:00,58.73,0,0.568380206865359,1
MWG,2025-04-28 07:00:00,59.12,0,0.5251248686652531,1
MWG,2025-04-29 07:00:00,59.02,0,0.5210813567829699,1
MWG,2025-05-05 07:00:00,59.21,0,0.5198774147483147,1
MWG,2025-05-06 07:00:00,58.73,0,0.5214416914594094,1
MWG,2025-05-07 07:00:00,58.34,0,0.5097934823681546,1
MWG,2025-05-08 07:00:00,58.53,1,0.5025532459686184,1
MWG,2025-05-09 07:00:00,58.63,1,0.5046221979986564,1
MWG,2025-05-12 07:00:00,59.02,1,0.4768277389758736,1
MWG,2025-05-13 07:00:00,61.64,0,0.4801292381003486,1
MWG,2025-05-14 07:00:00,62.12,0,0.4809214886894524,1
MWG,2025-05-15 07:00:00,62.42,0,0.46292238359305843,1
MWG,2025-05-16 07:00:00,61.93,0,0.45334262602710285,1
MWG,2025-05-19 07:00:00,61.83,0,0.4519519714839996,1
MWG,2025-05-20 07:00:00,62.8,0,0.45533699594248356,1
MWG,2025-05-21 07:00:00,62.42,0,0.4393234733120567,1
MWG,2025-05-22 07:00:00,62.42,0,0.4449622834460153,1
MWG,2025-05-23 07:00:00,62.32,0,0.440254066191578,1
MWG,2025-05-26 07:00:00,62.61,0,0.44731442044232544,1
MWG,2025-05-27 07:00:00,62.42,0,0.4380751603763524,1
MWG,2025-05-28 07:00:00,62.51,0,0.4396269422065561,1
MWG,2025-05-29 07:00:00,62.42,0,0.44362643473287633,1
MWG,2025-05-30 07:00:00,60.28,0,0.5088688423252732,1
MWG,2025-06-02 07:00:00,59.21,0,0.5154409325324789,1
MWG,2025-06-03 07:00:00,60.57,0,0.48309799909212253,1
MWG,2025-06-04 07:00:00,59.5,0,0.4990510971342005,1
MWG,2025-06-05 07:00:00,59.89,0,0.4877739805482639,1
MWG,2025-06-06 07:00:00,58.73,1,0.48739905057921756,1
MWG,2025-06-09 07:00:00,58.73,1,0.48485788119518536,1
MWG,2025-06-10 07:00:00,59.7,1,0.4787621482108484,1
MWG,2025-06-11 07:00:00,60.09,1,0.48174286467587346,1
MWG,2025-06-12 07:00:00,61.64,0,0.5015180710555989,1
MWG,2025-06-13 07:00:00,61.35,0,0.4746793362307516,1
MWG,2025-06-16 07:00:00,62.42,0,0.4817752033858863,1
MWG,2025-06-17 07:00:00,62.51,0,0.47667426808344293,1
MWG,2025-06-18 07:00:00,61.83,1,0.47819654440358994,1
MWG,2025-06-19 07:00:00,62.12,0,0.4792980404351716,1
MWG,2025-06-20 07:00:00,62.22,0,0.4697649184323741,1
MWG,2025-06-23 07:00:00,63.1,0,0.46677291659949727,1
MWG,2025-06-24 07:00:00,63.0,0,0.46004776255832747,1
MWG,2025-06-25 07:00:00,63.1,0,0.45488646059000015,1
MWG,2025-06-26 07:00:00,62.61,0,0.4596561311376704,1
MWG,2025-06-27 07:00:00,63.87,0,0.45695929701033083,1
MWG,2025-06-30 07:00:00,63.58,0,0.44003023953876,1
MWG,2025-07-01 07:00:00,62.61,1,0.45663619089022367,1
MWG,2025-07-02 07:00:00,62.9,1,0.4474409314277712,1
MWG,2025-07-03 07:00:00,63.48,1,0.45697961237422413,1
MWG,2025-07-04 07:00:00,64.36,1,0.4250014348859278,1
MWG,2025-07-07 07:00:00,64.55,1,0.419813536824041,1
MWG,2025-07-08 07:00:00,65.23,0,0.4214060353969437,1
MWG,2025-07-09 07:00:00,65.72,1,0.424515148400445,1
MWG,2025-07-10 07:00:00,66.01,1,0.4231962169658114,1
MWG,2025-07-11 07:00:00,65.91,1,0.3990373662656757,0
MWG,2025-07-14 07:00:00,66.98,1,0.4356722751201392,1
MWG,2025-07-15 07:00:00,67.27,1,0.4180918906826087,1
MWG,2025-07-16 07:00:00,67.95,0,0.413593161086055,1
MWG,2025-07-17 07:00:00,68.43,0,0.4137327696526854,1
MWG,2025-07-18 07:00:00,68.63,0,0.40250623571136235,0
MWG,2025-07-21 07:00:00,67.95,0,0.40607275498604395,1
MWG,2025-07-22 07:00:00,68.34,0,0.4153959241084078,1
MWG,2025-07-23 07:00:00,68.43,0,0.40796163604945695,1
MWG,2025-07-24 07:00:00,68.43,0,0.403926529215467,1
MWG,2025-07-25 07:00:00,69.03,0,0.4188474234695969,1
MWG,2025-07-28 07:00:00,69.12,0,0.39045052790068546,0
MWG,2025-07-29 07:00:00,65.58,0,0.4950021480318924,1
MWG,2025-07-30 07:00:00,66.07,0,0.4974768939550037,1
MWG,2025-07-31 07:00:00,64.3,1,0.5165132037304803,1
MWG,2025-08-01 07:00:00,64.2,1,0.5041014567449614,1
MWG,2025-08-04 07:00:00,65.97,1,0.5103521192598733,1
MWG,2025-08-05 07:00:00,68.24,1,0.5249068311485531,1
MWG,2025-08-06 07:00:00,71.29,0,0.6200440842412605,1
MWG,2025-08-07 07:00:00,71.29,0,0.5368596229419889,1
MWG,2025-08-08 07:00:00,70.9,0,0.5288711731438446,1
MWG,2025-08-11 07:00:00,70.99,0,0.529466945861669,1
MWG,2025-08-12 07:00:00,71.09,0,0.5162450436844178,1
MWG,2025-08-13 07:00:00,69.81,0,0.5281795239522054,1
MWG,2025-08-14 07:00:00,70.8,0,0.51146271796345,1
MWG,2025-08-15 07:00:00,69.42,0,0.5228013899692476,1
MWG,2025-08-18 07:00:00,68.93,0,0.5229760468373927,1
MWG,2025-08-19 07:00:00,66.96,1,0.5335993459527804,1
MWG,2025-08-20 07:00:00,68.34,0,0.5016006431267012,1
MWG,2025-08-21 07:00:00,69.91,1,0.5040853246165667,1
MWG,2025-08-22 07:00:00,69.22,1,0.5055039658170477,1
MWG,2025-08-25 07:00:00,67.74,1,0.5132340562124569,1
MWG,2025-08-26 07:00:00,72.47,1,0.5519025594676908,1
MWG,2025-08-27 07:00:00,73.85,0,0.5732316737976482,1
MWG,2025-08-28 07:00:00,76.11,0,0.5784554626672318,1
MWG,2025-08-29 07:00:00,76.8,0,0.5462014038854025,1
MWG,2025-09-03 07:00:00,74.64,0,0.5618499881098812,1
MWG,2025-09-04 07:00:00,76.31,0,0.5455855464279626,1
MWG,2025-09-05 07:00:00,73.85,0,0.55378234790038,1
MWG,2025-09-08 07:00:00,72.86,1,0.5575231475644299,1
MWG,2025-09-09 07:00:00,74.83,1,0.5489636014780515,1
MWG,2025-09-10 07:00:00,74.34,1,0.5521522530740562,1
MWG,2025-09-11 07:00:00,77.59,1,0.5463846873244506,1
MWG,2025-09-12 07:00:00,77.79,0,0.5484771119225287,1
MWG,2025-09-15 07:00:00,78.28,0,0.545101983377412,1
MWG,2025-09-16 07:00:00,79.07,0,0.5357303449663918,1
MWG,2025-09-17 07:00:00,76.8,0,0.555075530751385,1
MWG,2025-09-18 07:00:00,77.3,0,0.5401733688967476,1
MWG,2025-09-19 07:00:00,77.4,0,0.538013469239444,1
MWG,2025-09-22 07:00:00,75.33,1,0.5486791571781775,1
MWG,2025-09-23 07:00:00,76.61,0,0.5380564462490092,1
MWG,2025-09-24 07:00:00,77.98,0,0.5303420219025261,1
MWG,2025-09-25 07:00:00,77.79,0,0.4951821093815562,1
MWG,2025-09-26 07:00:00,76.7,0,0.49296833764334835,1
MWG,2025-09-29 07:00:00,75.82,0,0.49701490401240156,1
MWG,2025-09-30 07:00:00,76.51,0,0.49341686030939336,1
MWG,2025-10-01 07:00:00,76.51,0,0.4852143685895093,1
MWG,2025-10-02 07:00:00,75.92,0,0.48728601528685744,1
MWG,2025-10-03 07:00:00,75.82,1,0.485533908724718,1
MWG,2025-10-06 07:00:00,76.41,1,0.4837501521467829,1
MWG,2025-10-07 07:00:00,76.8,1,0.4693130925922487,1
MWG,2025-10-08 07:00:00,79.56,1,0.5010291466666672,1
MWG,2025-10-09 07:00:00,80.25,1,0.4759297546567997,1
MWG,2025-10-10 07:00:00,80.74,1,0.47123930849349543,1
MWG,2025-10-13 07:00:00,81.73,1,0.46843785537289856,1
MWG,2025-10-14 07:00:00,82.91,0,0.46714459375921796,1
MWG,2025-10-15 07:00:00,82.02,0,0.46795502245007004,1
MWG,2025-10-16 07:00:00,83.2,0,0.4670232014384219,1
MWG,2025-10-17 07:00:00,83.2,0,0.4627907637033809,1
MWG,2025-10-20 07:00:00,79.66,1,0.5217603929460375,1
MWG,2025-10-21 07:00:00,81.73,1,0.5154241179264456,1
MWG,2025-10-22 07:00:00,83.2,0,0.5041321373184969,1
MWG,2025-10-23 07:00:00,84.39,0,0.5065553978970929,1
MWG,2025-10-24 07:00:00,84.39,0,0.5075917730777667,1
MWG,2025-10-27 07:00:00,79.76,1,0.544043309885416,1
MWG,2025-10-28 07:00:00,82.91,0,0.5323980191026735,1
MWG,2025-10-29 07:00:00,82.81,0,0.539076310980382,1
MWG,2025-10-30 07:00:00,82.61,0,0.5376263658157927,1
MWG,2025-10-31 07:00:00,81.33,0,0.5371484671762768,1
MWG,2025-11-03 07:00:00,79.76,0,0.5407866186357447,1
MWG,2025-11-04 07:00:00,80.54,0,0.5371548522300748,1
MWG,2025-11-05 07:00:00,78.97,0,0.5510212581677894,1
MWG,2025-11-06 07:00:00,79.07,0,0.5469792138473133,1
MWG,2025-11-07 07:00:00,75.33,1,0.6072454056671907,1
MWG,2025-11-10 07:00:00,75.62,1,0.5526201449968567,1
MWG,2025-11-11 07:00:00,76.8,1,0.5228569457135738,1
MWG,2025-11-12 07:00:00,79.26,1,0.5354630989392811,1
MWG,2025-11-13 07:00:00,78.87,1,0.545926237600789,1
MWG,2025-11-14 07:00:00,80.15,0,0.5412793856782662,1
MWG,2025-11-17 07:00:00,81.14,0,0.5306533220414743,1
MWG,2025-11-18 07:00:00,81.73,0,0.5279794456417514,1
MWG,2025-11-19 07:00:00,81.14,0,0.5164925453931458,1
MWG,2025-11-20 07:00:00,79.76,0,0.526637090484711,1
MWG,2025-11-21 07:00:00,78.77,0,0.5089211626236563,1
MWG,2025-11-24 07:00:00,78.08,0,0.49846115133983393,1
MWG,2025-11-25 07:00:00,77.3,1,0.5044469079015012,1
MWG,2025-11-26 07:00:00,78.97,0,0.47764280581872237,1
MWG,2025-11-27 07:00:00,78.77,0,0.46990837297499344,1
MWG,2025-11-28 07:00:00,78.68,1,0.45879156504579527,1
MWG,2025-12-01 07:00:00,78.77,1,0.45533865692088776,1
MWG,2025-12-02 07:00:00,78.77,1,0.4114088905855007,1
MWG,2025-12-03 07:00:00,83.4,0,0.4761522153136129,1
MWG,2025-12-04 07:00:00,84.48,0,0.4667166539308297,1
MWG,2025-12-05 07:00:00,83.8,0,0.45960487398788236,1
MWG,2025-12-08 07:00:00,83.6,0,0.4568751945703432,1
MWG,2025-12-09 07:00:00,82.71,0,0.47543793685744445,1
MWG,2025-12-10 07:00:00,81.73,0,0.4951682463861198,1
MWG,2025-12-11 07:00:00,81.04,0,0.489118234893328,1
MWG,2025-12-12 07:00:00,77.3,1,0.5333392673368227,1
MWG,2025-12-15 07:00:00,76.51,1,0.5447112604619405,1
MWG,2025-12-16 07:00:00,80.74,0,0.5201547570528294,1
MWG,2025-12-17 07:00:00,80.64,1,0.5242490459071927,1
MWG,2025-12-18 07:00:00,80.35,1,0.526697218710237,1
MWG,2025-12-19 07:00:00,81.63,1,0.5253408266359274,1
MWG,2025-12-22 07:00:00,83.7,0,0.5284840724567822,1
MWG,2025-12-23 07:00:00,86.16,0,0.5206928515944597,1
MWG,2025-12-24 07:00:00,86.65,0,0.5173595867157242,1
MWG,2025-12-25 07:00:00,84.68,1,0.5361827898394821,1
MWG,2025-12-26 07:00:00,85.67,1,0.5214892795791007,1
MWG,2025-12-29 07:00:00,85.76,0,0.5152806363069602,1
MWG,2025-12-30 07:00:00,87.14,0,0.48628734110663907,1
MWG,2025-12-31 07:00:00,87.04,0,0.47559310142166566,1
SAB,2025-01-15 07:00:00,46.43,0,0.4033382465014491,0
SAB,2025-01-16 07:00:00,45.59,0,0.32095314949198955,0
SAB,2025-01-17 07:00:00,45.08,0,0.3302798174400029,0
SAB,2025-01-20 07:00:00,45.67,0,0.35947265746571333,0
SAB,2025-01-21 07:00:00,45.25,0,0.31212759747186813,0
SAB,2025-01-22 07:00:00,45.33,0,0.3493974193597373,0
SAB,2025-01-23 07:00:00,45.59,0,0.3774681093181532,0
SAB,2025-01-24 07:00:00,45.42,0,0.33332350208511313,0
SAB,2025-02-03 07:00:00,44.49,0,0.34993240433025985,0
SAB,2025-02-04 07:00:00,44.49,0,0.3532323653609671,0
SAB,2025-02-05 07:00:00,44.83,0,0.36702823790953465,0
SAB,2025-02-06 07:00:00,44.49,0,0.34738682594691495,0
SAB,2025-02-07 07:00:00,44.24,0,0.3499613862231682,0
SAB,2025-02-10 07:00:00,44.07,0,0.31325128136788294,0
SAB,2025-02-11 07:00:00,43.56,0,0.3476411067281427,0
SAB,2025-02-12 07:00:00,43.81,0,0.3486306510780304,0
SAB,2025-02-13 07:00:00,43.64,0,0.3229203657682695,0
SAB,2025-02-14 07:00:00,43.56,0,0.32350215236036667,0
SAB,2025-02-17 07:00:00,43.14,0,0.3598291658309392,0
SAB,2025-02-18 07:00:00,43.22,0,0.33709840901122645,0
SAB,2025-02-19 07:00:00,43.31,1,0.3738747770343436,0
SAB,2025-02-20 07:00:00,43.39,1,0.33857906222458345,0
SAB,2025-02-21 07:00:00,43.73,0,0.3619478679646391,0
SAB,2025-02-24 07:00:00,44.24,0,0.3793084265132338,0
SAB,2025-02-25 07:00:00,44.24,0,0.3417271501427992,0
SAB,2025-02-26 07:00:00,44.07,0,0.34062896005360827,0
SAB,2025-02-27 07:00:00,44.07,0,0.32360608646117095,0
SAB,2025-02-28 07:00:00,43.48,0,0.3159646408116236,0
SAB,2025-03-03 07:00:00,43.64,0,0.33530046723041346,0
SAB,2025-03-04 07:00:00,43.9,0,0.3523009702564014,0
SAB,2025-03-05 07:00:00,43.73,0,0.31235747578950446,0
SAB,2025-03-06 07:00:00,43.39,0,0.31120058152714053,0
SAB,2025-03-07 07:00:00,43.22,0,0.31834049367984096,0
SAB,2025-03-10 07:00:00,43.39,0,0.3302561745982778,0
SAB,2025-03-11 07:00:00,43.22,0,0.3073740106957879,0
SAB,2025-03-12 07:00:00,43.14,0,0.2953772572672155,0
SAB,2025-03-13 07:00:00,43.14,0,0.2801937587032111,0
SAB,2025-03-14 07:00:00,43.56,0,0.35543555508856395,0
SAB,2025-03-17 07:00:00,43.56,0,0.3363977301137271,0
SAB,2025-03-18 07:00:00,43.14,0,0.310709887108572,0
SAB,2025-03-19 07:00:00,42.88,0,0.3233163094148445,0
SAB,2025-03-20 07:00:00,42.72,0,0.2926482299633752,0
SAB,2025-03-21 07:00:00,42.46,0,0.29874000454937627,0
SAB,2025-03-24 07:00:00,42.12,0,0.3242233258718602,0
SAB,2025-03-25 07:00:00,41.83,0,0.33183934911962215,0
SAB,2025-03-26 07:00:00,41.83,0,0.3207952789703047,0
SAB,2025-03-27 07:00:00,41.83,0,0.3116878434829056,0
SAB,2025-03-28 07:00:00,41.62,0,0.31079228996668645,0
SAB,2025-03-31 07:00:00,41.28,0,0.3195376438620925,0
SAB,2025-04-01 07:00:00,41.66,0,0.35338479858872895,0
SAB,2025-04-02 07:00:00,41.62,0,0.3352060586845806,0
SAB,2025-04-03 07:00:00,38.71,0,0.5011100388402345,1
SAB,2025-04-04 07:00:00,36.6,1,0.5221070650392182,1
SAB,2025-04-08 07:00:00,35.96,1,0.6036880706496216,1
SAB,2025-04-09 07:00:00,37.23,1,0.5539108149060236,1
SAB,2025-04-10 07:00:00,39.8,1,0.5678059479527019,1
SAB,2025-04-11 07:00:00,41.36,0,0.5854372682327992,1
SAB,2025-04-14 07:00:00,41.79,0,0.5650591508318944,1
SAB,2025-04-15 07:00:00,41.11,0,0.5692404011880156,1
SAB,2025-04-16 07:00:00,40.18,0,0.578068767415583,1
SAB,2025-04-17 07:00:00,39.68,0,0.5712522050489425,1
SAB,2025-04-18 07:00:00,39.97,1,0.5666991677412636,1
SAB,2025-04-21 07:00:00,39.76,1,0.558787147385477,1
SAB,2025-04-22 07:00:00,39.34,1,0.5623276990908239,1
SAB,2025-04-23 07:00:00,41.03,1,0.5631151677744508,1
SAB,2025-04-24 07:00:00,41.53,0,0.5518838465400971,1
SAB,2025-04-25 07:00:00,41.79,0,0.5193352960997427,1
SAB,2025-04-28 07:00:00,43.22,0,0.5277533346115987,1
SAB,2025-04-29 07:00:00,40.6,0,0.5414438135499517,1
SAB,2025-05-05 07:00:00,40.44,0,0.5555301269431264,1
SAB,2025-05-06 07:00:00,40.39,1,0.5546165513165481,1
SAB,2025-05-07 07:00:00,40.56,1,0.5490980925421534,1
SAB,2025-05-08 07:00:00,40.98,0,0.5384231636474069,1
SAB,2025-05-09 07:00:00,41.36,0,0.5252378722841893,1
SAB,2025-05-12 07:00:00,41.74,1,0.5172933945375077,1
SAB,2025-05-13 07:00:00,41.58,1,0.5127375705540618,1
SAB,2025-05-14 07:00:00,41.79,0,0.5094964767547612,1
SAB,2025-05-15 07:00:00,42.46,0,0.4752242400476115,1
SAB,2025-05-16 07:00:00,42.63,0,0.44105321172149026,1
SAB,2025-05-19 07:00:00,41.96,0,0.438893689215646,1
SAB,2025-05-20 07:00:00,42.04,0,0.43786625083122094,1
SAB,2025-05-21 07:00:00,41.87,0,0.4080733490079577,1
SAB,2025-05-22 07:00:00,41.91,0,0.4028375311972649,0
SAB,2025-05-23 07:00:00,41.74,0,0.40590915293237384,1
SAB,2025-05-26 07:00:00,41.74,0,0.392074503596026,0
SAB,2025-05-27 07:00:00,41.74,0,0.3906418193405316,0
SAB,2025-05-28 07:00:00,41.74,0,0.3877395384515617,0
SAB,2025-05-29 07:00:00,41.58,0,0.37868695683627235,0
SAB,2025-05-30 07:00:00,41.15,1,0.3562857349445581,0
SAB,2025-06-02 07:00:00,41.49,0,0.37290087146368667,0
SAB,2025-06-03 07:00:00,41.79,0,0.39674308981143824,0
SAB,2025-06-04 07:00:00,42.29,0,0.42305642530713833,1
SAB,2025-06-05 07:00:00,41.79,0,0.369458064941548,0
SAB,2025-06-06 07:00:00,41.41,0,0.35532305115815666,0
SAB,2025-06-09 07:00:00,41.24,0,0.3451944106489596,0
SAB,2025-06-10 07:00:00,41.24,0,0.32531524075856266,0
SAB,2025-06-11 07:00:00,41.36,0,0.38045498088371976,0
SAB,2025-06-12 07:00:00,41.74,0,0.38750522699668966,0
SAB,2025-06-13 07:00:00,41.45,0,0.3557932694629483,0
SAB,2025-06-16 07:00:00,41.83,0,0.39187555742923247,0
SAB,2025-06-17 07:00:00,42.17,0,0.4310659738473401,1
SAB,2025-06-18 07:00:00,41.79,0,0.3662300578282083,0
SAB,2025-06-19 07:00:00,41.74,0,0.35937351103921145,0
SAB,2025-06-20 07:00:00,41.79,1,0.3723249446554792,0
SAB,2025-06-23 07:00:00,41.58,1,0.348354030316181,0
SAB,2025-06-24 07:00:00,41.91,1,0.39456867370062515,0
SAB,2025-06-25 07:00:00,42.46,0,0.4419219822957898,1
SAB,2025-06-26 07:00:00,42.63,0,0.4188575260225691,1
SAB,2025-06-27 07:00:00,42.72,0,0.4603101724435507,1
SAB,2025-06-30 07:00:00,42.18,0,0.37287077811821695,0
SAB,2025-07-01 07:00:00,41.77,0,0.3706238807301692,0
SAB,2025-07-02 07:00:00,41.64,0,0.36405561414082876,0
SAB,2025-07-03 07:00:00,41.5,0,0.3374387348976123,0
SAB,2025-07-04 07:00:00,41.64,1,0.36753454093357385,0
SAB,2025-07-07 07:00:00,41.64,1,0.35527970278081816,0
SAB,2025-07-08 07:00:00,42.04,1,0.40671723671056287,1
SAB,2025-07-09 07:00:00,42.76,0,0.4590715050998987,1
SAB,2025-07-10 07:00:00,43.16,0,0.4394666858677551,1
SAB,2025-07-11 07:00:00,43.21,0,0.4099521637478205,1
SAB,2025-07-14 07:00:00,43.08,0,0.37922118028563956,0
SAB,2025-07-15 07:00:00,43.12,0,0.3829287907198707,0
SAB,2025-07-16 07:00:00,43.08,0,0.37506782384539455,0
SAB,2025-07-17 07:00:00,43.43,0,0.40275674902924513,0
SAB,2025-07-18 07:00:00,43.25,0,0.36975166262291,0
SAB,2025-07-21 07:00:00,42.81,1,0.36477192614913273,0
SAB,2025-07-22 07:00:00,42.9,1,0.3866086710605382,0
SAB,2025-07-23 07:00:00,43.61,0,0.42168994466016485,1
SAB,2025-07-24 07:00:00,43.97,0,0.4166684559406255,1
SAB,2025-07-25 07:00:00,44.06,0,0.4037217415412068,1
SAB,2025-07-28 07:00:00,44.24,0,0.41094704498617457,1
SAB,2025-07-29 07:00:00,42.49,0,0.4521981651955418,1
SAB,2025-07-30 07:00:00,42.72,0,0.43406275064468786,1
SAB,2025-07-31 07:00:00,42.76,0,0.4126791893987213,1
SAB,2025-08-01 07:00:00,43.03,0,0.42088460938839933,1
SAB,2025-08-04 07:00:00,43.16,0,0.41484019779127174,1
SAB,2025-08-05 07:00:00,42.63,0,0.40491059060242207,1
SAB,2025-08-06 07:00:00,42.9,0,0.414457028302277,1
SAB,2025-08-07 07:00:00,42.81,0,0.39629265893848636,0
SAB,2025-08-08 07:00:00,42.94,0,0.4119546221393779,1
SAB,2025-08-11 07:00:00,43.25,0,0.4154774581978766,1
SAB,2025-08-12 07:00:00,43.34,0,0.41047621891201663,1
SAB,2025-08-13 07:00:00,43.03,0,0.3795738157437143,0
SAB,2025-08-14 07:00:00,42.98,0,0.373397425007316,0
SAB,2025-08-15 07:00:00,42.63,0,0.3729997155192556,0
SAB,2025-08-18 07:00:00,42.31,0,0.3552564183870697,0
SAB,2025-08-19 07:00:00,42.31,0,0.33979507357545297,0
SAB,2025-08-20 07:00:00,41.95,0,0.33021280336424647,0
SAB,2025-08-21 07:00:00,41.82,0,0.3269286605990834,0
SAB,2025-08-22 07:00:00,41.1,0,0.4153437415704966,1
SAB,2025-08-25 07:00:00,40.92,1,0.4122465933232628,1
SAB,2025-08-26 07:00:00,41.19,0,0.3540434676666971,0
SAB,2025-08-27 07:00:00,41.28,0,0.3491621879143981,0
SAB,2025-08-28 07:00:00,41.77,0,0.3663099182128648,0
SAB,2025-08-29 07:00:00,41.77,1,0.3309523203084058,0
SAB,2025-09-03 07:00:00,41.59,0,0.3362318259845822,0
SAB,2025-09-04 07:00:00,42.27,0,0.36858445081655494,0
SAB,2025-09-05 07:00:00,42.45,0,0.3859290794297386,0
SAB,2025-09-08 07:00:00,42.0,0,0.3357553554400606,0
SAB,2025-09-09 07:00:00,41.55,0,0.3219505133988368,0
SAB,2025-09-10 07:00:00,41.5,0,0.323416035686646,0
SAB,2025-09-11 07:00:00,41.64,1,0.3529959392142416,0
SAB,2025-09-12 07:00:00,41.86,0,0.3661707388146759,0
SAB,2025-09-15 07:00:00,41.91,0,0.35483791094619876,0
SAB,2025-09-16 07:00:00,42.9,0,0.4536448338974026,1
SAB,2025-09-17 07:00:00,42.45,0,0.35208027052893737,0
SAB,2025-09-18 07:00:00,42.0,0,0.3356574585085069,0
SAB,2025-09-19 07:00:00,41.28,0,0.3657555817243142,0
SAB,2025-09-22 07:00:00,41.01,0,0.3680282289068057,0
SAB,2025-09-23 07:00:00,41.1,0,0.35182841542925575,0
SAB,2025-09-24 07:00:00,41.37,0,0.3653033082504673,0
SAB,2025-09-25 07:00:00,41.15,0,0.324412268802592,0
SAB,2025-09-26 07:00:00,40.97,0,0.3203017840474108,0
SAB,2025-09-29 07:00:00,40.83,0,0.31214520293647907,0
SAB,2025-09-30 07:00:00,40.56,0,0.32277522124099006,0
SAB,2025-10-01 07:00:00,40.65,1,0.3375173366554131,0
SAB,2025-10-02 07:00:00,40.74,0,0.3316436122861471,0
SAB,2025-10-03 07:00:00,40.88,0,0.3688921246752817,0
SAB,2025-10-06 07:00:00,41.42,0,0.3710426446574949,0
SAB,2025-10-07 07:00:00,41.28,0,0.33935904633465536,0
SAB,2025-10-08 07:00:00,41.24,0,0.3485380286237013,0
SAB,2025-10-09 07:00:00,40.92,0,0.3240005687914488,0
SAB,2025-10-10 07:00:00,41.15,0,0.3673899569482934,0
SAB,2025-10-13 07:00:00,41.24,0,0.37749807758460335,0
SAB,2025-10-14 07:00:00,40.74,0,0.29632811934073855,0
SAB,2025-10-15 07:00:00,40.61,0,0.29736418404003334,0
SAB,2025-10-16 07:00:00,40.56,0,0.2892066038998889,0
SAB,2025-10-17 07:00:00,40.61,0,0.3001316016098813,0
SAB,2025-10-20 07:00:00,39.48,1,0.38542177846563563,0
SAB,2025-10-21 07:00:00,39.89,1,0.3313140021271874,0
SAB,2025-10-22 07:00:00,40.2,0,0.33927757134139297,0
SAB,2025-10-23 07:00:00,40.79,0,0.35465953026774527,0
SAB,2025-10-24 07:00:00,40.52,0,0.3336658142188829,0
SAB,2025-10-27 07:00:00,40.79,0,0.3634309535819234,0
SAB,2025-10-28 07:00:00,40.79,0,0.34527378792425906,0
SAB,2025-10-29 07:00:00,41.06,0,0.3826446979420033,0
SAB,2025-10-30 07:00:00,41.01,0,0.3484102891891928,0
SAB,2025-10-31 07:00:00,41.15,0,0.3833548574183257,0
SAB,2025-11-03 07:00:00,41.55,0,0.3965763838208309,0
SAB,2025-11-04 07:00:00,41.5,0,0.36684869163799705,0
SAB,2025-11-05 07:00:00,41.46,0,0.3649598056119995,0
SAB,2025-11-06 07:00:00,41.42,0,0.34928724411838025,0
SAB,2025-11-07 07:00:00,41.37,1,0.3354450648451977,0
SAB,2025-11-10 07:00:00,41.28,1,0.3309009400568663,0
SAB,2025-11-11 07:00:00,42.0,0,0.42709999442424157,1
SAB,2025-11-12 07:00:00,42.13,0,0.40210663696676596,0
SAB,2025-11-13 07:00:00,42.54,0,0.41716936168304236,1
SAB,2025-11-14 07:00:00,42.27,0,0.36767457481066523,0
SAB,2025-11-17 07:00:00,42.4,0,0.3945850234423754,0
SAB,2025-11-18 07:00:00,42.36,0,0.3594682511204818,0
SAB,2025-11-19 07:00:00,42.18,0,0.3445822969070877,0
SAB,2025-11-20 07:00:00,42.22,0,0.3443066414389231,0
SAB,2025-11-21 07:00:00,41.91,0,0.3457190475259398,0
SAB,2025-11-24 07:00:00,41.42,0,0.36933467573245604,0
SAB,2025-11-25 07:00:00,41.55,0,0.38339562266908506,0
SAB,2025-11-26 07:00:00,41.73,1,0.38752039651841275,0
SAB,2025-11-27 07:00:00,41.64,1,0.37209504795096016,0
SAB,2025-11-28 07:00:00,41.64,1,0.37192929530901914,0
SAB,2025-12-01 07:00:00,43.97,1,0.5096662130101637,1
SAB,2025-12-02 07:00:00,47.02,0,0.5831261162103542,1
SAB,2025-12-03 07:00:00,46.58,1,0.5073656990515587,1
SAB,2025-12-04 07:00:00,45.68,1,0.5208227842571682,1
SAB,2025-12-05 07:00:00,44.69,1,0.5375432767279373,1
SAB,2025-12-08 07:00:00,47.74,0,0.5722613749641962,1
SAB,2025-12-09 07:00:00,47.83,0,0.5545153440579716,1
SAB,2025-12-10 07:00:00,46.22,0,0.5642415639006068,1
SAB,2025-12-11 07:00:00,46.93,0,0.5498981562204601,1
SAB,2025-12-12 07:00:00,44.87,0,0.5945512996925321,1
SAB,2025-12-15 07:00:00,45.32,0,0.5650638689662966,1
SAB,2025-12-16 07:00:00,46.4,0,0.5527191108686814,1
SAB,2025-12-17 07:00:00,44.96,0,0.5719055867999738,1
SAB,2025-12-18 07:00:00,45.05,0,0.5703780184286052,1
SAB,2025-12-19 07:00:00,44.6,0,0.575017507530217,1
SAB,2025-12-22 07:00:00,44.51,0,0.5615486818172394,1
SAB,2025-12-23 07:00:00,44.42,0,0.5450231345515314,1
SAB,2025-12-24 07:00:00,43.79,0,0.5506518657417712,1
SAB,2025-12-25 07:00:00,43.25,1,0.5502378610120648,1
SAB,2025-12-26 07:00:00,43.75,0,0.5130063680055561,1
SAB,2025-12-29 07:00:00,43.79,0,0.5146097949080285,1
SAB,2025-12-30 07:00:00,44.51,0,0.48816488805804986,1
SAB,2025-12-31 07:00:00,43.97,0,0.4687509520061799,1
SHB,2025-01-15 07:00:00,7.7,0,0.35494009242249175,0
SHB,2025-01-16 07:00:00,7.7,0,0.33030735445657045,0
SHB,2025-01-17 07:00:00,7.73,0,0.3836362323568244,0
SHB,2025-01-20 07:00:00,7.73,0,0.3686114001793883,0
SHB,2025-01-21 07:00:00,7.73,0,0.3575292674487736,0
SHB,2025-01-22 07:00:00,7.7,1,0.3217699881468486,0
SHB,2025-01-23 07:00:00,7.77,1,0.40555933848121367,1
SHB,2025-01-24 07:00:00,7.81,0,0.4149312989322893,1
SHB,2025-02-03 07:00:00,7.92,0,0.5023954969444473,1
SHB,2025-02-04 07:00:00,8.0,0,0.4755288922306453,1
SHB,2025-02-05 07:00:00,7.92,0,0.4002761722166205,0
SHB,2025-02-06 07:00:00,7.96,1,0.4233938631302781,1
SHB,2025-02-07 07:00:00,8.0,0,0.4325495510718979,1
SHB,2025-02-10 07:00:00,8.0,1,0.4038571946309897,1
SHB,2025-02-11 07:00:00,8.15,0,0.48988969103669106,1
SHB,2025-02-12 07:00:00,8.07,1,0.39526955983179357,0
SHB,2025-02-13 07:00:00,8.15,1,0.42723972057795284,1
SHB,2025-02-14 07:00:00,8.19,1,0.43414862200290244,1
SHB,2025-02-17 07:00:00,8.34,0,0.4937537954998398,1
SHB,2025-02-18 07:00:00,8.3,0,0.3947803491193028,0
SHB,2025-02-19 07:00:00,8.34,0,0.4068603137419987,1
SHB,2025-02-20 07:00:00,8.3,1,0.3953289274185102,0
SHB,2025-02-21 07:00:00,8.34,1,0.41631985872633304,1
SHB,2025-02-24 07:00:00,8.45,0,0.41773405131914326,1
SHB,2025-02-25 07:00:00,8.45,0,0.4121435906100182,1
SHB,2025-02-26 07:00:00,8.49,0,0.41292907444544935,1
SHB,2025-02-27 07:00:00,8.45,0,0.3829393251659429,0
SHB,2025-02-28 07:00:00,8.41,0,0.385551749017879,0
SHB,2025-03-03 07:00:00,8.34,0,0.3928298580617777,0
SHB,2025-03-04 07:00:00,8.39,0,0.40047490663757046,0
SHB,2025-03-05 07:00:00,8.4,0,0.3955224887565478,0
SHB,2025-03-06 07:00:00,8.41,0,0.402502651728336,0
SHB,2025-03-07 07:00:00,8.41,0,0.39877930402824635,0
SHB,2025-03-10 07:00:00,8.41,0,0.38638249429644034,0
SHB,2025-03-11 07:00:00,8.4,1,0.3837244601795944,0
SHB,2025-03-12 07:00:00,8.39,1,0.3773002042274541,0
SHB,2025-03-13 07:00:00,8.41,1,0.40045888465823803,0
SHB,2025-03-14 07:00:00,9.0,1,0.5158016187109056,1
SHB,2025-03-17 07:00:00,9.46,1,0.574063778208086,1
SHB,2025-03-18 07:00:00,9.76,0,0.5443042545749305,1
SHB,2025-03-19 07:00:00,9.8,1,0.5066575116160278,1
SHB,2025-03-20 07:00:00,9.88,1,0.5390733500569702,1
SHB,2025-03-21 07:00:00,9.88,1,0.5558246113051003,1
SHB,2025-03-24 07:00:00,10.43,1,0.5881786824988386,1
SHB,2025-03-25 07:00:00,10.43,1,0.588345714059101,1
SHB,2025-03-26 07:00:00,10.3,1,0.5948979577995106,1
SHB,2025-03-27 07:00:00,10.68,0,0.5913493392776065,1
SHB,2025-03-28 07:00:00,10.68,0,0.5984359360297546,1
SHB,2025-03-31 07:00:00,10.47,0,0.6036358506516895,1
SHB,2025-04-01 07:00:00,10.47,0,0.6049577352769275,1
SHB,2025-04-02 07:00:00,10.56,0,0.6033968274481448,1
SHB,2025-04-03 07:00:00,9.84,0,0.6130135867871139,1
SHB,2025-04-04 07:00:00,10.14,0,0.5878583887266841,1
SHB,2025-04-08 07:00:00,9.46,1,0.6644702297686317,1
SHB,2025-04-09 07:00:00,9.21,1,0.662132528235813,1
SHB,2025-04-10 07:00:00,9.84,1,0.6084241709354775,1
SHB,2025-04-11 07:00:00,10.22,0,0.6185715735855004,1
SHB,2025-04-14 07:00:00,10.22,0,0.5999691026783378,1
SHB,2025-04-15 07:00:00,10.01,1,0.6068978454971317,1
SHB,2025-04-16 07:00:00,10.09,1,0.6068704050951647,1
SHB,2025-04-17 07:00:00,10.14,1,0.5967256754344782,1
SHB,2025-04-18 07:00:00,10.81,0,0.605719262611004,1
SHB,2025-04-21 07:00:00,11.1,0,0.6299504361244946,1
SHB,2025-04-22 07:00:00,11.1,0,0.5969598117914919,1
SHB,2025-04-23 07:00:00,10.93,0,0.6036985674310263,1
SHB,2025-04-24 07:00:00,10.85,0,0.605512189532233,1
SHB,2025-04-25 07:00:00,10.77,0,0.579082339624264,1
SHB,2025-04-28 07:00:00,10.68,0,0.580745866529019,1
SHB,2025-04-29 07:00:00,10.6,0,0.587967663114055,1
SHB,2025-05-05 07:00:00,10.68,1,0.578225368187134,1
SHB,2025-05-06 07:00:00,10.51,1,0.5781079338144288,1
SHB,2025-05-07 07:00:00,10.6,1,0.5368766577584531,1
SHB,2025-05-08 07:00:00,10.85,1,0.520647622764631,1
SHB,2025-05-09 07:00:00,10.85,0,0.5050086275638406,1
SHB,2025-05-12 07:00:00,11.06,1,0.501199129909866,1
SHB,2025-05-13 07:00:00,11.02,1,0.4979512035462877,1
SHB,2025-05-14 07:00:00,10.93,1,0.4955596756858669,1
SHB,2025-05-15 07:00:00,11.52,0,0.5399238486928538,1
SHB,2025-05-16 07:00:00,11.31,0,0.524638157803092,1
SHB,2025-05-19 07:00:00,11.23,0,0.5279734297257198,1
SHB,2025-05-20 07:00:00,11.23,0,0.5255050834769667,1
SHB,2025-05-21 07:00:00,11.36,0,0.5206866098784001,1
SHB,2025-05-22 07:00:00,11.31,1,0.5220125448375526,1
SHB,2025-05-23 07:00:00,11.36,1,0.5209541401322904,1
SHB,2025-05-26 07:00:00,11.44,0,0.5117683075635391,1
SHB,2025-05-27 07:00:00,11.61,0,0.5109880672409876,1
SHB,2025-05-28 07:00:00,11.61,0,0.5048594198893835,1
SHB,2025-05-29 07:00:00,11.44,1,0.48974539265073774,1
SHB,2025-05-30 07:00:00,11.4,1,0.4901630867608748,1
SHB,2025-06-02 07:00:00,11.52,0,0.49068221468211115,1
SHB,2025-06-03 07:00:00,11.69,0,0.4864789571236714,1
SHB,2025-06-04 07:00:00,11.61,0,0.48159426680915335,1
SHB,2025-06-05 07:00:00,11.52,0,0.48035184114617047,1
SHB,2025-06-06 07:00:00,11.52,0,0.483629524786587,1
SHB,2025-06-09 07:00:00,11.39,1,0.4873387593591999,1
SHB,2025-06-10 07:00:00,11.48,0,0.48450102420614266,1
SHB,2025-06-11 07:00:00,11.61,0,0.4856315329069401,1
SHB,2025-06-12 07:00:00,11.61,0,0.44318478965874686,1
SHB,2025-06-13 07:00:00,11.26,1,0.47060052423872045,1
SHB,2025-06-16 07:00:00,11.44,0,0.47792201335576345,1
SHB,2025-06-17 07:00:00,11.52,0,0.47437158798879375,1
SHB,2025-06-18 07:00:00,11.48,0,0.47215612439306914,1
SHB,2025-06-19 07:00:00,11.35,0,0.46679238826260194,1
SHB,2025-06-20 07:00:00,11.44,0,0.46761523960517093,1
SHB,2025-06-23 07:00:00,11.35,0,0.452834571475009,1
SHB,2025-06-24 07:00:00,11.35,0,0.44248548944517696,1
SHB,2025-06-25 07:00:00,11.39,0,0.4509580171286473,1
SHB,2025-06-26 07:00:00,11.44,0,0.449029277983238,1
SHB,2025-06-27 07:00:00,11.3,0,0.44206314021629173,1
SHB,2025-06-30 07:00:00,11.26,0,0.4305621656864311,1
SHB,2025-07-01 07:00:00,11.22,0,0.42778401890757445,1
SHB,2025-07-02 07:00:00,11.3,1,0.40737915820170006,1
SHB,2025-07-03 07:00:00,11.35,1,0.4075513193558298,1
SHB,2025-07-04 07:00:00,11.35,1,0.3924638416339248,0
SHB,2025-07-07 07:00:00,12.13,1,0.5117731700937252,1
SHB,2025-07-08 07:00:00,12.35,0,0.4907238600355787,1
SHB,2025-07-09 07:00:00,12.22,0,0.4717424716183858,1
SHB,2025-07-10 07:00:00,12.53,0,0.4818975945129781,1
SHB,2025-07-11 07:00:00,12.4,0,0.4724807613879616,1
SHB,2025-07-14 07:00:00,12.35,0,0.5049188679354863,1
SHB,2025-07-15 07:00:00,12.31,0,0.5084077622459219,1
SHB,2025-07-16 07:00:00,12.44,1,0.5086093272762026,1
SHB,2025-07-17 07:00:00,12.48,1,0.5054868322315657,1
SHB,2025-07-18 07:00:00,12.4,1,0.5107248735463364,1
SHB,2025-07-21 07:00:00,12.74,1,0.46994375613999506,1
SHB,2025-07-22 07:00:00,12.74,1,0.4684697137839033,1
SHB,2025-07-23 07:00:00,12.79,1,0.47060170553958486,1
SHB,2025-07-24 07:00:00,13.14,0,0.47222972901132076,1
SHB,2025-07-25 07:00:00,13.14,1,0.47324487137402493,1
SHB,2025-07-28 07:00:00,14.06,1,0.6178944818486509,1
SHB,2025-07-29 07:00:00,13.14,1,0.5889997200873102,1
SHB,2025-07-30 07:00:00,14.06,1,0.6240743639225026,1
SHB,2025-07-31 07:00:00,15.02,1,0.649444581313793,1
SHB,2025-08-01 07:00:00,15.19,1,0.6128797979921431,1
SHB,2025-08-04 07:00:00,16.24,0,0.605463041163592,1
SHB,2025-08-05 07:00:00,16.02,1,0.5936021374353643,1
SHB,2025-08-06 07:00:00,16.37,1,0.567239638596139,1
SHB,2025-08-07 07:00:00,16.46,0,0.5620198271182054,1
SHB,2025-08-08 07:00:00,16.28,1,0.5975396654044272,1
SHB,2025-08-11 07:00:00,16.67,1,0.5809082450208992,1
SHB,2025-08-12 07:00:00,16.5,1,0.5848745298580196,1
SHB,2025-08-13 07:00:00,16.89,1,0.566726131768275,1
SHB,2025-08-14 07:00:00,17.81,1,0.5410201281376975,1
SHB,2025-08-15 07:00:00,18.2,0,0.5183027348524771,1
SHB,2025-08-18 07:00:00,18.6,0,0.5244008936805636,1
SHB,2025-08-19 07:00:00,18.25,0,0.5264824400376921,1
SHB,2025-08-20 07:00:00,18.05,0,0.5330011226282292,1
SHB,2025-08-21 07:00:00,18.25,0,0.5371979343674131,1
SHB,2025-08-22 07:00:00,17.02,1,0.6036470920513389,1
SHB,2025-08-25 07:00:00,16.08,1,0.6877528481737881,1
SHB,2025-08-26 07:00:00,17.17,1,0.608756688861561,1
SHB,2025-08-27 07:00:00,17.41,1,0.6153429737422542,1
SHB,2025-08-28 07:00:00,18.15,1,0.6113597702598621,1
SHB,2025-08-29 07:00:00,18.55,0,0.6070687551617208,1
SHB,2025-09-03 07:00:00,18.79,0,0.5885710992971703,1
SHB,2025-09-04 07:00:00,18.6,0,0.5953782447315188,1
SHB,2025-09-05 07:00:00,17.76,0,0.620957728929215,1
SHB,2025-09-08 07:00:00,17.02,1,0.66007476480094,1
SHB,2025-09-09 07:00:00,17.36,0,0.6204737058328217,1
SHB,2025-09-10 07:00:00,17.56,0,0.5899433198199648,1
SHB,2025-09-11 07:00:00,17.56,1,0.5824143532431646,1
SHB,2025-09-12 07:00:00,17.31,1,0.5884501554634215,1
SHB,2025-09-15 07:00:00,17.56,0,0.5803988592282047,1
SHB,2025-09-16 07:00:00,17.95,0,0.5689920965807992,1
SHB,2025-09-17 07:00:00,17.81,0,0.5728778473156161,1
SHB,2025-09-18 07:00:00,17.61,0,0.5820576311803757,1
SHB,2025-09-19 07:00:00,17.51,0,0.5597622402766804,1
SHB,2025-09-22 07:00:00,17.17,0,0.5404146267978153,1
SHB,2025-09-23 07:00:00,16.77,0,0.5211532763139997,1
SHB,2025-09-24 07:00:00,17.12,0,0.5028424822095795,1
SHB,2025-09-25 07:00:00,17.12,0,0.5015185120229313,1
SHB,2025-09-26 07:00:00,16.97,0,0.49970172135030233,1
SHB,2025-09-29 07:00:00,16.57,0,0.5124009619383046,1
SHB,2025-09-30 07:00:00,16.67,0,0.5039085999048931,1
SHB,2025-10-01 07:00:00,16.72,1,0.5116008536359562,1
SHB,2025-10-02 07:00:00,16.77,0,0.5050386300723583,1
SHB,2025-10-03 07:00:00,16.48,1,0.5012705495095824,1
SHB,2025-10-06 07:00:00,17.17,1,0.5204663559919753,1
SHB,2025-10-07 07:00:00,17.02,1,0.5024618879133759,1
SHB,2025-10-08 07:00:00,17.07,1,0.50029294945828,1
SHB,2025-10-09 07:00:00,17.66,0,0.5204304916221075,1
SHB,2025-10-10 07:00:00,17.76,0,0.5197136551670539,1
SHB,2025-10-13 07:00:00,17.86,0,0.49949734706224064,1
SHB,2025-10-14 07:00:00,17.76,0,0.5019241985309815,1
SHB,2025-10-15 07:00:00,17.95,0,0.49889413308375247,1
SHB,2025-10-16 07:00:00,17.91,0,0.4912541759089233,1
SHB,2025-10-17 07:00:00,17.86,0,0.47790018958994956,1
SHB,2025-10-20 07:00:00,16.62,0,0.5568717967205299,1
SHB,2025-10-21 07:00:00,16.77,0,0.536213520860823,1
SHB,2025-10-22 07:00:00,16.43,0,0.5512918353056417,1
SHB,2025-10-23 07:00:00,16.48,0,0.5269077380596245,1
SHB,2025-10-24 07:00:00,16.08,1,0.572366132480539,1
SHB,2025-10-27 07:00:00,15.93,1,0.5641962701328735,1
SHB,2025-10-28 07:00:00,16.13,0,0.5373521446000589,1
SHB,2025-10-29 07:00:00,16.57,0,0.5304386074447582,1
SHB,2025-10-30 07:00:00,16.67,0,0.5367683078457618,1
SHB,2025-10-31 07:00:00,16.23,0,0.5504671625285242,1
SHB,2025-11-03 07:00:00,15.74,0,0.5315733979323415,1
SHB,2025-11-04 07:00:00,16.08,0,0.5081911798969049,1
SHB,2025-11-05 07:00:00,15.98,0,0.5212785671306607,1
SHB,2025-11-06 07:00:00,15.64,0,0.5303754961919415,1
SHB,2025-11-07 07:00:00,15.09,1,0.5617978922788318,1
SHB,2025-11-10 07:00:00,15.09,1,0.5320642324156762,1
SHB,2025-11-11 07:00:00,15.59,1,0.5325933331308977,1
SHB,2025-11-12 07:00:00,16.08,1,0.5343323374874223,1
SHB,2025-11-13 07:00:00,16.13,0,0.5428675052142864,1
SHB,2025-11-14 07:00:00,16.13,0,0.5381633183495161,1
SHB,2025-11-17 07:00:00,16.38,0,0.5141979881012164,1
SHB,2025-11-18 07:00:00,16.28,0,0.5049803732570768,1
SHB,2025-11-19 07:00:00,16.23,0,0.5009730524424412,1
SHB,2025-11-20 07:00:00,16.43,0,0.49344398941769263,1
SHB,2025-11-21 07:00:00,16.43,0,0.4680552510914372,1
SHB,2025-11-24 07:00:00,16.33,0,0.4690866440069786,1
SHB,2025-11-25 07:00:00,16.18,1,0.46853274624911256,1
SHB,2025-11-26 07:00:00,16.48,1,0.4660157099796582,1
SHB,2025-11-27 07:00:00,16.52,1,0.4592508842858644,1
SHB,2025-11-28 07:00:00,16.57,1,0.4514977050515259,1
SHB,2025-12-01 07:00:00,16.77,1,0.4367342138482099,1
SHB,2025-12-02 07:00:00,16.77,0,0.4003116085011934,0
SHB,2025-12-03 07:00:00,17.12,0,0.42698181072793423,1
SHB,2025-12-04 07:00:00,17.07,0,0.4036804897151807,0
SHB,2025-12-05 07:00:00,16.52,0,0.4702841702432271,1
SHB,2025-12-08 07:00:00,16.38,0,0.4853896247899233,1
SHB,2025-12-09 07:00:00,16.28,0,0.48246952831912837,1
SHB,2025-12-10 07:00:00,16.23,0,0.4609913149107778,1
SHB,2025-12-11 07:00:00,16.13,0,0.45995199784341484,1
SHB,2025-12-12 07:00:00,15.78,0,0.5041212805544217,1
SHB,2025-12-15 07:00:00,15.69,0,0.48969352981257525,1
SHB,2025-12-16 07:00:00,15.69,1,0.4816833685919112,1
SHB,2025-12-17 07:00:00,15.49,1,0.4908049378184211,1
SHB,2025-12-18 07:00:00,15.88,0,0.4751142776868612,1
SHB,2025-12-19 07:00:00,15.93,1,0.4725447300391904,1
SHB,2025-12-22 07:00:00,16.08,0,0.46829370942272236,1
SHB,2025-12-23 07:00:00,16.08,0,0.4655344167276177,1
SHB,2025-12-24 07:00:00,16.67,0,0.48904897340322184,1
SHB,2025-12-25 07:00:00,16.28,0,0.4883595795404408,1
SHB,2025-12-26 07:00:00,16.13,0,0.48327402242321044,1
SHB,2025-12-29 07:00:00,15.98,0,0.48788882016541146,1
SHB,2025-12-30 07:00:00,16.13,0,0.4829559097873853,1
SHB,2025-12-31 07:00:00,16.13,0,0.4833703150462824,1
SSB,2025-01-15 07:00:00,14.68,1,0.4614703845249237,1
SSB,2025-01-16 07:00:00,14.77,1,0.45068982580471106,1
SSB,2025-01-17 07:00:00,14.85,1,0.42288055025848353,1
SSB,2025-01-20 07:00:00,14.93,1,0.4252883055660596,1
SSB,2025-01-21 07:00:00,15.31,1,0.4504754808877987,1
SSB,2025-01-22 07:00:00,15.56,0,0.4459350433357491,1
SSB,2025-01-23 07:00:00,15.56,0,0.43367248974214057,1
SSB,2025-01-24 07:00:00,15.56,0,0.42915738165550515,1
SSB,2025-02-03 07:00:00,15.51,0,0.4225413526482933,1
SSB,2025-02-04 07:00:00,15.6,0,0.4362992914811958,1
SSB,2025-02-05 07:00:00,15.47,0,0.42164783679375345,1
SSB,2025-02-06 07:00:00,15.47,1,0.4230774727574399,1
SSB,2025-02-07 07:00:00,15.51,0,0.4315143245653224,1
SSB,2025-02-10 07:00:00,15.51,1,0.42736010170052946,1
SSB,2025-02-11 07:00:00,15.72,1,0.42589422802140986,1
SSB,2025-02-12 07:00:00,15.72,1,0.40899354905403046,1
SSB,2025-02-13 07:00:00,15.8,1,0.4266996362306698,1
SSB,2025-02-14 07:00:00,16.18,0,0.4260300779330679,1
SSB,2025-02-17 07:00:00,16.47,0,0.433696592825229,1
SSB,2025-02-18 07:00:00,16.39,0,0.42364012609166285,1
SSB,2025-02-19 07:00:00,16.26,0,0.41958734195543873,1
SSB,2025-02-20 07:00:00,16.26,0,0.41849124213390737,1
SSB,2025-02-21 07:00:00,16.22,0,0.420079242016811,1
SSB,2025-02-24 07:00:00,16.3,0,0.4177862157350145,1
SSB,2025-02-25 07:00:00,16.26,0,0.4104744916649728,1
SSB,2025-02-26 07:00:00,16.01,0,0.4297947437198414,1
SSB,2025-02-27 07:00:00,16.18,0,0.4269315020668696,1
SSB,2025-02-28 07:00:00,16.09,0,0.41545917641591396,1
SSB,2025-03-03 07:00:00,16.14,0,0.4229965524932922,1
SSB,2025-03-04 07:00:00,16.14,0,0.41010378453144714,1
SSB,2025-03-05 07:00:00,16.14,1,0.40939589545661115,1
SSB,2025-03-06 07:00:00,16.14,1,0.3994755070721753,0
SSB,2025-03-07 07:00:00,16.3,0,0.4280852538450633,1
SSB,2025-03-10 07:00:00,16.43,0,0.43409699213025155,1
SSB,2025-03-11 07:00:00,16.43,0,0.4070806343693184,1
SSB,2025-03-12 07:00:00,16.47,0,0.42252207943466225,1
SSB,2025-03-13 07:00:00,16.43,0,0.4013629122474923,0
SSB,2025-03-14 07:00:00,16.43,0,0.383411513477509,0
SSB,2025-03-17 07:00:00,16.43,0,0.3652526145757604,0
SSB,2025-03-18 07:00:00,16.34,0,0.3626463380393687,0
SSB,2025-03-19 07:00:00,16.43,0,0.3899820308413846,0
SSB,2025-03-20 07:00:00,16.47,0,0.4005815039062678,0
SSB,2025-03-21 07:00:00,16.47,0,0.38211938762261766,0
SSB,2025-03-24 07:00:00,16.39,0,0.36819505075698805,0
SSB,2025-03-25 07:00:00,16.43,0,0.39099897584346743,0
SSB,2025-03-26 07:00:00,16.22,0,0.38539608831253347,0
SSB,2025-03-27 07:00:00,16.26,0,0.37457028300422957,0
SSB,2025-03-28 07:00:00,16.34,0,0.40285059072295365,0
SSB,2025-03-31 07:00:00,16.22,0,0.3710336555392945,0
SSB,2025-04-01 07:00:00,16.22,0,0.3747685735182989,0
SSB,2025-04-02 07:00:00,15.93,0,0.3645702512893161,0
SSB,2025-04-03 07:00:00,15.51,1,0.41215850070821736,1
SSB,2025-04-04 07:00:00,15.93,1,0.4403088559656921,1
SSB,2025-04-08 07:00:00,15.76,1,0.4624459733519282,1
SSB,2025-04-09 07:00:00,16.01,0,0.4629420164526166,1
SSB,2025-04-10 07:00:00,17.13,0,0.6243820554326888,1
SSB,2025-04-11 07:00:00,16.59,0,0.5397062837555388,1
SSB,2025-04-14 07:00:00,15.89,0,0.5417704515290654,1
SSB,2025-04-15 07:00:00,15.43,1,0.5616625907347289,1
SSB,2025-04-16 07:00:00,15.51,1,0.5326442995364821,1
SSB,2025-04-17 07:00:00,16.05,0,0.5601471049166608,1
SSB,2025-04-18 07:00:00,16.05,0,0.5539441812715417,1
SSB,2025-04-21 07:00:00,15.8,0,0.5600754733831623,1
SSB,2025-04-22 07:00:00,15.93,0,0.5595376927539687,1
SSB,2025-04-23 07:00:00,15.35,0,0.6042571595078402,1
SSB,2025-04-24 07:00:00,15.43,0,0.5673641546506808,1
SSB,2025-04-25 07:00:00,15.02,1,0.5726226810209543,1
SSB,2025-04-28 07:00:00,15.43,0,0.5572219803415205,1
SSB,2025-04-29 07:00:00,15.26,0,0.5492845334328255,1
SSB,2025-05-05 07:00:00,15.31,0,0.5494865865147631,1
SSB,2025-05-06 07:00:00,15.31,0,0.5187016988984405,1
SSB,2025-05-07 07:00:00,15.39,1,0.5127651977965885,1
SSB,2025-05-08 07:00:00,15.51,0,0.5031710190164985,1
SSB,2025-05-09 07:00:00,15.51,0,0.5049175133372116,1
SSB,2025-05-12 07:00:00,15.76,1,0.4867422625690212,1
SSB,2025-05-13 07:00:00,15.51,1,0.48389332505260935,1
SSB,2025-05-14 07:00:00,15.64,0,0.47753720957903734,1
SSB,2025-05-15 07:00:00,16.09,0,0.4750148267199424,1
SSB,2025-05-16 07:00:00,15.76,0,0.46939623654558416,1
SSB,2025-05-19 07:00:00,15.6,0,0.47082408756607647,1
SSB,2025-05-20 07:00:00,15.64,0,0.4708194563089068,1
SSB,2025-05-21 07:00:00,15.51,0,0.4582510751064837,1
SSB,2025-05-22 07:00:00,15.47,0,0.4478864835832168,1
SSB,2025-05-23 07:00:00,15.47,0,0.4311598640158897,1
SSB,2025-05-26 07:00:00,15.47,0,0.4188865942366318,1
SSB,2025-05-27 07:00:00,15.31,0,0.44309104300725,1
SSB,2025-05-28 07:00:00,15.43,0,0.42720268399764433,1
SSB,2025-05-29 07:00:00,15.26,0,0.39598498880385247,0
SSB,2025-05-30 07:00:00,15.26,0,0.36296514269812813,0
SSB,2025-06-02 07:00:00,15.35,0,0.3899044846704747,0
SSB,2025-06-03 07:00:00,15.18,0,0.3753891556715242,0
SSB,2025-06-04 07:00:00,15.14,0,0.3482569823988636,0
SSB,2025-06-05 07:00:00,15.02,0,0.35894087394428814,0
SSB,2025-06-06 07:00:00,15.1,0,0.3663122353766281,0
SSB,2025-06-09 07:00:00,15.06,0,0.35303302944986875,0
SSB,2025-06-10 07:00:00,15.02,0,0.33190767143632127,0
SSB,2025-06-11 07:00:00,14.97,0,0.32817824326270245,0
SSB,2025-06-12 07:00:00,15.06,0,0.37253395170265635,0
SSB,2025-06-13 07:00:00,14.89,0,0.32141470837365776,0
SSB,2025-06-16 07:00:00,14.89,0,0.32330281018950424,0
SSB,2025-06-17 07:00:00,14.89,0,0.320059834426,0
SSB,2025-06-18 07:00:00,14.89,0,0.321485840509022,0
SSB,2025-06-19 07:00:00,15.02,0,0.36278741399618764,0
SSB,2025-06-20 07:00:00,15.06,0,0.36589119209938775,0
SSB,2025-06-23 07:00:00,15.02,0,0.33810420040247335,0
SSB,2025-06-24 07:00:00,15.02,0,0.3404922953072678,0
SSB,2025-06-25 07:00:00,15.02,0,0.32973183857556343,0
SSB,2025-06-26 07:00:00,15.06,0,0.3795129277282504,0
SSB,2025-06-27 07:00:00,15.06,0,0.3381249373748034,0
SSB,2025-06-30 07:00:00,15.06,0,0.32725733675116797,0
SSB,2025-07-01 07:00:00,14.93,1,0.30442685465749453,0
SSB,2025-07-02 07:00:00,15.06,1,0.35958258706686097,0
SSB,2025-07-03 07:00:00,15.18,1,0.3816821172638481,0
SSB,2025-07-04 07:00:00,15.35,1,0.42745344285253506,1
SSB,2025-07-07 07:00:00,15.68,1,0.440995755645439,1
SSB,2025-07-08 07:00:00,15.68,1,0.3985977446215616,0
SSB,2025-07-09 07:00:00,15.85,0,0.4428241073402635,1
SSB,2025-07-10 07:00:00,15.93,0,0.4369028158175082,1
SSB,2025-07-11 07:00:00,16.01,0,0.42666961990474067,1
SSB,2025-07-14 07:00:00,15.97,1,0.39250141087540874,0
SSB,2025-07-15 07:00:00,16.01,1,0.40997847908537977,1
SSB,2025-07-16 07:00:00,16.09,1,0.4131301992496524,1
SSB,2025-07-17 07:00:00,16.59,0,0.44101717015067177,1
SSB,2025-07-18 07:00:00,16.43,0,0.38556787474337656,0
SSB,2025-07-21 07:00:00,16.51,0,0.3918198782357078,0
SSB,2025-07-22 07:00:00,16.59,1,0.39378409775217493,0
SSB,2025-07-23 07:00:00,16.47,1,0.36959970125173036,0
SSB,2025-07-24 07:00:00,16.55,0,0.3914517944579779,0
SSB,2025-07-25 07:00:00,17.17,0,0.41657445181416014,1
SSB,2025-07-28 07:00:00,17.5,0,0.4467609102722185,1
SSB,2025-07-29 07:00:00,16.51,0,0.5317662935726499,1
SSB,2025-07-30 07:00:00,15.97,1,0.5442433671541497,1
SSB,2025-07-31 07:00:00,16.18,0,0.5292155168483303,1
SSB,2025-08-01 07:00:00,16.26,1,0.527389590349883,1
SSB,2025-08-04 07:00:00,16.8,0,0.5303545992967146,1
SSB,2025-08-05 07:00:00,16.26,1,0.544227447110272,1
SSB,2025-08-06 07:00:00,16.59,1,0.5474460074350899,1
SSB,2025-08-07 07:00:00,16.43,1,0.5426043180281774,1
SSB,2025-08-08 07:00:00,16.68,0,0.5468110371072956,1
SSB,2025-08-11 07:00:00,17.01,0,0.5467706217264117,1
SSB,2025-08-12 07:00:00,16.92,0,0.5374248950118541,1
SSB,2025-08-13 07:00:00,16.55,1,0.5352656557156543,1
SSB,2025-08-14 07:00:00,17.26,0,0.5485128403153589,1
SSB,2025-08-15 07:00:00,17.13,1,0.5485341064877698,1
SSB,2025-08-18 07:00:00,17.09,1,0.547269413439144,1
SSB,2025-08-19 07:00:00,17.17,1,0.5270813590056973,1
SSB,2025-08-20 07:00:00,17.92,0,0.5344490925031589,1
SSB,2025-08-21 07:00:00,19.16,0,0.6297088452160275,1
SSB,2025-08-22 07:00:00,18.33,0,0.5894805068963997,1
SSB,2025-08-25 07:00:00,17.21,1,0.6495528794054876,1
SSB,2025-08-26 07:00:00,18.08,0,0.6172287933993091,1
SSB,2025-08-27 07:00:00,17.75,0,0.6255375099784762,1
SSB,2025-08-28 07:00:00,17.84,0,0.6170217056567887,1
SSB,2025-08-29 07:00:00,17.75,0,0.6128060831892123,1
SSB,2025-09-03 07:00:00,17.55,0,0.6015674584678699,1
SSB,2025-09-04 07:00:00,17.96,0,0.5858204487024475,1
SSB,2025-09-05 07:00:00,17.42,0,0.6007646394591097,1
SSB,2025-09-08 07:00:00,16.55,0,0.6557320241360484,1
SSB,2025-09-09 07:00:00,16.3,0,0.6435764691768187,1
SSB,2025-09-10 07:00:00,16.55,0,0.5976854920601445,1
SSB,2025-09-11 07:00:00,16.68,0,0.5895654233391117,1
SSB,2025-09-12 07:00:00,16.3,1,0.6013850611165804,1
SSB,2025-09-15 07:00:00,16.47,0,0.5834048956579366,1
SSB,2025-09-16 07:00:00,16.59,0,0.5706030359712756,1
SSB,2025-09-17 07:00:00,16.68,0,0.5733393806154551,1
SSB,2025-09-18 07:00:00,16.59,0,0.5660449851484702,1
SSB,2025-09-19 07:00:00,16.26,0,0.5550712216168984,1
SSB,2025-09-22 07:00:00,16.01,0,0.5225514064228604,1
SSB,2025-09-23 07:00:00,16.01,0,0.5096460178428345,1
SSB,2025-09-24 07:00:00,16.18,0,0.4893917248077192,1
SSB,2025-09-25 07:00:00,16.14,0,0.4850751040014234,1
SSB,2025-09-26 07:00:00,16.18,0,0.4856210019799615,1
SSB,2025-09-29 07:00:00,16.18,0,0.48485016123857994,1
SSB,2025-09-30 07:00:00,16.01,0,0.48583994702527594,1
SSB,2025-10-01 07:00:00,16.09,1,0.48631288628215535,1
SSB,2025-10-02 07:00:00,16.01,0,0.4837231159607643,1
SSB,2025-10-03 07:00:00,15.76,0,0.484537186547843,1
SSB,2025-10-06 07:00:00,16.34,0,0.4661218819289091,1
SSB,2025-10-07 07:00:00,15.93,0,0.46654355048147544,1
SSB,2025-10-08 07:00:00,15.93,0,0.4665443577432388,1
SSB,2025-10-09 07:00:00,15.85,1,0.45937810005105983,1
SSB,2025-10-10 07:00:00,16.14,0,0.470881715184139,1
SSB,2025-10-13 07:00:00,16.14,0,0.4723231137748558,1
SSB,2025-10-14 07:00:00,16.09,0,0.45425188361977575,1
SSB,2025-10-15 07:00:00,15.76,0,0.46330192873732207,1
SSB,2025-10-16 07:00:00,15.76,0,0.47088918402262614,1
SSB,2025-10-17 07:00:00,15.31,0,0.5103717900856924,1
SSB,2025-10-20 07:00:00,14.44,1,0.6127572972152625,1
SSB,2025-10-21 07:00:00,15.39,0,0.5214743395910448,1
SSB,2025-10-22 07:00:00,15.14,0,0.5356112084475849,1
SSB,2025-10-23 07:00:00,15.06,0,0.5402010441939399,1
SSB,2025-10-24 07:00:00,14.93,0,0.5369695076479372,1
SSB,2025-10-27 07:00:00,14.56,1,0.5571757679760464,1
SSB,2025-10-28 07:00:00,14.73,0,0.5474306093940073,1
SSB,2025-10-29 07:00:00,14.89,0,0.5431379304994579,1
SSB,2025-10-30 07:00:00,14.85,0,0.5477585843524803,1
SSB,2025-10-31 07:00:00,14.68,0,0.5433523411387541,1
SSB,2025-11-03 07:00:00,14.73,0,0.5370253939786369,1
SSB,2025-11-04 07:00:00,14.77,0,0.4937196168519485,1
SSB,2025-11-05 07:00:00,14.52,0,0.5016301113765834,1
SSB,2025-11-06 07:00:00,14.48,0,0.5008484918120919,1
SSB,2025-11-07 07:00:00,14.27,0,0.5212781531641261,1
SSB,2025-11-10 07:00:00,13.98,1,0.5435037497534667,1
SSB,2025-11-11 07:00:00,13.77,1,0.5767049458491843,1
SSB,2025-11-12 07:00:00,14.23,1,0.49049214303263783,1
SSB,2025-11-13 07:00:00,14.23,0,0.488701846869155,1
SSB,2025-11-14 07:00:00,14.1,0,0.4857899597996843,1
SSB,2025-11-17 07:00:00,14.48,0,0.4862220767150559,1
SSB,2025-11-18 07:00:00,14.39,0,0.4760593749646905,1
SSB,2025-11-19 07:00:00,14.27,0,0.4749467018948603,1
SSB,2025-11-20 07:00:00,14.1,0,0.48911020881576484,1
SSB,2025-11-21 07:00:00,14.23,0,0.48267441166308517,1
SSB,2025-11-24 07:00:00,14.44,0,0.4773567034323265,1
SSB,2025-11-25 07:00:00,14.19,0,0.47829940628998,1
SSB,2025-11-26 07:00:00,14.31,0,0.47522574050756555,1
SSB,2025-11-27 07:00:00,14.39,0,0.4738677241790904,1
SSB,2025-11-28 07:00:00,14.35,1,0.4543384077623454,1
SSB,2025-12-01 07:00:00,14.27,1,0.4490624717252993,1
SSB,2025-12-02 07:00:00,14.31,1,0.4498729250349285,1
SSB,2025-12-03 07:00:00,14.73,0,0.446480993928222,1
SSB,2025-12-04 07:00:00,14.68,0,0.4388612733804852,1
SSB,2025-12-05 07:00:00,14.68,0,0.4174681450572701,1
SSB,2025-12-08 07:00:00,14.56,0,0.410123441726234,1
SSB,2025-12-09 07:00:00,14.44,0,0.4433855699679694,1
SSB,2025-12-10 07:00:00,14.48,0,0.44305987323472856,1
SSB,2025-12-11 07:00:00,14.48,0,0.42538346043209807,1
SSB,2025-12-12 07:00:00,14.35,0,0.4286728898135207,1
SSB,2025-12-15 07:00:00,14.27,0,0.4090838811701732,1
SSB,2025-12-16 07:00:00,14.56,0,0.44875501715433264,1
SSB,2025-12-17 07:00:00,14.48,1,0.4316802136656062,1
SSB,2025-12-18 07:00:00,14.48,0,0.43082744962230185,1
SSB,2025-12-19 07:00:00,14.52,0,0.44373641381967144,1
SSB,2025-12-22 07:00:00,14.73,0,0.4406307205528145,1
SSB,2025-12-23 07:00:00,14.52,0,0.4289523554689485,1
SSB,2025-12-24 07:00:00,14.52,0,0.42769929887887,1
SSB,2025-12-25 07:00:00,14.39,0,0.4361487400381912,1
SSB,2025-12-26 07:00:00,14.35,0,0.42766659047378475,1
SSB,2025-12-29 07:00:00,14.35,0,0.42363113906679034,1
SSB,2025-12-30 07:00:00,14.27,0,0.397458673662652,0
SSB,2025-12-31 07:00:00,14.48,0,0.4027213504127997,0
SSI,2025-01-15 07:00:00,21.47,0,0.48720541479572443,1
SSI,2025-01-16 07:00:00,21.69,0,0.4758432173483508,1
SSI,2025-01-17 07:00:00,21.82,0,0.47489933804236745,1
SSI,2025-01-20 07:00:00,21.78,1,0.46650582628569714,1
SSI,2025-01-21 07:00:00,21.74,1,0.46112415665788353,1
SSI,2025-01-22 07:00:00,21.69,1,0.460103379252964,1
SSI,2025-01-23 07:00:00,22.36,0,0.48440402459061904,1
SSI,2025-01-24 07:00:00,22.45,0,0.47090943749871045,1
SSI,2025-02-03 07:00:00,22.05,0,0.46234809600865173,1
SSI,2025-02-04 07:00:00,22.49,0,0.47028218277221007,1
SSI,2025-02-05 07:00:00,22.27,0,0.4577207316652637,1
SSI,2025-02-06 07:00:00,22.27,0,0.455197782270541,1
SSI,2025-02-07 07:00:00,22.22,0,0.40571099347284023,1
SSI,2025-02-10 07:00:00,22.14,0,0.4176870311865018,1
SSI,2025-02-11 07:00:00,21.96,0,0.40470059016265203,1
SSI,2025-02-12 07:00:00,22.0,0,0.3995632123829345,0
SSI,2025-02-13 07:00:00,22.05,0,0.4099783832801877,1
SSI,2025-02-14 07:00:00,22.14,1,0.40502931785056234,1
SSI,2025-02-17 07:00:00,22.22,0,0.4115134688793438,1
SSI,2025-02-18 07:00:00,22.36,0,0.4029892347039732,0
SSI,2025-02-19 07:00:00,22.54,1,0.42377676203296294,1
SSI,2025-02-20 07:00:00,22.45,1,0.399061311495756,0
SSI,2025-02-21 07:00:00,22.54,1,0.40962742923455375,1
SSI,2025-02-24 07:00:00,22.98,0,0.46623868255440576,1
SSI,2025-02-25 07:00:00,22.98,1,0.43177621855677006,1
SSI,2025-02-26 07:00:00,22.98,1,0.40081818580538486,0
SSI,2025-02-27 07:00:00,23.2,0,0.4075052386279089,1
SSI,2025-02-28 07:00:00,23.38,0,0.4597940558734494,1
SSI,2025-03-03 07:00:00,23.65,0,0.4204492211085164,1
SSI,2025-03-04 07:00:00,23.42,1,0.37383552776060364,0
SSI,2025-03-05 07:00:00,23.2,1,0.37354043723493785,0
SSI,2025-03-06 07:00:00,23.91,0,0.44848198882625767,1
SSI,2025-03-07 07:00:00,23.91,0,0.3848218762470978,0
SSI,2025-03-10 07:00:00,23.69,0,0.4228411201189881,1
SSI,2025-03-11 07:00:00,23.74,0,0.4094373200274495,1
SSI,2025-03-12 07:00:00,23.74,0,0.3999682912134678,0
SSI,2025-03-13 07:00:00,23.96,0,0.42769669409660493,1
SSI,2025-03-14 07:00:00,23.96,0,0.40560025059270743,1
SSI,2025-03-17 07:00:00,24.0,0,0.4051627979204759,1
SSI,2025-03-18 07:00:00,23.82,0,0.39878064232795335,0
SSI,2025-03-19 07:00:00,23.6,1,0.4206887805536851,1
SSI,2025-03-20 07:00:00,23.6,0,0.39664690639056915,0
SSI,2025-03-21 07:00:00,23.65,0,0.41395332198580753,1
SSI,2025-03-24 07:00:00,24.14,0,0.4308163491472178,1
SSI,2025-03-25 07:00:00,23.91,0,0.43874408654408475,1
SSI,2025-03-26 07:00:00,23.56,0,0.4391526328129124,1
SSI,2025-03-27 07:00:00,23.38,0,0.44604713001490204,1
SSI,2025-03-28 07:00:00,23.42,0,0.40543945874876264,1
SSI,2025-03-31 07:00:00,23.11,0,0.412879527701229,1
SSI,2025-04-01 07:00:00,23.16,0,0.4256582378641483,1
SSI,2025-04-02 07:00:00,23.51,0,0.4301483749702347,1
SSI,2025-04-03 07:00:00,21.87,0,0.4936084890614385,1
SSI,2025-04-04 07:00:00,21.11,0,0.4968685205416904,1
SSI,2025-04-08 07:00:00,19.65,1,0.6624529601499572,1
SSI,2025-04-09 07:00:00,18.31,1,0.67463061344392,1
SSI,2025-04-10 07:00:00,19.56,1,0.7052043799255796,1
SSI,2025-04-11 07:00:00,20.85,0,0.5853771388209242,1
SSI,2025-04-14 07:00:00,21.42,0,0.5937456174051138,1
SSI,2025-04-15 07:00:00,20.71,0,0.6200031405004495,1
SSI,2025-04-16 07:00:00,20.45,0,0.6076864737587075,1
SSI,2025-04-17 07:00:00,20.54,0,0.6031272430388891,1
SSI,2025-04-18 07:00:00,20.76,0,0.5960571525739042,1
SSI,2025-04-21 07:00:00,20.36,0,0.5994627377154299,1
SSI,2025-04-22 07:00:00,19.78,1,0.5896666400314341,1
SSI,2025-04-23 07:00:00,20.22,0,0.6165994454050819,1
SSI,2025-04-24 07:00:00,20.45,0,0.5849062402984544,1
SSI,2025-04-25 07:00:00,20.27,0,0.5662363953387675,1
SSI,2025-04-28 07:00:00,20.49,0,0.5464105953330375,1
SSI,2025-04-29 07:00:00,20.4,0,0.5193088553183928,1
SSI,2025-05-05 07:00:00,20.54,0,0.5142570468625712,1
SSI,2025-05-06 07:00:00,20.58,0,0.5253509177321357,1
SSI,2025-05-07 07:00:00,20.31,1,0.5174198510640785,1
SSI,2025-05-08 07:00:00,20.54,0,0.5115142943503956,1
SSI,2025-05-09 07:00:00,20.4,1,0.5126379974752784,1
SSI,2025-05-12 07:00:00,20.62,1,0.48431123220561856,1
SSI,2025-05-13 07:00:00,20.8,0,0.47235700969688976,1
SSI,2025-05-14 07:00:00,21.25,0,0.45572406029461154,1
SSI,2025-05-15 07:00:00,21.25,0,0.43426502684221974,1
SSI,2025-05-16 07:00:00,21.07,0,0.43884624949118084,1
SSI,2025-05-19 07:00:00,20.76,0,0.4540915214919914,1
SSI,2025-05-20 07:00:00,20.89,0,0.45364151555051707,1
SSI,2025-05-21 07:00:00,20.76,0,0.4474490449496777,1
SSI,2025-05-22 07:00:00,20.76,0,0.4529757246638926,1
SSI,2025-05-23 07:00:00,20.76,0,0.43990579228062515,1
SSI,2025-05-26 07:00:00,20.98,0,0.4297093420906068,1
SSI,2025-05-27 07:00:00,21.07,0,0.42729969355612973,1
SSI,2025-05-28 07:00:00,21.07,0,0.41393299500141467,1
SSI,2025-05-29 07:00:00,20.89,1,0.40024466968038896,0
SSI,2025-05-30 07:00:00,20.85,1,0.39997646410704674,0
SSI,2025-06-02 07:00:00,21.07,0,0.4261001484407569,1
SSI,2025-06-03 07:00:00,21.78,0,0.515270410523409,1
SSI,2025-06-04 07:00:00,21.51,0,0.4573513939980718,1
SSI,2025-06-05 07:00:00,21.29,0,0.45195157183488444,1
SSI,2025-06-06 07:00:00,20.98,0,0.46400806541524964,1
SSI,2025-06-09 07:00:00,20.76,0,0.4687131181480848,1
SSI,2025-06-10 07:00:00,20.76,0,0.46853607971112915,1
SSI,2025-06-11 07:00:00,20.89,0,0.4453694974502697,1
SSI,2025-06-12 07:00:00,21.02,0,0.44999362669228776,1
SSI,2025-06-13 07:00:00,20.58,1,0.43826906053007214,1
SSI,2025-06-16 07:00:00,21.2,0,0.46880832347715157,1
SSI,2025-06-17 07:00:00,21.2,0,0.45139904187749863,1
SSI,2025-06-18 07:00:00,20.98,0,0.4514279983370691,1
SSI,2025-06-19 07:00:00,21.25,1,0.4531070518275739,1
SSI,2025-06-20 07:00:00,21.34,1,0.4552670728909554,1
SSI,2025-06-23 07:00:00,21.11,1,0.4156998832919625,1
SSI,2025-06-24 07:00:00,21.6,0,0.472536395739062,1
SSI,2025-06-25 07:00:00,21.78,0,0.444866809132161,1
SSI,2025-06-26 07:00:00,21.78,0,0.4314312955291607,1
SSI,2025-06-27 07:00:00,21.91,1,0.4377460495444032,1
SSI,2025-06-30 07:00:00,21.96,1,0.4522920652722061,1
SSI,2025-07-01 07:00:00,21.74,1,0.4545059008170358,1
SSI,2025-07-02 07:00:00,22.67,1,0.4784556799561778,1
SSI,2025-07-03 07:00:00,22.89,1,0.4913599363436129,1
SSI,2025-07-04 07:00:00,23.02,1,0.4731227343400844,1
SSI,2025-07-07 07:00:00,23.38,1,0.4780984275867606,1
SSI,2025-07-08 07:00:00,24.05,1,0.5113501226242003,1
SSI,2025-07-09 07:00:00,25.38,1,0.5938366661134605,1
SSI,2025-07-10 07:00:00,25.74,1,0.5456162968832232,1
SSI,2025-07-11 07:00:00,26.36,1,0.563618993991663,1
SSI,2025-07-14 07:00:00,26.45,1,0.5821211534902719,1
SSI,2025-07-15 07:00:00,27.11,1,0.5899555423940746,1
SSI,2025-07-16 07:00:00,28.09,0,0.6001288118989413,1
SSI,2025-07-17 07:00:00,28.36,0,0.6002023679030798,1
SSI,2025-07-18 07:00:00,28.27,0,0.6086957443252282,1
SSI,2025-07-21 07:00:00,27.87,1,0.6119191623883932,1
SSI,2025-07-22 07:00:00,28.45,1,0.6179887609139315,1
SSI,2025-07-23 07:00:00,28.67,1,0.5969257879496407,1
SSI,2025-07-24 07:00:00,28.45,1,0.606651499203788,1
SSI,2025-07-25 07:00:00,30.22,0,0.5998030342273345,1
SSI,2025-07-28 07:00:00,31.82,0,0.6049472560282931,1
SSI,2025-07-29 07:00:00,29.6,0,0.5958205936096397,1
SSI,2025-07-30 07:00:00,30.14,0,0.6005596046553671,1
SSI,2025-07-31 07:00:00,30.4,0,0.5890258841225349,1
SSI,2025-08-01 07:00:00,29.51,1,0.625762930600163,1
SSI,2025-08-04 07:00:00,30.22,1,0.6051266930152573,1
SSI,2025-08-05 07:00:00,30.8,1,0.5974044154862449,1
SSI,2025-08-06 07:00:00,31.38,1,0.5928759098651176,1
SSI,2025-08-07 07:00:00,31.25,1,0.601749767874277,1
SSI,2025-08-08 07:00:00,31.56,1,0.6046058320440005,1
SSI,2025-08-11 07:00:00,33.34,0,0.5782101315456933,1
SSI,2025-08-12 07:00:00,32.67,0,0.5835592963733568,1
SSI,2025-08-13 07:00:00,32.67,0,0.5937765888213282,1
SSI,2025-08-14 07:00:00,32.71,0,0.5968130598788725,1
SSI,2025-08-15 07:00:00,32.49,0,0.6038089027552361,1
SSI,2025-08-18 07:00:00,31.82,1,0.6071656200188663,1
SSI,2025-08-19 07:00:00,32.67,0,0.5961480380890357,1
SSI,2025-08-20 07:00:00,32.09,1,0.6080624493022543,1
SSI,2025-08-21 07:00:00,32.94,1,0.6002996978232756,1
SSI,2025-08-22 07:00:00,31.78,1,0.6092421929707329,1
SSI,2025-08-25 07:00:00,32.58,1,0.5784438788051494,1
SSI,2025-08-26 07:00:00,34.85,1,0.6363679171545136,1
SSI,2025-08-27 07:00:00,35.78,1,0.6296083189775749,1
SSI,2025-08-28 07:00:00,37.34,0,0.5711702974111547,1
SSI,2025-08-29 07:00:00,37.52,0,0.5305415944414055,1
SSI,2025-09-03 07:00:00,36.76,0,0.5589705288676259,1
SSI,2025-09-04 07:00:00,37.6,0,0.5490011927943393,1
SSI,2025-09-05 07:00:00,36.0,1,0.5910180395192899,1
SSI,2025-09-08 07:00:00,35.74,1,0.580188171476734,1
SSI,2025-09-09 07:00:00,37.34,0,0.5575408790113238,1
SSI,2025-09-10 07:00:00,37.74,0,0.5588225154035554,1
SSI,2025-09-11 07:00:00,37.74,0,0.5557851161251359,1
SSI,2025-09-12 07:00:00,37.25,0,0.5786683389306783,1
SSI,2025-09-15 07:00:00,37.52,0,0.5737714627092958,1
SSI,2025-09-16 07:00:00,36.98,0,0.5860420630795412,1
SSI,2025-09-17 07:00:00,36.09,0,0.587010139432072,1
SSI,2025-09-18 07:00:00,36.27,0,0.571431711534803,1
SSI,2025-09-19 07:00:00,35.87,0,0.5690220539892782,1
SSI,2025-09-22 07:00:00,34.94,1,0.568653778195657,1
SSI,2025-09-23 07:00:00,35.03,0,0.5319671556304474,1
SSI,2025-09-24 07:00:00,35.78,0,0.5117033580787671,1
SSI,2025-09-25 07:00:00,35.55,0,0.5038038755299646,1
SSI,2025-09-26 07:00:00,34.64,1,0.5131250503177325,1
SSI,2025-09-29 07:00:00,34.23,0,0.5135822179516762,1
SSI,2025-09-30 07:00:00,35.14,0,0.5141264100994319,1
SSI,2025-10-01 07:00:00,35.19,1,0.5062318123078126,1
SSI,2025-10-02 07:00:00,34.51,1,0.5223927874547507,1
SSI,2025-10-03 07:00:00,34.32,1,0.5141953960390769,1
SSI,2025-10-06 07:00:00,36.69,0,0.552263768294339,1
SSI,2025-10-07 07:00:00,37.19,0,0.5665236279328658,1
SSI,2025-10-08 07:00:00,37.56,0,0.5469397769480755,1
SSI,2025-10-09 07:00:00,37.06,0,0.5405671784091134,1
SSI,2025-10-10 07:00:00,37.1,1,0.53272062573262,1
SSI,2025-10-13 07:00:00,37.7,0,0.5320798252771616,1
SSI,2025-10-14 07:00:00,37.38,0,0.5347572102647464,1
SSI,2025-10-15 07:00:00,37.79,0,0.5321282966710613,1
SSI,2025-10-16 07:00:00,37.7,0,0.5328817694495749,1
SSI,2025-10-17 07:00:00,37.19,0,0.5359233213174244,1
SSI,2025-10-20 07:00:00,34.6,0,0.5667733765055888,1
SSI,2025-10-21 07:00:00,35.19,0,0.5448738143944165,1
SSI,2025-10-22 07:00:00,35.05,0,0.5481117605569034,1
SSI,2025-10-23 07:00:00,34.19,0,0.5903183006377396,1
SSI,2025-10-24 07:00:00,32.82,0,0.6032839864924868,1
SSI,2025-10-27 07:00:00,31.72,0,0.6766222671587243,1
SSI,2025-10-28 07:00:00,32.68,0,0.59357815054723,1
SSI,2025-10-29 07:00:00,32.45,0,0.5985113861454155,1
SSI,2025-10-30 07:00:00,31.77,0,0.6168199221309384,1
SSI,2025-10-31 07:00:00,31.27,1,0.6216514427453346,1
SSI,2025-11-03 07:00:00,29.63,1,0.6171927028418625,1
SSI,2025-11-04 07:00:00,31.68,0,0.5799959302069563,1
SSI,2025-11-05 07:00:00,31.82,0,0.5829580727710163,1
SSI,2025-11-06 07:00:00,31.27,1,0.6269637421961547,1
SSI,2025-11-07 07:00:00,30.04,1,0.6195691725327314,1
SSI,2025-11-10 07:00:00,30.63,1,0.5885390240488537,1
SSI,2025-11-11 07:00:00,31.77,0,0.5830939227716717,1
SSI,2025-11-12 07:00:00,32.36,0,0.589394221063693,1
SSI,2025-11-13 07:00:00,31.86,1,0.5988027862625692,1
SSI,2025-11-14 07:00:00,31.86,0,0.5885809337096737,1
SSI,2025-11-17 07:00:00,32.27,0,0.5609494114584319,1
SSI,2025-11-18 07:00:00,32.41,0,0.5380284378117667,1
SSI,2025-11-19 07:00:00,31.59,0,0.5594306857875624,1
SSI,2025-11-20 07:00:00,31.72,0,0.5555038520058602,1
SSI,2025-11-21 07:00:00,31.27,0,0.543035657928152,1
SSI,2025-11-24 07:00:00,31.36,0,0.5136868601476763,1
SSI,2025-11-25 07:00:00,29.95,0,0.5352181146933291,1
SSI,2025-11-26 07:00:00,31.0,0,0.5304252376363835,1
SSI,2025-11-27 07:00:00,30.27,0,0.5432546531290883,1
SSI,2025-11-28 07:00:00,29.9,0,0.5406701449872214,1
SSI,2025-12-01 07:00:00,29.17,1,0.5398167437659483,1
SSI,2025-12-02 07:00:00,29.45,0,0.535796219697344,1
SSI,2025-12-03 07:00:00,29.49,0,0.5298169905084238,1
SSI,2025-12-04 07:00:00,29.9,0,0.5247821052213283,1
SSI,2025-12-05 07:00:00,29.4,0,0.5251101101394702,1
SSI,2025-12-08 07:00:00,29.4,0,0.5203246020544291,1
SSI,2025-12-09 07:00:00,28.75,0,0.5299065437900025,1
SSI,2025-12-10 07:00:00,29.25,0,0.48302155138450237,1
SSI,2025-12-11 07:00:00,29.05,1,0.49100052492546875,1
SSI,2025-12-12 07:00:00,28.1,1,0.5310887835734232,1
SSI,2025-12-15 07:00:00,28.4,1,0.506281115043061,1
SSI,2025-12-16 07:00:00,30.25,1,0.5356375826760768,1
SSI,2025-12-17 07:00:00,29.65,1,0.5545653463554974,1
SSI,2025-12-18 07:00:00,29.85,1,0.5430454050498249,1
SSI,2025-12-19 07:00:00,30.8,1,0.5291771921209055,1
SSI,2025-12-22 07:00:00,31.45,0,0.5371642176165157,1
SSI,2025-12-23 07:00:00,30.8,0,0.539341932444552,1
SSI,2025-12-24 07:00:00,31.35,0,0.5290856513193798,1
SSI,2025-12-25 07:00:00,30.5,0,0.5321779750067652,1
SSI,2025-12-26 07:00:00,30.75,0,0.5339824969607039,1
SSI,2025-12-29 07:00:00,30.5,0,0.5384941968934276,1
SSI,2025-12-30 07:00:00,30.6,0,0.5125977048679908,1
SSI,2025-12-31 07:00:00,30.25,0,0.5067487099924305,1
STB,2025-01-15 07:00:00,35.1,1,0.4716622095641823,1
STB,2025-01-16 07:00:00,35.45,1,0.4742833730018326,1
STB,2025-01-17 07:00:00,35.75,1,0.4682909163340159,1
STB,2025-01-20 07:00:00,35.95,1,0.4606037560466665,1
STB,2025-01-21 07:00:00,36.05,1,0.45725958458432386,1
STB,2025-01-22 07:00:00,36.35,0,0.4519685008571326,1
STB,2025-01-23 07:00:00,37.0,0,0.4611854815760467,1
STB,2025-01-24 07:00:00,37.0,0,0.43281566366027746,1
STB,2025-02-03 07:00:00,36.55,1,0.4279274980799565,1
STB,2025-02-04 07:00:00,37.3,0,0.4610493511864515,1
STB,2025-02-05 07:00:00,37.25,1,0.44385340609392415,1
STB,2025-02-06 07:00:00,37.35,1,0.4322919157969176,1
STB,2025-02-07 07:00:00,37.45,1,0.4382056550419512,1
STB,2025-02-10 07:00:00,38.45,0,0.490400431602434,1
STB,2025-02-11 07:00:00,38.5,0,0.4485280285421353,1
STB,2025-02-12 07:00:00,38.65,0,0.4562600021862176,1
STB,2025-02-13 07:00:00,38.8,0,0.43516602271416926,1
STB,2025-02-14 07:00:00,38.25,0,0.4142091898062712,1
STB,2025-02-17 07:00:00,38.3,0,0.41943746205003346,1
STB,2025-02-18 07:00:00,38.65,0,0.4329784690033615,1
STB,2025-02-19 07:00:00,38.75,1,0.4231782446542336,1
STB,2025-02-20 07:00:00,38.75,0,0.4134529278353187,1
STB,2025-02-21 07:00:00,38.85,0,0.42738471709208237,1
STB,2025-02-24 07:00:00,39.4,0,0.43258543254307474,1
STB,2025-02-25 07:00:00,39.25,0,0.40849124977290374,1
STB,2025-02-26 07:00:00,38.55,0,0.45479816098996756,1
STB,2025-02-27 07:00:00,38.3,1,0.4461557114556781,1
STB,2025-02-28 07:00:00,38.25,0,0.44175070616718376,1
STB,2025-03-03 07:00:00,38.85,1,0.44132252876113404,1
STB,2025-03-04 07:00:00,39.2,0,0.43767138818856444,1
STB,2025-03-05 07:00:00,38.8,1,0.4237852268247601,1
STB,2025-03-06 07:00:00,39.5,0,0.43890342188904163,1
STB,2025-03-07 07:00:00,39.75,0,0.45027374244200796,1
STB,2025-03-10 07:00:00,40.0,0,0.46258316383771414,1
STB,2025-03-11 07:00:00,39.9,0,0.4023925838195227,0
STB,2025-03-12 07:00:00,39.75,0,0.4055531866158094,1
STB,2025-03-13 07:00:00,39.0,0,0.446850091396991,1
STB,2025-03-14 07:00:00,38.85,0,0.4199175324683774,1
STB,2025-03-17 07:00:00,38.85,0,0.40734500143335967,1
STB,2025-03-18 07:00:00,38.4,0,0.39836331069605413,0
STB,2025-03-19 07:00:00,38.4,0,0.40665332322816683,1
STB,2025-03-20 07:00:00,38.9,0,0.45581293433576897,1
STB,2025-03-21 07:00:00,38.65,0,0.4494627916090456,1
STB,2025-03-24 07:00:00,38.6,0,0.413153338307287,1
STB,2025-03-25 07:00:00,38.65,0,0.41698631725096347,1
STB,2025-03-26 07:00:00,38.6,0,0.4013857481968008,0
STB,2025-03-27 07:00:00,38.25,1,0.37822807159003363,0
STB,2025-03-28 07:00:00,38.25,1,0.3627582726942112,0
STB,2025-03-31 07:00:00,38.3,0,0.36875304056686725,0
STB,2025-04-01 07:00:00,39.7,0,0.4585214875945925,1
STB,2025-04-02 07:00:00,39.25,0,0.42858805856892285,1
STB,2025-04-03 07:00:00,36.55,0,0.4979282922671839,1
STB,2025-04-04 07:00:00,37.4,0,0.5126751860164455,1
STB,2025-04-08 07:00:00,34.8,1,0.5592669083705675,1
STB,2025-04-09 07:00:00,33.1,1,0.6474637815018187,1
STB,2025-04-10 07:00:00,35.4,1,0.5930635410184065,1
STB,2025-04-11 07:00:00,37.85,0,0.6245258006787132,1
STB,2025-04-14 07:00:00,37.8,0,0.6107452245900737,1
STB,2025-04-15 07:00:00,38.45,0,0.6026501372548803,1
STB,2025-04-16 07:00:00,38.15,1,0.5982053876665859,1
STB,2025-04-17 07:00:00,38.3,1,0.5976910017393665,1
STB,2025-04-18 07:00:00,38.55,1,0.5960901952048216,1
STB,2025-04-21 07:00:00,40.45,0,0.5862784548594611,1
STB,2025-04-22 07:00:00,40.65,0,0.5958893075470834,1
STB,2025-04-23 07:00:00,40.2,0,0.5977667692731825,1
STB,2025-04-24 07:00:00,40.2,0,0.5906222728970033,1
STB,2025-04-25 07:00:00,39.15,0,0.5757062021140513,1
STB,2025-04-28 07:00:00,39.25,0,0.565314614756011,1
STB,2025-04-29 07:00:00,39.1,0,0.5440398540095162,1
STB,2025-05-05 07:00:00,39.5,0,0.528956781485739,1
STB,2025-05-06 07:00:00,38.85,1,0.5506386742118046,1
STB,2025-05-07 07:00:00,38.85,1,0.5461389974874116,1
STB,2025-05-08 07:00:00,39.5,1,0.5131395021187933,1
STB,2025-05-09 07:00:00,39.75,0,0.48556453080961826,1
STB,2025-05-12 07:00:00,40.0,1,0.4847170683421902,1
STB,2025-05-13 07:00:00,40.1,0,0.4757203491628526,1
STB,2025-05-14 07:00:00,40.0,0,0.47320348354475855,1
STB,2025-05-15 07:00:00,40.7,0,0.4567734450618846,1
STB,2025-05-16 07:00:00,39.8,1,0.4562709508316215,1
STB,2025-05-19 07:00:00,39.0,1,0.4750325713829306,1
STB,2025-05-20 07:00:00,39.5,1,0.4529903974636279,1
STB,2025-05-21 07:00:00,41.8,0,0.4985084176689894,1
STB,2025-05-22 07:00:00,41.1,0,0.4949505880430668,1
STB,2025-05-23 07:00:00,41.8,0,0.49259492484650197,1
STB,2025-05-26 07:00:00,41.55,0,0.5102588374112342,1
STB,2025-05-27 07:00:00,41.5,0,0.5142061672926351,1
STB,2025-05-28 07:00:00,41.05,1,0.5153369537154903,1
STB,2025-05-29 07:00:00,41.3,0,0.5145051809909401,1
STB,2025-05-30 07:00:00,40.7,0,0.5180148249785846,1
STB,2025-06-02 07:00:00,41.8,0,0.5156852778116012,1
STB,2025-06-03 07:00:00,41.6,0,0.518457945550972,1
STB,2025-06-04 07:00:00,41.0,1,0.4842119888613545,1
STB,2025-06-05 07:00:00,41.35,1,0.4845703978535679,1
STB,2025-06-06 07:00:00,41.75,1,0.4825523513802634,1
STB,2025-06-09 07:00:00,41.95,1,0.47989588929122945,1
STB,2025-06-10 07:00:00,42.9,1,0.47904455322354533,1
STB,2025-06-11 07:00:00,42.85,1,0.474799201385978,1
STB,2025-06-12 07:00:00,45.0,1,0.507076292814543,1
STB,2025-06-13 07:00:00,44.9,1,0.4922332063016175,1
STB,2025-06-16 07:00:00,45.5,1,0.4957821221408337,1
STB,2025-06-17 07:00:00,46.0,0,0.4970366718934212,1
STB,2025-06-18 07:00:00,47.2,0,0.5099243531737999,1
STB,2025-06-19 07:00:00,47.15,0,0.5089817021941949,1
STB,2025-06-20 07:00:00,46.6,0,0.5187634907827651,1
STB,2025-06-23 07:00:00,46.45,0,0.5113282173473422,1
STB,2025-06-24 07:00:00,46.5,0,0.505277979429858,1
STB,2025-06-25 07:00:00,46.8,0,0.500341241709421,1
STB,2025-06-26 07:00:00,46.8,0,0.47404034864361827,1
STB,2025-06-27 07:00:00,46.35,1,0.4872843569968712,1
STB,2025-06-30 07:00:00,46.7,0,0.4785598788725715,1
STB,2025-07-01 07:00:00,46.95,0,0.4755827481613641,1
STB,2025-07-02 07:00:00,47.55,0,0.45908139752164734,1
STB,2025-07-03 07:00:00,46.65,1,0.47041242470090944,1
STB,2025-07-04 07:00:00,47.05,1,0.4687848155432842,1
STB,2025-07-07 07:00:00,47.55,0,0.4762489213363937,1
STB,2025-07-08 07:00:00,47.65,0,0.45900186313791136,1
STB,2025-07-09 07:00:00,47.8,0,0.464751803876949,1
STB,2025-07-10 07:00:00,47.65,0,0.42166892094858427,1
STB,2025-07-11 07:00:00,47.65,0,0.42644256805974695,1
STB,2025-07-14 07:00:00,47.95,0,0.4374883707446552,1
STB,2025-07-15 07:00:00,47.7,1,0.4235089627672672,1
STB,2025-07-16 07:00:00,47.8,1,0.4300993812078373,1
STB,2025-07-17 07:00:00,47.7,1,0.4023869997562203,0
STB,2025-07-18 07:00:00,50.2,0,0.5390567929567764,1
STB,2025-07-21 07:00:00,49.5,0,0.48843992796867,1
STB,2025-07-22 07:00:00,49.5,0,0.48436228406094617,1
STB,2025-07-23 07:00:00,48.7,0,0.49637141893606707,1
STB,2025-07-24 07:00:00,49.0,0,0.49233080590281836,1
STB,2025-07-25 07:00:00,48.8,0,0.49535438338841237,1
STB,2025-07-28 07:00:00,49.1,1,0.4962121437409351,1
STB,2025-07-29 07:00:00,48.0,1,0.5178720696648929,1
STB,2025-07-30 07:00:00,49.3,0,0.5215228199586259,1
STB,2025-07-31 07:00:00,49.95,1,0.5197954617047208,1
STB,2025-08-01 07:00:00,49.4,1,0.4910763518107374,1
STB,2025-08-04 07:00:00,50.0,1,0.48898168245347706,1
STB,2025-08-05 07:00:00,51.7,1,0.5091997772717569,1
STB,2025-08-06 07:00:00,54.1,0,0.5879714514554418,1
STB,2025-08-07 07:00:00,54.6,0,0.5521077919939418,1
STB,2025-08-08 07:00:00,54.0,0,0.5306848092335157,1
STB,2025-08-11 07:00:00,53.7,1,0.5323279868833587,1
STB,2025-08-12 07:00:00,54.0,0,0.5212020393655392,1
STB,2025-08-13 07:00:00,53.9,0,0.5190801768533165,1
STB,2025-08-14 07:00:00,55.4,0,0.5306156153054644,1
STB,2025-08-15 07:00:00,53.9,0,0.5402017666007036,1
STB,2025-08-18 07:00:00,52.8,1,0.5430384265309969,1
STB,2025-08-19 07:00:00,53.2,1,0.5196723739680956,1
STB,2025-08-20 07:00:00,54.1,0,0.502727015595663,1
STB,2025-08-21 07:00:00,57.8,0,0.6389588102514671,1
STB,2025-08-22 07:00:00,55.5,0,0.5613417691768764,1
STB,2025-08-25 07:00:00,53.0,1,0.5967806491154066,1
STB,2025-08-26 07:00:00,55.0,0,0.5961009542603678,1
STB,2025-08-27 07:00:00,55.6,0,0.5974165094584911,1
STB,2025-08-28 07:00:00,54.8,1,0.5926220100035422,1
STB,2025-08-29 07:00:00,55.6,0,0.5857907968060542,1
STB,2025-09-03 07:00:00,56.3,0,0.5700178040162499,1
STB,2025-09-04 07:00:00,56.4,0,0.5599348041671665,1
STB,2025-09-05 07:00:00,56.0,0,0.5611117757234587,1
STB,2025-09-08 07:00:00,54.0,1,0.5691958981000799,1
STB,2025-09-09 07:00:00,54.2,1,0.5564280318445407,1
STB,2025-09-10 07:00:00,53.9,1,0.545253702785827,1
STB,2025-09-11 07:00:00,55.4,0,0.5304953550078257,1
STB,2025-09-12 07:00:00,55.4,0,0.5287030356677584,1
STB,2025-09-15 07:00:00,56.0,1,0.5167458238787552,1
STB,2025-09-16 07:00:00,56.1,0,0.5117404420493574,1
STB,2025-09-17 07:00:00,56.2,0,0.5044549754724927,1
STB,2025-09-18 07:00:00,57.0,0,0.5007847778099255,1
STB,2025-09-19 07:00:00,55.2,1,0.5294344688117133,1
STB,2025-09-22 07:00:00,54.8,1,0.5013121986151717,1
STB,2025-09-23 07:00:00,55.4,1,0.49560975360701337,1
STB,2025-09-24 07:00:00,57.0,0,0.4910042849084528,1
STB,2025-09-25 07:00:00,56.9,0,0.4881369132794339,1
STB,2025-09-26 07:00:00,56.5,1,0.4836383298790012,1
STB,2025-09-29 07:00:00,56.6,1,0.48503286339965096,1
STB,2025-09-30 07:00:00,56.9,0,0.4813503617898385,1
STB,2025-10-01 07:00:00,59.8,0,0.526593721041341,1
STB,2025-10-02 07:00:00,58.7,0,0.5249517314211113,1
STB,2025-10-03 07:00:00,57.0,1,0.5322306383721755,1
STB,2025-10-06 07:00:00,59.8,0,0.5283348481020083,1
STB,2025-10-07 07:00:00,58.5,1,0.5357000939543708,1
STB,2025-10-08 07:00:00,59.9,1,0.5368029193130551,1
STB,2025-10-09 07:00:00,60.0,0,0.5345031288913977,1
STB,2025-10-10 07:00:00,60.4,0,0.5317119413742248,1
STB,2025-10-13 07:00:00,61.0,0,0.5311767247116284,1
STB,2025-10-14 07:00:00,60.6,0,0.5330150977169418,1
STB,2025-10-15 07:00:00,60.0,0,0.5334946072325246,1
STB,2025-10-16 07:00:00,59.5,0,0.529537769175472,1
STB,2025-10-17 07:00:00,59.0,0,0.5192270511493828,1
STB,2025-10-20 07:00:00,54.9,0,0.5835603943621706,1
STB,2025-10-21 07:00:00,55.6,0,0.5511443433086889,1
STB,2025-10-22 07:00:00,55.4,0,0.5479807909624084,1
STB,2025-10-23 07:00:00,55.6,1,0.5363422548345725,1
STB,2025-10-24 07:00:00,54.5,1,0.5291831764731803,1
STB,2025-10-27 07:00:00,54.6,1,0.5441296265836113,1
STB,2025-10-28 07:00:00,56.8,0,0.5491179784328378,1
STB,2025-10-29 07:00:00,57.2,0,0.5467224927064257,1
STB,2025-10-30 07:00:00,56.9,0,0.5575857316735378,1
STB,2025-10-31 07:00:00,55.5,0,0.555884499619974,1
STB,2025-11-03 07:00:00,52.3,0,0.5725505759366533,1
STB,2025-11-04 07:00:00,53.9,0,0.541421669364325,1
STB,2025-11-05 07:00:00,53.5,0,0.5653154640782486,1
STB,2025-11-06 07:00:00,51.9,0,0.5687381129709791,1
STB,2025-11-07 07:00:00,48.35,1,0.51965203053277,1
STB,2025-11-10 07:00:00,48.5,0,0.6093442325746227,1
STB,2025-11-11 07:00:00,49.65,0,0.577801682523944,1
STB,2025-11-12 07:00:00,50.6,0,0.5645334327968804,1
STB,2025-11-13 07:00:00,48.7,1,0.5917026199483633,1
STB,2025-11-14 07:00:00,48.05,1,0.5882073347596992,1
STB,2025-11-17 07:00:00,48.9,0,0.5603433557457315,1
STB,2025-11-18 07:00:00,49.5,1,0.5649761313787952,1
STB,2025-11-19 07:00:00,49.5,0,0.5678396300928121,1
STB,2025-11-20 07:00:00,49.5,0,0.5615433587134417,1
STB,2025-11-21 07:00:00,51.3,0,0.5257016784913983,1
STB,2025-11-24 07:00:00,50.0,0,0.5573910035188488,1
STB,2025-11-25 07:00:00,50.0,0,0.5525799101518357,1
STB,2025-11-26 07:00:00,49.95,0,0.5295647965441814,1
STB,2025-11-27 07:00:00,49.3,0,0.5335303156075527,1
STB,2025-11-28 07:00:00,48.6,1,0.5296162731855066,1
STB,2025-12-01 07:00:00,49.0,1,0.5049381645525689,1
STB,2025-12-02 07:00:00,49.4,0,0.4962607720580484,1
STB,2025-12-03 07:00:00,49.7,0,0.49514450520491876,1
STB,2025-12-04 07:00:00,50.2,0,0.48863416751735866,1
STB,2025-12-05 07:00:00,49.2,0,0.47774116704538366,1
STB,2025-12-08 07:00:00,48.7,0,0.47842843230861737,1
STB,2025-12-09 07:00:00,48.55,0,0.4751009107212472,1
STB,2025-12-10 07:00:00,48.6,0,0.47319224091952444,1
STB,2025-12-11 07:00:00,47.7,0,0.4905473231515879,1
STB,2025-12-12 07:00:00,46.0,1,0.5460808361544229,1
STB,2025-12-15 07:00:00,46.8,1,0.4989685805201198,1
STB,2025-12-16 07:00:00,47.05,1,0.4907765475384639,1
STB,2025-12-17 07:00:00,47.2,1,0.4852380274143003,1
STB,2025-12-18 07:00:00,48.0,1,0.4814030767048698,1
STB,2025-12-19 07:00:00,49.0,1,0.48005540786639006,1
STB,2025-12-22 07:00:00,52.4,1,0.6144556128436713,1
STB,2025-12-23 07:00:00,56.0,1,0.5810255510373427,1
STB,2025-12-24 07:00:00,58.7,1,0.5751839984296983,1
STB,2025-12-25 07:00:00,55.9,1,0.5988079719588565,1
STB,2025-12-26 07:00:00,57.5,0,0.5790463334957329,1
STB,2025-12-29 07:00:00,59.9,0,0.5922437741457803,1
STB,2025-12-30 07:00:00,60.0,0,0.5882401003406145,1
STB,2025-12-31 07:00:00,58.0,0,0.6115223581745648,1
TCB,2025-01-15 07:00:00,22.61,1,0.4284572915932187,1
TCB,2025-01-16 07:00:00,22.76,0,0.4319620349793014,1
TCB,2025-01-17 07:00:00,23.28,0,0.4428567176103316,1
TCB,2025-01-20 07:00:00,23.28,0,0.4204086886003692,1
TCB,2025-01-21 07:00:00,23.09,1,0.4229248850704492,1
TCB,2025-01-22 07:00:00,23.09,0,0.4195018767496164,1
TCB,2025-01-23 07:00:00,23.47,0,0.46813551504452194,1
TCB,2025-01-24 07:00:00,23.62,0,0.43262324382622064,1
TCB,2025-02-03 07:00:00,23.14,1,0.41495453765640544,1
TCB,2025-02-04 07:00:00,23.52,1,0.4306896758601214,1
TCB,2025-02-05 07:00:00,23.57,1,0.42415786534675026,1
TCB,2025-02-06 07:00:00,24.04,1,0.5003855313198616,1
TCB,2025-02-07 07:00:00,24.57,0,0.48263868863211656,1
TCB,2025-02-10 07:00:00,24.57,0,0.4451805967082935,1
TCB,2025-02-11 07:00:00,24.71,0,0.43637517121722413,1
TCB,2025-02-12 07:00:00,24.52,0,0.4151746923161559,1
TCB,2025-02-13 07:00:00,24.76,0,0.4244493687781375,1
TCB,2025-02-14 07:00:00,24.81,0,0.4076859890963424,1
TCB,2025-02-17 07:00:00,24.52,1,0.411924290859901,1
TCB,2025-02-18 07:00:00,24.66,1,0.41502114343990204,1
TCB,2025-02-19 07:00:00,24.9,1,0.4173254450925262,1
TCB,2025-02-20 07:00:00,25.33,0,0.4383479647604283,1
TCB,2025-02-21 07:00:00,25.28,0,0.3963970960316888,0
TCB,2025-02-24 07:00:00,25.28,0,0.39714202099450996,0
TCB,2025-02-25 07:00:00,25.19,0,0.4005692140954502,0
TCB,2025-02-26 07:00:00,25.09,0,0.39609381563971646,0
TCB,2025-02-27 07:00:00,25.05,1,0.38959188276316975,0
TCB,2025-02-28 07:00:00,24.9,1,0.3951408062693469,0
TCB,2025-03-03 07:00:00,24.9,1,0.38386967873821987,0
TCB,2025-03-04 07:00:00,26.24,0,0.5128759658704043,1
TCB,2025-03-05 07:00:00,26.05,1,0.42371308296419946,1
TCB,2025-03-06 07:00:00,26.43,0,0.4461495477937992,1
TCB,2025-03-07 07:00:00,26.48,0,0.43559974628441844,1
TCB,2025-03-10 07:00:00,26.52,0,0.426789636866454,1
TCB,2025-03-11 07:00:00,26.72,0,0.4358444770810238,1
TCB,2025-03-12 07:00:00,26.57,0,0.4234822462720491,1
TCB,2025-03-13 07:00:00,26.05,0,0.46350904082152544,1
TCB,2025-03-14 07:00:00,26.05,0,0.4663137035606091,1
TCB,2025-03-17 07:00:00,26.19,0,0.4550021663883249,1
TCB,2025-03-18 07:00:00,26.14,0,0.4312220276375687,1
TCB,2025-03-19 07:00:00,26.0,1,0.4305209336842147,1
TCB,2025-03-20 07:00:00,26.19,1,0.4431387938894177,1
TCB,2025-03-21 07:00:00,26.1,1,0.42771599816637196,1
TCB,2025-03-24 07:00:00,26.72,0,0.4554823187158375,1
TCB,2025-03-25 07:00:00,26.62,0,0.4234172077087243,1
TCB,2025-03-26 07:00:00,26.72,0,0.4616885465144954,1
TCB,2025-03-27 07:00:00,26.48,0,0.43014073500484845,1
TCB,2025-03-28 07:00:00,26.29,0,0.4346100903441301,1
TCB,2025-03-31 07:00:00,26.24,0,0.42858278883146433,1
TCB,2025-04-01 07:00:00,26.67,0,0.4238522997534195,1
TCB,2025-04-02 07:00:00,26.62,0,0.3972227344910573,0
TCB,2025-04-03 07:00:00,24.76,0,0.4855700636957767,1
TCB,2025-04-04 07:00:00,24.52,0,0.5057250474904643,1
TCB,2025-04-08 07:00:00,22.85,1,0.6052486603175845,1
TCB,2025-04-09 07:00:00,22.52,1,0.6436528107801779,1
TCB,2025-04-10 07:00:00,24.09,1,0.5941696027320594,1
TCB,2025-04-11 07:00:00,25.38,0,0.5992915468291938,1
TCB,2025-04-14 07:00:00,25.33,0,0.593472334165826,1
TCB,2025-04-15 07:00:00,24.81,0,0.5939254478854242,1
TCB,2025-04-16 07:00:00,24.62,0,0.593832240608639,1
TCB,2025-04-17 07:00:00,24.81,0,0.5855056815645615,1
TCB,2025-04-18 07:00:00,24.81,0,0.5848217439815111,1
TCB,2025-04-21 07:00:00,24.57,0,0.5925299566941407,1
TCB,2025-04-22 07:00:00,24.0,1,0.5767059850445271,1
TCB,2025-04-23 07:00:00,24.9,0,0.5984371020502969,1
TCB,2025-04-24 07:00:00,24.57,1,0.5948675088856892,1
TCB,2025-04-25 07:00:00,24.76,1,0.5504534774479121,1
TCB,2025-04-28 07:00:00,24.81,1,0.5512971321708494,1
TCB,2025-04-29 07:00:00,25.09,1,0.520787424671576,1
TCB,2025-05-05 07:00:00,25.28,1,0.5198704612328024,1
TCB,2025-05-06 07:00:00,25.62,1,0.49949917779251046,1
TCB,2025-05-07 07:00:00,25.76,1,0.4989361758702297,1
TCB,2025-05-08 07:00:00,26.14,1,0.4932692935096373,1
TCB,2025-05-09 07:00:00,26.33,1,0.4620295236662802,1
TCB,2025-05-12 07:00:00,28.05,1,0.5374158434835649,1
TCB,2025-05-13 07:00:00,28.05,0,0.49801964865286824,1
TCB,2025-05-14 07:00:00,28.48,0,0.49622293763942565,1
TCB,2025-05-15 07:00:00,28.53,1,0.4956477562553589,1
TCB,2025-05-16 07:00:00,28.1,1,0.4995517898715571,1
TCB,2025-05-19 07:00:00,28.15,1,0.4953882335194178,1
TCB,2025-05-20 07:00:00,29.53,0,0.5305322204724653,1
TCB,2025-05-21 07:00:00,29.48,0,0.5231778191527594,1
TCB,2025-05-22 07:00:00,29.1,0,0.5153731172336857,1
TCB,2025-05-23 07:00:00,28.77,0,0.5258971406249113,1
TCB,2025-05-26 07:00:00,28.96,0,0.492792619752229,1
TCB,2025-05-27 07:00:00,29.2,0,0.4919210928196458,1
TCB,2025-05-28 07:00:00,29.1,0,0.4948970460424181,1
TCB,2025-05-29 07:00:00,29.39,1,0.4873161125694601,1
TCB,2025-05-30 07:00:00,29.05,1,0.5003702181944475,1
TCB,2025-06-02 07:00:00,29.44,0,0.49543186443549636,1
TCB,2025-06-03 07:00:00,30.15,0,0.47302283191892536,1
TCB,2025-06-04 07:00:00,29.91,0,0.47199383502409353,1
TCB,2025-06-05 07:00:00,29.67,0,0.4823874979442357,1
TCB,2025-06-06 07:00:00,28.91,0,0.5039229463464762,1
TCB,2025-06-09 07:00:00,28.39,1,0.5109292753857919,1
TCB,2025-06-10 07:00:00,28.67,1,0.5026683999795668,1
TCB,2025-06-11 07:00:00,28.72,1,0.4626037311135225,1
TCB,2025-06-12 07:00:00,29.53,1,0.4806154082687165,1
TCB,2025-06-13 07:00:00,29.77,1,0.491544363521331,1
TCB,2025-06-16 07:00:00,30.82,1,0.5015064057160148,1
TCB,2025-06-17 07:00:00,30.91,1,0.4903330531531536,1
TCB,2025-06-18 07:00:00,31.3,1,0.502274999357048,1
TCB,2025-06-19 07:00:00,32.44,0,0.531870493417982,1
TCB,2025-06-20 07:00:00,32.44,0,0.5182827913709096,1
TCB,2025-06-23 07:00:00,32.25,0,0.511370112116113,1
TCB,2025-06-24 07:00:00,32.44,0,0.5152287533654762,1
TCB,2025-06-25 07:00:00,32.25,0,0.5138441181439968,1
TCB,2025-06-26 07:00:00,32.49,0,0.49825947181187885,1
TCB,2025-06-27 07:00:00,32.39,1,0.47961031718627334,1
TCB,2025-06-30 07:00:00,32.63,1,0.47922786476866025,1
TCB,2025-07-01 07:00:00,32.82,1,0.4758820694827036,1
TCB,2025-07-02 07:00:00,33.4,0,0.4785446309898582,1
TCB,2025-07-03 07:00:00,33.25,0,0.4494544379373653,1
TCB,2025-07-04 07:00:00,33.35,0,0.4404556267322817,1
TCB,2025-07-07 07:00:00,33.68,0,0.43845852214935127,1
TCB,2025-07-08 07:00:00,33.68,0,0.4130071594290046,1
TCB,2025-07-09 07:00:00,33.3,0,0.43472859273478476,1
TCB,2025-07-10 07:00:00,33.2,0,0.4218185602554781,1
TCB,2025-07-11 07:00:00,33.35,0,0.42620404234554354,1
TCB,2025-07-14 07:00:00,33.49,0,0.39009764553964504,0
TCB,2025-07-15 07:00:00,33.2,1,0.415735501057358,1
TCB,2025-07-16 07:00:00,33.63,0,0.42106951587880614,1
TCB,2025-07-17 07:00:00,33.54,0,0.3863269189552349,0
TCB,2025-07-18 07:00:00,34.59,0,0.4693710207917558,1
TCB,2025-07-21 07:00:00,33.82,0,0.4511646358238954,1
TCB,2025-07-22 07:00:00,33.73,0,0.4518255319061405,1
TCB,2025-07-23 07:00:00,33.4,1,0.4637391153996251,1
TCB,2025-07-24 07:00:00,33.44,0,0.45888141381800707,1
TCB,2025-07-25 07:00:00,33.59,0,0.45588285993660493,1
TCB,2025-07-28 07:00:00,33.97,0,0.46250055135758705,1
TCB,2025-07-29 07:00:00,32.34,0,0.516562630236655,1
TCB,2025-07-30 07:00:00,32.92,1,0.5162730983145278,1
TCB,2025-07-31 07:00:00,32.44,1,0.5269191766895116,1
TCB,2025-08-01 07:00:00,32.54,1,0.5098592801328615,1
TCB,2025-08-04 07:00:00,33.73,1,0.5203409387965743,1
TCB,2025-08-05 07:00:00,35.3,1,0.5943592963947764,1
TCB,2025-08-06 07:00:00,36.45,0,0.6095391705202866,1
TCB,2025-08-07 07:00:00,36.64,0,0.5379866489815514,1
TCB,2025-08-08 07:00:00,36.11,0,0.544428476714912,1
TCB,2025-08-11 07:00:00,36.02,1,0.5353286369124336,1
TCB,2025-08-12 07:00:00,35.97,0,0.5211325895665907,1
TCB,2025-08-13 07:00:00,35.78,0,0.5244938450745555,1
TCB,2025-08-14 07:00:00,36.64,1,0.5207767967089397,1
TCB,2025-08-15 07:00:00,35.88,1,0.5383878644025782,1
TCB,2025-08-18 07:00:00,36.21,1,0.5215536239416483,1
TCB,2025-08-19 07:00:00,37.4,0,0.5073041974840288,1
TCB,2025-08-20 07:00:00,38.64,0,0.5397710520878914,1
TCB,2025-08-21 07:00:00,39.64,0,0.5637092226361375,1
TCB,2025-08-22 07:00:00,37.21,0,0.5737591991515819,1
TCB,2025-08-25 07:00:00,35.83,1,0.5932265308499176,1
TCB,2025-08-26 07:00:00,37.54,0,0.579596729467153,1
TCB,2025-08-27 07:00:00,37.16,1,0.5771085817556243,1
TCB,2025-08-28 07:00:00,37.78,0,0.5778902391834333,1
TCB,2025-08-29 07:00:00,37.78,0,0.5680264065362648,1
TCB,2025-09-03 07:00:00,37.78,0,0.5735195837706129,1
TCB,2025-09-04 07:00:00,37.78,0,0.5547034764834016,1
TCB,2025-09-05 07:00:00,37.69,0,0.5486334771422136,1
TCB,2025-09-08 07:00:00,36.26,1,0.5720405149473372,1
TCB,2025-09-09 07:00:00,36.73,0,0.5493290187339015,1
TCB,2025-09-10 07:00:00,37.21,0,0.5456834298314838,1
TCB,2025-09-11 07:00:00,36.92,1,0.5176647549296092,1
TCB,2025-09-12 07:00:00,36.83,0,0.5153479040062146,1
TCB,2025-09-15 07:00:00,37.21,0,0.5095783235484743,1
TCB,2025-09-16 07:00:00,37.54,0,0.49848538510085744,1
TCB,2025-09-17 07:00:00,36.92,0,0.5063758006787985,1
TCB,2025-09-18 07:00:00,37.02,0,0.5006131224494058,1
TCB,2025-09-19 07:00:00,36.64,0,0.49274125381183376,1
TCB,2025-09-22 07:00:00,35.78,1,0.5153197545461428,1
TCB,2025-09-23 07:00:00,35.78,1,0.4743753268702045,1
TCB,2025-09-24 07:00:00,37.02,0,0.48793775608194556,1
TCB,2025-09-25 07:00:00,37.12,0,0.4880681652997023,1
TCB,2025-09-26 07:00:00,36.92,1,0.47668171952357813,1
TCB,2025-09-29 07:00:00,36.97,1,0.4702225439099598,1
TCB,2025-09-30 07:00:00,37.07,0,0.47210508636390025,1
TCB,2025-10-01 07:00:00,37.76,1,0.4493345488360016,1
TCB,2025-10-02 07:00:00,38.05,0,0.457612703233669,1
TCB,2025-10-03 07:00:00,37.56,0,0.4648397329698918,1
TCB,2025-10-06 07:00:00,38.59,0,0.4670340690581528,1
TCB,2025-10-07 07:00:00,38.2,0,0.45916124924614093,1
TCB,2025-10-08 07:00:00,37.8,1,0.4605712536961887,1
TCB,2025-10-09 07:00:00,38.15,1,0.46665020477557323,1
TCB,2025-10-10 07:00:00,38.54,1,0.4636358123799408,1
TCB,2025-10-13 07:00:00,40.45,0,0.5036780314960518,1
TCB,2025-10-14 07:00:00,39.96,0,0.48853246432289427,1
TCB,2025-10-15 07:00:00,39.96,0,0.5007681082900178,1
TCB,2025-10-16 07:00:00,40.4,0,0.4919903745761195,1
TCB,2025-10-17 07:00:00,39.81,0,0.5113207187952125,1
TCB,2025-10-20 07:00:00,37.07,0,0.5553001051778889,1
TCB,2025-10-21 07:00:00,36.88,0,0.531343054719283,1
TCB,2025-10-22 07:00:00,37.22,0,0.5249059098841232,1
TCB,2025-10-23 07:00:00,36.48,0,0.5426701310826215,1
TCB,2025-10-24 07:00:00,35.36,0,0.5886106150480382,1
TCB,2025-10-27 07:00:00,34.33,1,0.6293740080023649,1
TCB,2025-10-28 07:00:00,35.26,0,0.5454434447263454,1
TCB,2025-10-29 07:00:00,35.65,0,0.5517866771918761,1
TCB,2025-10-30 07:00:00,34.97,0,0.5804966023932102,1
TCB,2025-10-31 07:00:00,34.38,0,0.5808912741831407,1
TCB,2025-11-03 07:00:00,32.91,0,0.5973945410526039,1
TCB,2025-11-04 07:00:00,34.28,0,0.5704326508491745,1
TCB,2025-11-05 07:00:00,33.4,0,0.5932726708571268,1
TCB,2025-11-06 07:00:00,32.91,0,0.5912551847398528,1
TCB,2025-11-07 07:00:00,32.32,1,0.5825702225613985,1
TCB,2025-11-10 07:00:00,32.71,1,0.5484160487302162,1
TCB,2025-11-11 07:00:00,32.96,1,0.5287687672726522,1
TCB,2025-11-12 07:00:00,34.28,0,0.5478024769690338,1
TCB,2025-11-13 07:00:00,34.38,0,0.5314210830250338,1
TCB,2025-11-14 07:00:00,34.38,0,0.526904914523079,1
TCB,2025-11-17 07:00:00,34.43,0,0.5139898316902533,1
TCB,2025-11-18 07:00:00,34.62,0,0.49099167707613267,1
TCB,2025-11-19 07:00:00,34.08,0,0.49305920179040047,1
TCB,2025-11-20 07:00:00,33.89,0,0.4962144447032858,1
TCB,2025-11-21 07:00:00,33.54,0,0.4918161462615422,1
TCB,2025-11-24 07:00:00,33.25,0,0.49452609259743047,1
TCB,2025-11-25 07:00:00,32.76,0,0.5107577010020985,1
TCB,2025-11-26 07:00:00,33.15,0,0.47859748318455286,1
TCB,2025-11-27 07:00:00,33.06,0,0.47020230803859164,1
TCB,2025-11-28 07:00:00,33.06,1,0.46107615910635436,1
TCB,2025-12-01 07:00:00,32.52,1,0.46779037263025247,1
TCB,2025-12-02 07:00:00,33.5,0,0.4249207709723572,1
TCB,2025-12-03 07:00:00,34.18,0,0.4327421333938641,1
TCB,2025-12-04 07:00:00,34.67,0,0.4410693344346738,1
TCB,2025-12-05 07:00:00,33.99,0,0.4367715289008016,1
TCB,2025-12-08 07:00:00,33.5,0,0.4586928215559967,1
TCB,2025-12-09 07:00:00,33.1,0,0.468559408062486,1
TCB,2025-12-10 07:00:00,33.01,0,0.4593520681948653,1
TCB,2025-12-11 07:00:00,32.71,0,0.4528802431135011,1
TCB,2025-12-12 07:00:00,31.34,1,0.515598181855056,1
TCB,2025-12-15 07:00:00,31.34,1,0.5502294473800775,1
TCB,2025-12-16 07:00:00,32.32,1,0.4965881883802879,1
TCB,2025-12-17 07:00:00,31.93,1,0.49393736390206555,1
TCB,2025-12-18 07:00:00,32.32,1,0.49223293379870325,1
TCB,2025-12-19 07:00:00,32.91,1,0.508824239324223,1
TCB,2025-12-22 07:00:00,34.48,0,0.5326874136351539,1
TCB,2025-12-23 07:00:00,34.08,0,0.5230986774320704,1
TCB,2025-12-24 07:00:00,34.23,0,0.5193228543376462,1
TCB,2025-12-25 07:00:00,33.3,0,0.5251260947691534,1
TCB,2025-12-26 07:00:00,33.2,1,0.5179258477847735,1
TCB,2025-12-29 07:00:00,33.35,0,0.5174989047916383,1
TCB,2025-12-30 07:00:00,33.64,0,0.5121298675656956,1
TCB,2025-12-31 07:00:00,34.18,0,0.5010261972958342,1
TCX,2025-12-29 07:00:00,37.94,0,0.4819636475762254,1
TCX,2025-12-30 07:00:00,38.31,0,0.47347661839273036,1
TCX,2025-12-31 07:00:00,38.77,0,0.483953641054364,1
VCB,2025-01-15 07:00:00,60.25,0,0.3081686181346078,0
VCB,2025-01-16 07:00:00,61.11,0,0.41603056161828095,1
VCB,2025-01-17 07:00:00,60.98,0,0.35386661389522933,0
VCB,2025-01-20 07:00:00,60.45,0,0.3238320593726093,0
VCB,2025-01-21 07:00:00,60.25,0,0.3120067537771093,0
VCB,2025-01-22 07:00:00,60.12,0,0.3120569684187093,0
VCB,2025-01-23 07:00:00,60.98,0,0.38974030728190207,0
VCB,2025-01-24 07:00:00,61.04,0,0.3732647808493663,0
VCB,2025-02-03 07:00:00,60.38,0,0.33034482050216873,0
VCB,2025-02-04 07:00:00,60.65,0,0.38136838563383313,0
VCB,2025-02-05 07:00:00,61.04,0,0.40791443043977155,1
VCB,2025-02-06 07:00:00,61.24,0,0.4049259893969213,1
VCB,2025-02-07 07:00:00,61.31,0,0.4122132134842109,1
VCB,2025-02-10 07:00:00,60.78,0,0.3667644261438939,0
VCB,2025-02-11 07:00:00,60.58,0,0.3460326692968709,0
VCB,2025-02-12 07:00:00,60.32,0,0.33280945845288123,0
VCB,2025-02-13 07:00:00,60.38,0,0.3305067808123401,0
VCB,2025-02-14 07:00:00,60.38,0,0.32801768004759635,0
VCB,2025-02-17 07:00:00,60.38,0,0.33138387023420246,0
VCB,2025-02-18 07:00:00,60.38,1,0.33269656524369445,0
VCB,2025-02-19 07:00:00,60.45,1,0.34302961554664163,0
VCB,2025-02-20 07:00:00,60.45,0,0.3369309599250606,0
VCB,2025-02-21 07:00:00,61.37,0,0.451870943635734,1
VCB,2025-02-24 07:00:00,61.64,0,0.42955998239582566,1
VCB,2025-02-25 07:00:00,61.04,0,0.38001453239118016,0
VCB,2025-02-26 07:00:00,60.84,0,0.36875758213296594,0
VCB,2025-02-27 07:00:00,61.97,0,0.4629763297088895,1
VCB,2025-02-28 07:00:00,61.5,0,0.3682041894397381,0
VCB,2025-03-03 07:00:00,61.5,0,0.37128495707224424,0
VCB,2025-03-04 07:00:00,61.31,1,0.36748246649551125,0
VCB,2025-03-05 07:00:00,61.31,1,0.3652538079858172,0
VCB,2025-03-06 07:00:00,61.64,1,0.38909471615479163,0
VCB,2025-03-07 07:00:00,62.69,1,0.4653098093034501,1
VCB,2025-03-10 07:00:00,63.81,0,0.49318730576670855,1
VCB,2025-03-11 07:00:00,63.81,1,0.4285115667377403,1
VCB,2025-03-12 07:00:00,65.78,0,0.5042945789616373,1
VCB,2025-03-13 07:00:00,64.6,1,0.4153545669523947,1
VCB,2025-03-14 07:00:00,65.09,0,0.4302296705104378,1
VCB,2025-03-17 07:00:00,66.38,0,0.4431445739642283,1
VCB,2025-03-18 07:00:00,65.88,0,0.42807552387371195,1
VCB,2025-03-19 07:00:00,65.59,0,0.40759320314142966,1
VCB,2025-03-20 07:00:00,65.88,0,0.4253107694621846,1
VCB,2025-03-21 07:00:00,65.09,0,0.42720813172368377,1
VCB,2025-03-24 07:00:00,65.59,0,0.4512098525772097,1
VCB,2025-03-25 07:00:00,65.29,0,0.44477694037898424,1
VCB,2025-03-26 07:00:00,64.9,0,0.4474641912771829,1
VCB,2025-03-27 07:00:00,64.6,0,0.4252560752928624,1
VCB,2025-03-28 07:00:00,63.91,0,0.44127648031761435,1
VCB,2025-03-31 07:00:00,63.12,0,0.4649188581067897,1
VCB,2025-04-01 07:00:00,63.61,0,0.43681692479513495,1
VCB,2025-04-02 07:00:00,63.91,0,0.4354816673832076,1
VCB,2025-04-03 07:00:00,59.47,0,0.45568617547945395,1
VCB,2025-04-04 07:00:00,59.18,0,0.4825719011599913,1
VCB,2025-04-08 07:00:00,55.03,1,0.5946035760694188,1
VCB,2025-04-09 07:00:00,51.78,1,0.6721341353652819,1
VCB,2025-04-10 07:00:00,55.33,1,0.6561790036260866,1
VCB,2025-04-11 07:00:00,58.98,0,0.5921070780550762,1
VCB,2025-04-14 07:00:00,58.49,0,0.6013058798800702,1
VCB,2025-04-15 07:00:00,59.18,0,0.609221779830252,1
VCB,2025-04-16 07:00:00,58.49,0,0.6088717831769205,1
VCB,2025-04-17 07:00:00,57.3,0,0.6171350612990087,1
VCB,2025-04-18 07:00:00,57.3,0,0.6114159285957281,1
VCB,2025-04-21 07:00:00,57.4,0,0.6069775675176265,1
VCB,2025-04-22 07:00:00,57.7,0,0.6002517742641149,1
VCB,2025-04-23 07:00:00,57.2,0,0.5969740231877249,1
VCB,2025-04-24 07:00:00,57.4,0,0.5811824731490498,1
VCB,2025-04-25 07:00:00,56.71,0,0.5330244221082858,1
VCB,2025-04-28 07:00:00,56.71,0,0.5397976054123919,1
VCB,2025-04-29 07:00:00,56.51,0,0.5290771811875572,1
VCB,2025-05-05 07:00:00,56.32,0,0.5249029187356407,1
VCB,2025-05-06 07:00:00,56.22,0,0.5019123711148994,1
VCB,2025-05-07 07:00:00,56.22,0,0.4834439201397347,1
VCB,2025-05-08 07:00:00,56.32,0,0.4800560380263473,1
VCB,2025-05-09 07:00:00,55.82,1,0.45167683112267665,1
VCB,2025-05-12 07:00:00,55.82,1,0.42779716531700723,1
VCB,2025-05-13 07:00:00,56.02,0,0.4427686304212553,1
VCB,2025-05-14 07:00:00,57.89,0,0.45237806117499474,1
VCB,2025-05-15 07:00:00,57.89,0,0.3863616306729049,0
VCB,2025-05-16 07:00:00,56.71,0,0.3868822989002517,0
VCB,2025-05-19 07:00:00,56.22,0,0.4033185372296288,0
VCB,2025-05-20 07:00:00,56.32,0,0.3908883827677209,0
VCB,2025-05-21 07:00:00,56.32,0,0.3668283290254889,0
VCB,2025-05-22 07:00:00,56.12,0,0.3680969819344068,0
VCB,2025-05-23 07:00:00,56.02,0,0.3522430748228627,0
VCB,2025-05-26 07:00:00,56.22,0,0.39030004621979736,0
VCB,2025-05-27 07:00:00,56.02,0,0.34783230567429513,0
VCB,2025-05-28 07:00:00,56.02,0,0.33842976270032443,0
VCB,2025-05-29 07:00:00,55.92,0,0.33922824211002717,0
VCB,2025-05-30 07:00:00,55.62,0,0.3257328815074595,0
VCB,2025-06-02 07:00:00,55.43,0,0.324912765792009,0
VCB,2025-06-03 07:00:00,56.02,0,0.3822355369816039,0
VCB,2025-06-04 07:00:00,55.82,0,0.3527515737618446,0
VCB,2025-06-05 07:00:00,55.53,0,0.3460108198384536,0
VCB,2025-06-06 07:00:00,55.33,0,0.33312693704156976,0
VCB,2025-06-09 07:00:00,55.13,0,0.3289958631155723,0
VCB,2025-06-10 07:00:00,55.13,0,0.3289946164993325,0
VCB,2025-06-11 07:00:00,54.94,1,0.31989348140419027,0
VCB,2025-06-12 07:00:00,55.23,1,0.3494605139037967,0
VCB,2025-06-13 07:00:00,55.43,0,0.37206091846200945,0
VCB,2025-06-16 07:00:00,55.82,0,0.3930492668572736,0
VCB,2025-06-17 07:00:00,56.41,0,0.4123791682599384,1
VCB,2025-06-18 07:00:00,55.92,0,0.3612516819759487,0
VCB,2025-06-19 07:00:00,55.82,0,0.3528647177342581,0
VCB,2025-06-20 07:00:00,56.32,0,0.40941258239968986,1
VCB,2025-06-23 07:00:00,55.82,0,0.329271204412347,0
VCB,2025-06-24 07:00:00,55.82,0,0.32222591718244153,0
VCB,2025-06-25 07:00:00,55.82,0,0.3254494058157904,0
VCB,2025-06-26 07:00:00,55.62,1,0.32701854214995935,0
VCB,2025-06-27 07:00:00,55.92,1,0.37832874709009073,0
VCB,2025-06-30 07:00:00,56.22,1,0.3930529598613936,0
VCB,2025-07-01 07:00:00,57.4,0,0.4979688620012402,1
VCB,2025-07-02 07:00:00,57.2,0,0.37701007120686925,0
VCB,2025-07-03 07:00:00,57.1,1,0.3865353257459927,0
VCB,2025-07-04 07:00:00,57.6,1,0.3992491192415018,0
VCB,2025-07-07 07:00:00,57.8,1,0.41568495130866084,1
VCB,2025-07-08 07:00:00,58.19,1,0.452236422879017,1
VCB,2025-07-09 07:00:00,60.66,0,0.5027805303159076,1
VCB,2025-07-10 07:00:00,60.56,0,0.40141248127076257,0
VCB,2025-07-11 07:00:00,61.84,0,0.46266368320155277,1
VCB,2025-07-14 07:00:00,61.54,0,0.3981026131515816,0
VCB,2025-07-15 07:00:00,60.56,0,0.43540058225316075,1
VCB,2025-07-16 07:00:00,60.95,0,0.44679334293287654,1
VCB,2025-07-17 07:00:00,61.35,0,0.4457399009624262,1
VCB,2025-07-18 07:00:00,61.05,0,0.44153524669078764,1
VCB,2025-07-21 07:00:00,60.46,0,0.4453470890480068,1
VCB,2025-07-22 07:00:00,61.35,0,0.4530416008550324,1
VCB,2025-07-23 07:00:00,61.25,0,0.44463020279277155,1
VCB,2025-07-24 07:00:00,61.25,0,0.4443282478558167,1
VCB,2025-07-25 07:00:00,61.15,0,0.44637885075884765,1
VCB,2025-07-28 07:00:00,61.94,0,0.45341023280340875,1
VCB,2025-07-29 07:00:00,60.16,0,0.4654045161909968,1
VCB,2025-07-30 07:00:00,60.06,0,0.4655884553351516,1
VCB,2025-07-31 07:00:00,59.37,1,0.4848191693259377,1
VCB,2025-08-01 07:00:00,59.37,1,0.4609383532477249,1
VCB,2025-08-04 07:00:00,60.26,0,0.46119728268379445,1
VCB,2025-08-05 07:00:00,60.66,0,0.4974951155015534,1
VCB,2025-08-06 07:00:00,61.44,0,0.46005386706612,1
VCB,2025-08-07 07:00:00,60.85,1,0.46942936619236136,1
VCB,2025-08-08 07:00:00,61.05,0,0.46505807454120646,1
VCB,2025-08-11 07:00:00,61.64,1,0.472101680615407,1
VCB,2025-08-12 07:00:00,62.14,1,0.4725376916621705,1
VCB,2025-08-13 07:00:00,61.64,1,0.4677263162621156,1
VCB,2025-08-14 07:00:00,64.31,0,0.5163393452248207,1
VCB,2025-08-15 07:00:00,63.42,0,0.49301759953960334,1
VCB,2025-08-18 07:00:00,63.61,0,0.48482030651356645,1
VCB,2025-08-19 07:00:00,63.32,0,0.48309770348114683,1
VCB,2025-08-20 07:00:00,62.14,0,0.49918788288870053,1
VCB,2025-08-21 07:00:00,63.32,0,0.4976091242951953,1
VCB,2025-08-22 07:00:00,63.71,1,0.500345987413488,1
VCB,2025-08-25 07:00:00,62.73,1,0.5045605225483442,1
VCB,2025-08-26 07:00:00,63.71,1,0.5050298688506222,1
VCB,2025-08-27 07:00:00,68.15,0,0.6456643076044654,1
VCB,2025-08-28 07:00:00,68.05,0,0.5411792223778594,1
VCB,2025-08-29 07:00:00,67.66,0,0.5368948528725132,1
VCB,2025-09-03 07:00:00,66.08,0,0.5410983386096475,1
VCB,2025-09-04 07:00:00,67.95,0,0.5372979676419127,1
VCB,2025-09-05 07:00:00,66.57,0,0.5397154342633441,1
VCB,2025-09-08 07:00:00,64.4,0,0.5474229972039192,1
VCB,2025-09-09 07:00:00,64.01,0,0.5437873810030106,1
VCB,2025-09-10 07:00:00,64.9,0,0.536196787725494,1
VCB,2025-09-11 07:00:00,64.8,0,0.5394119319678592,1
VCB,2025-09-12 07:00:00,64.9,0,0.5099989010209173,1
VCB,2025-09-15 07:00:00,64.9,0,0.5063775800112575,1
VCB,2025-09-16 07:00:00,64.7,0,0.5060844277126754,1
VCB,2025-09-17 07:00:00,63.91,0,0.5002001854438723,1
VCB,2025-09-18 07:00:00,63.02,0,0.5063348135797712,1
VCB,2025-09-19 07:00:00,62.14,0,0.5112339347823885,1
VCB,2025-09-22 07:00:00,61.15,1,0.5132792817767192,1
VCB,2025-09-23 07:00:00,61.35,0,0.4938540091156533,1
VCB,2025-09-24 07:00:00,61.84,0,0.4783790937318548,1
VCB,2025-09-25 07:00:00,62.14,0,0.4680031337003237,1
VCB,2025-09-26 07:00:00,62.14,0,0.4251464978467279,1
VCB,2025-09-29 07:00:00,61.74,0,0.4176760162729792,1
VCB,2025-09-30 07:00:00,61.15,0,0.42484115092800123,1
VCB,2025-10-01 07:00:00,61.54,1,0.4246614451335391,1
VCB,2025-10-02 07:00:00,61.25,1,0.4011260535161544,0
VCB,2025-10-03 07:00:00,61.25,1,0.3960055042538096,0
VCB,2025-10-06 07:00:00,63.53,0,0.4320861738441712,1
VCB,2025-10-07 07:00:00,63.23,0,0.39411105962201154,0
VCB,2025-10-08 07:00:00,64.13,0,0.41126840332171904,1
VCB,2025-10-09 07:00:00,63.33,0,0.37522972926492715,0
VCB,2025-10-10 07:00:00,63.73,0,0.4036720875754251,0
VCB,2025-10-13 07:00:00,62.64,0,0.39232679548518246,0
VCB,2025-10-14 07:00:00,62.64,0,0.3805442397356631,0
VCB,2025-10-15 07:00:00,62.04,0,0.3953628322972881,0
VCB,2025-10-16 07:00:00,62.44,0,0.4042983425301913,1
VCB,2025-10-17 07:00:00,61.45,0,0.3915971930159845,0
VCB,2025-10-20 07:00:00,58.96,0,0.47311884587120107,1
VCB,2025-10-21 07:00:00,58.86,0,0.49766685476866995,1
VCB,2025-10-22 07:00:00,59.16,0,0.484785816554919,1
VCB,2025-10-23 07:00:00,59.36,0,0.48245139563295747,1
VCB,2025-10-24 07:00:00,59.06,1,0.47768411079627887,1
VCB,2025-10-27 07:00:00,58.77,1,0.467100642096203,1
VCB,2025-10-28 07:00:00,59.56,0,0.4743456000820361,1
VCB,2025-10-29 07:00:00,60.26,0,0.4707256055133461,1
VCB,2025-10-30 07:00:00,60.16,0,0.4602387388125816,1
VCB,2025-10-31 07:00:00,59.16,1,0.47219309874869997,1
VCB,2025-11-03 07:00:00,58.86,1,0.4638377513514445,1
VCB,2025-11-04 07:00:00,59.66,0,0.463473352328719,1
VCB,2025-11-05 07:00:00,60.35,0,0.46620240467110063,1
VCB,2025-11-06 07:00:00,59.86,0,0.4661697594640319,1
VCB,2025-11-07 07:00:00,58.86,0,0.4650441986651932,1
VCB,2025-11-10 07:00:00,58.37,1,0.4774665036805223,1
VCB,2025-11-11 07:00:00,58.47,1,0.44092449796181415,1
VCB,2025-11-12 07:00:00,59.06,0,0.4221003726902447,1
VCB,2025-11-13 07:00:00,59.36,0,0.41950488690585713,1
VCB,2025-11-14 07:00:00,59.56,0,0.4115294930357567,1
VCB,2025-11-17 07:00:00,59.76,0,0.3857906587549031,0
VCB,2025-11-18 07:00:00,59.46,0,0.3467303168702107,0
VCB,2025-11-19 07:00:00,58.96,0,0.3323590766494451,0
VCB,2025-11-20 07:00:00,58.96,0,0.32633914604361086,0
VCB,2025-11-21 07:00:00,58.57,0,0.32027076293310097,0
VCB,2025-11-24 07:00:00,58.37,0,0.31060853779111913,0
VCB,2025-11-25 07:00:00,57.77,0,0.3146270547819968,0
VCB,2025-11-26 07:00:00,57.67,0,0.3158749660020586,0
VCB,2025-11-27 07:00:00,57.48,0,0.31220544606646805,0
VCB,2025-11-28 07:00:00,56.98,1,0.321158783003461,0
VCB,2025-12-01 07:00:00,57.08,1,0.35101912122223755,0
VCB,2025-12-02 07:00:00,57.18,0,0.3401935411609561,0
VCB,2025-12-03 07:00:00,58.47,0,0.3926770511936192,0
VCB,2025-12-04 07:00:00,58.47,0,0.35149694835634676,0
VCB,2025-12-05 07:00:00,57.87,0,0.32605145045146017,0
VCB,2025-12-08 07:00:00,57.48,0,0.3249616369069385,0
VCB,2025-12-09 07:00:00,57.57,0,0.3358609667277589,0
VCB,2025-12-10 07:00:00,57.77,0,0.3515959113437915,0
VCB,2025-12-11 07:00:00,57.18,0,0.31392911535000995,0
VCB,2025-12-12 07:00:00,56.38,0,0.33931862511439764,0
VCB,2025-12-15 07:00:00,56.38,0,0.3224820390573923,0
VCB,2025-12-16 07:00:00,56.48,0,0.3466356133853123,0
VCB,2025-12-17 07:00:00,56.28,1,0.3348318908003521,0
VCB,2025-12-18 07:00:00,56.38,0,0.3644544755511957,0
VCB,2025-12-19 07:00:00,57.08,0,0.36802320625387286,0
VCB,2025-12-22 07:00:00,57.38,0,0.3758428222604821,0
VCB,2025-12-23 07:00:00,56.78,0,0.33453818781020883,0
VCB,2025-12-24 07:00:00,56.58,0,0.32931756947133706,0
VCB,2025-12-25 07:00:00,56.68,0,0.35417256817148973,0
VCB,2025-12-26 07:00:00,56.68,0,0.32367781894195496,0
VCB,2025-12-29 07:00:00,56.68,0,0.3278402677412465,0
VCB,2025-12-30 07:00:00,56.88,0,0.3713884450224002,0
VCB,2025-12-31 07:00:00,57.08,0,0.3789727857392153,0
VHM,2025-01-15 07:00:00,19.26,0,0.31639982298959574,0
VHM,2025-01-16 07:00:00,19.26,0,0.30516154686868113,0
VHM,2025-01-17 07:00:00,19.31,0,0.35498612065864577,0
VHM,2025-01-20 07:00:00,19.26,0,0.3073482318818704,0
VHM,2025-01-21 07:00:00,19.26,0,0.3071908596959455,0
VHM,2025-01-22 07:00:00,19.02,0,0.29040072293496577,0
VHM,2025-01-23 07:00:00,19.02,0,0.2893810974373659,0
VHM,2025-01-24 07:00:00,19.02,0,0.2884061131227816,0
VHM,2025-02-03 07:00:00,18.78,0,0.31673825607347933,0
VHM,2025-02-04 07:00:00,18.66,0,0.33324871577708726,0
VHM,2025-02-05 07:00:00,18.71,0,0.33241732478401653,0
VHM,2025-02-06 07:00:00,18.68,0,0.30310155042974796,0
VHM,2025-02-07 07:00:00,18.66,0,0.31150096902753005,0
VHM,2025-02-10 07:00:00,18.2,1,0.38994547532021917,0
VHM,2025-02-11 07:00:00,18.18,1,0.36750863124752126,0
VHM,2025-02-12 07:00:00,18.3,1,0.3475032299185745,0
VHM,2025-02-13 07:00:00,18.66,0,0.35025745593328744,0
VHM,2025-02-14 07:00:00,18.68,0,0.33379311580663273,0
VHM,2025-02-17 07:00:00,18.68,1,0.33113423852450585,0
VHM,2025-02-18 07:00:00,18.73,1,0.3755385163483859,0
VHM,2025-02-19 07:00:00,18.83,1,0.3752559077727494,0
VHM,2025-02-20 07:00:00,19.52,0,0.4820009673948534,1
VHM,2025-02-21 07:00:00,19.4,0,0.3815674826174529,0
VHM,2025-02-24 07:00:00,19.38,1,0.36855664543995514,0
VHM,2025-02-25 07:00:00,19.62,0,0.40652630908245174,1
VHM,2025-02-26 07:00:00,19.6,1,0.3732166240428318,0
VHM,2025-02-27 07:00:00,19.76,1,0.4005530893378832,0
VHM,2025-02-28 07:00:00,19.84,1,0.4116828016176437,1
VHM,2025-03-03 07:00:00,20.49,1,0.4251214475959915,1
VHM,2025-03-04 07:00:00,20.25,1,0.4241763904390139,1
VHM,2025-03-05 07:00:00,20.56,1,0.4214044310045404,1
VHM,2025-03-06 07:00:00,20.99,1,0.42112560047660796,1
VHM,2025-03-07 07:00:00,21.64,1,0.47158046461011127,1
VHM,2025-03-10 07:00:00,21.81,1,0.4596795564254462,1
VHM,2025-03-11 07:00:00,21.91,1,0.4785979791485454,1
VHM,2025-03-12 07:00:00,22.61,1,0.4798638484678032,1
VHM,2025-03-13 07:00:00,23.02,0,0.5193312794074196,1
VHM,2025-03-14 07:00:00,23.06,0,0.5241087976904463,1
VHM,2025-03-17 07:00:00,23.02,0,0.5275997264672447,1
VHM,2025-03-18 07:00:00,22.77,1,0.5259689218647752,1
VHM,2025-03-19 07:00:00,22.8,1,0.5224214558015984,1
VHM,2025-03-20 07:00:00,22.8,1,0.502374530120475,1
VHM,2025-03-21 07:00:00,23.23,1,0.4967683253032938,1
VHM,2025-03-24 07:00:00,24.7,0,0.6280061267727882,1
VHM,2025-03-25 07:00:00,24.8,0,0.592543612168682,1
VHM,2025-03-26 07:00:00,24.8,0,0.6012922786319267,1
VHM,2025-03-27 07:00:00,24.65,1,0.6008892463036678,1
VHM,2025-03-28 07:00:00,24.65,1,0.5948122649514451,1
VHM,2025-03-31 07:00:00,24.7,0,0.5719529476710647,1
VHM,2025-04-01 07:00:00,25.52,0,0.5992239111492521,1
VHM,2025-04-02 07:00:00,25.52,0,0.595584120645141,1
VHM,2025-04-03 07:00:00,23.74,0,0.5516854545261406,1
VHM,2025-04-04 07:00:00,24.22,1,0.5840342053074247,1
VHM,2025-04-08 07:00:00,22.63,1,0.6158405673535137,1
VHM,2025-04-09 07:00:00,23.35,1,0.5888899359936111,1
VHM,2025-04-10 07:00:00,24.94,1,0.6172422449394819,1
VHM,2025-04-11 07:00:00,25.76,1,0.6199376118210128,1
VHM,2025-04-14 07:00:00,27.54,0,0.6406276293271197,1
VHM,2025-04-15 07:00:00,27.68,0,0.6111358625740415,1
VHM,2025-04-16 07:00:00,27.2,0,0.6044242071391528,1
VHM,2025-04-17 07:00:00,27.35,0,0.6164120698803413,1
VHM,2025-04-18 07:00:00,26.48,1,0.6427121703932654,1
VHM,2025-04-21 07:00:00,26.48,1,0.6248744020678796,1
VHM,2025-04-22 07:00:00,27.68,1,0.6066857254171375,1
VHM,2025-04-23 07:00:00,28.17,0,0.6125793781171842,1
VHM,2025-04-24 07:00:00,29.47,0,0.6007738432867529,1
VHM,2025-04-25 07:00:00,30.0,0,0.5793521703586643,1
VHM,2025-04-28 07:00:00,28.17,1,0.6291167066356766,1
VHM,2025-04-29 07:00:00,28.12,1,0.6313222569347725,1
VHM,2025-05-05 07:00:00,29.32,1,0.602435163591158,1
VHM,2025-05-06 07:00:00,29.32,1,0.6135413217652445,1
VHM,2025-05-07 07:00:00,29.85,0,0.6055376860169192,1
VHM,2025-05-08 07:00:00,29.95,0,0.607858875308969,1
VHM,2025-05-09 07:00:00,29.95,0,0.618394472817893,1
VHM,2025-05-12 07:00:00,30.0,0,0.6153066421721965,1
VHM,2025-05-13 07:00:00,29.85,0,0.6249797507306024,1
VHM,2025-05-14 07:00:00,29.08,0,0.6109476955748486,1
VHM,2025-05-15 07:00:00,27.93,1,0.5579093365479907,1
VHM,2025-05-16 07:00:00,27.93,1,0.5684096517287617,1
VHM,2025-05-19 07:00:00,28.31,1,0.5295725773036651,1
VHM,2025-05-20 07:00:00,30.28,1,0.6057283359278371,1
VHM,2025-05-21 07:00:00,32.4,1,0.648242862659519,1
VHM,2025-05-22 07:00:00,32.79,1,0.61667065695816,1
VHM,2025-05-23 07:00:00,33.13,1,0.5821186696025318,1
VHM,2025-05-26 07:00:00,35.39,1,0.5830079999180727,1
VHM,2025-05-27 07:00:00,35.77,1,0.565185968092838,1
VHM,2025-05-28 07:00:00,36.45,1,0.5800153120190668,1
VHM,2025-05-29 07:00:00,37.03,0,0.5643569277674149,1
VHM,2025-05-30 07:00:00,37.36,0,0.5443762079591625,1
VHM,2025-06-02 07:00:00,37.07,0,0.5542688089309692,1
VHM,2025-06-03 07:00:00,37.36,0,0.5478217051855725,1
VHM,2025-06-04 07:00:00,37.12,0,0.5690802597126395,1
VHM,2025-06-05 07:00:00,36.98,0,0.5715186308651061,1
VHM,2025-06-06 07:00:00,36.59,0,0.6049860786571662,1
VHM,2025-06-09 07:00:00,34.04,0,0.6683212160987309,1
VHM,2025-06-10 07:00:00,34.96,0,0.5858431009334288,1
VHM,2025-06-11 07:00:00,34.72,0,0.6006491366256157,1
VHM,2025-06-12 07:00:00,33.7,0,0.6023344631385058,1
VHM,2025-06-13 07:00:00,32.93,1,0.6060441857441718,1
VHM,2025-06-16 07:00:00,32.45,1,0.600528232840456,1
VHM,2025-06-17 07:00:00,33.51,0,0.5766281133235412,1
VHM,2025-06-18 07:00:00,34.38,1,0.5569395901923202,1
VHM,2025-06-19 07:00:00,34.52,1,0.5586778305904934,1
VHM,2025-06-20 07:00:00,33.8,1,0.5664923219466113,1
VHM,2025-06-23 07:00:00,35.63,1,0.5535375652548772,1
VHM,2025-06-24 07:00:00,37.22,0,0.6062760185612406,1
VHM,2025-06-25 07:00:00,37.51,0,0.5944988592156958,1
VHM,2025-06-26 07:00:00,36.59,0,0.5862585629935355,1
VHM,2025-06-27 07:00:00,37.07,0,0.5836434761351434,1
VHM,2025-06-30 07:00:00,36.93,0,0.5728167466857821,1
VHM,2025-07-01 07:00:00,36.74,0,0.5730983158967771,1
VHM,2025-07-02 07:00:00,36.59,0,0.5670559232021657,1
VHM,2025-07-03 07:00:00,36.74,1,0.575119325489666,1
VHM,2025-07-04 07:00:00,36.59,1,0.5691235919522297,1
VHM,2025-07-07 07:00:00,37.03,1,0.5086741515240658,1
VHM,2025-07-08 07:00:00,38.13,1,0.48866118973792255,1
VHM,2025-07-09 07:00:00,39.38,1,0.5189298197205059,1
VHM,2025-07-10 07:00:00,41.41,1,0.5714052341786229,1
VHM,2025-07-11 07:00:00,42.32,0,0.5573979306143912,1
VHM,2025-07-14 07:00:00,42.76,1,0.5761897703886226,1
VHM,2025-07-15 07:00:00,42.08,1,0.6044696604752808,1
VHM,2025-07-16 07:00:00,42.37,1,0.6143035575372532,1
VHM,2025-07-17 07:00:00,45.31,0,0.6270507827327577,1
VHM,2025-07-18 07:00:00,46.22,0,0.6231363235452152,1
VHM,2025-07-21 07:00:00,44.3,0,0.6116046263322131,1
VHM,2025-07-22 07:00:00,45.98,0,0.6059897378307596,1
VHM,2025-07-23 07:00:00,44.39,1,0.6310847711436969,1
VHM,2025-07-24 07:00:00,44.3,0,0.6051862535198225,1
VHM,2025-07-25 07:00:00,45.12,0,0.5899541393206693,1
VHM,2025-07-28 07:00:00,46.03,0,0.5960314490695224,1
VHM,2025-07-29 07:00:00,44.34,0,0.6175074178492547,1
VHM,2025-07-30 07:00:00,44.06,0,0.6139953028109802,1
VHM,2025-07-31 07:00:00,43.33,1,0.5836806394670078,1
VHM,2025-08-01 07:00:00,43.28,1,0.5678951011791127,1
VHM,2025-08-04 07:00:00,44.39,1,0.5647702323393469,1
VHM,2025-08-05 07:00:00,46.22,0,0.5781342769625393,1
VHM,2025-08-06 07:00:00,46.94,0,0.5815569118035991,1
VHM,2025-08-07 07:00:00,45.74,0,0.5961991564404252,1
VHM,2025-08-08 07:00:00,45.64,0,0.5851312921701222,1
VHM,2025-08-11 07:00:00,45.02,0,0.5743463930318824,1
VHM,2025-08-12 07:00:00,44.78,0,0.5600951070412763,1
VHM,2025-08-13 07:00:00,44.78,0,0.5500351683641082,1
VHM,2025-08-14 07:00:00,45.21,0,0.5265179115131773,1
VHM,2025-08-15 07:00:00,45.26,1,0.5281577085121146,1
VHM,2025-08-18 07:00:00,45.21,1,0.5139761675416469,1
VHM,2025-08-19 07:00:00,45.21,1,0.4944542466157758,1
VHM,2025-08-20 07:00:00,47.67,0,0.5364518951377952,1
VHM,2025-08-21 07:00:00,48.05,1,0.5205276578916974,1
VHM,2025-08-22 07:00:00,47.23,1,0.5199144701578051,1
VHM,2025-08-25 07:00:00,47.38,1,0.5130073131295801,1
VHM,2025-08-26 07:00:00,50.65,0,0.5911199837475047,1
VHM,2025-08-27 07:00:00,50.36,0,0.5665887064358925,1
VHM,2025-08-28 07:00:00,50.36,0,0.5654188674635929,1
VHM,2025-08-29 07:00:00,50.32,0,0.5597027099618086,1
VHM,2025-09-03 07:00:00,49.45,0,0.5576007146674328,1
VHM,2025-09-04 07:00:00,49.26,0,0.550894636210724,1
VHM,2025-09-05 07:00:00,48.15,1,0.5753389762477427,1
VHM,2025-09-08 07:00:00,48.15,1,0.5514267492117104,1
VHM,2025-09-09 07:00:00,48.82,1,0.541536686690088,1
VHM,2025-09-10 07:00:00,49.02,1,0.5424678764122615,1
VHM,2025-09-11 07:00:00,50.99,0,0.5061112455108343,1
VHM,2025-09-12 07:00:00,50.8,0,0.5062700221170935,1
VHM,2025-09-15 07:00:00,50.32,0,0.5144375904756054,1
VHM,2025-09-16 07:00:00,49.45,0,0.5132921317234816,1
VHM,2025-09-17 07:00:00,49.54,0,0.5101532170108508,1
VHM,2025-09-18 07:00:00,49.83,0,0.5108633135778806,1
VHM,2025-09-19 07:00:00,48.97,0,0.5029661032482541,1
VHM,2025-09-22 07:00:00,47.91,0,0.5150095557969357,1
VHM,2025-09-23 07:00:00,47.52,0,0.5262516086537827,1
VHM,2025-09-24 07:00:00,47.18,1,0.5209463728804041,1
VHM,2025-09-25 07:00:00,47.91,1,0.4956139552378473,1
VHM,2025-09-26 07:00:00,47.67,1,0.488238499186026,1
VHM,2025-09-29 07:00:00,49.06,0,0.5001338431507271,1
VHM,2025-09-30 07:00:00,49.59,0,0.49615501516109667,1
VHM,2025-10-01 07:00:00,48.73,0,0.4986193033621285,1
VHM,2025-10-02 07:00:00,47.47,1,0.5088115531836549,1
VHM,2025-10-03 07:00:00,48.15,1,0.5017619303003701,1
VHM,2025-10-06 07:00:00,49.45,1,0.5102241743651321,1
VHM,2025-10-07 07:00:00,49.64,1,0.5078524905785166,1
VHM,2025-10-08 07:00:00,51.76,1,0.533657122081367,1
VHM,2025-10-09 07:00:00,55.37,1,0.6565884172256838,1
VHM,2025-10-10 07:00:00,59.22,0,0.5953572807116163,1
VHM,2025-10-13 07:00:00,59.8,0,0.5784381633651464,1
VHM,2025-10-14 07:00:00,61.15,0,0.5952619822408463,1
VHM,2025-10-15 07:00:00,59.7,0,0.6038922864444692,1
VHM,2025-10-16 07:00:00,58.74,0,0.6158376799828194,1
VHM,2025-10-17 07:00:00,55.85,0,0.6317537232175603,1
VHM,2025-10-20 07:00:00,52.0,1,0.689379706353797,1
VHM,2025-10-21 07:00:00,53.4,1,0.6271799914368916,1
VHM,2025-10-22 07:00:00,54.41,0,0.6024486193857459,1
VHM,2025-10-23 07:00:00,55.37,0,0.5920586544491718,1
VHM,2025-10-24 07:00:00,55.13,0,0.5794012766263592,1
VHM,2025-10-27 07:00:00,51.28,0,0.6653444478681801,1
VHM,2025-10-28 07:00:00,51.52,0,0.6089004925850849,1
VHM,2025-10-29 07:00:00,49.98,0,0.6472982365611665,1
VHM,2025-10-30 07:00:00,50.07,0,0.6137557074745331,1
VHM,2025-10-31 07:00:00,47.76,0,0.7011199074037596,1
VHM,2025-11-03 07:00:00,47.43,0,0.6628088858804989,1
VHM,2025-11-04 07:00:00,48.24,0,0.6309356853882642,1
VHM,2025-11-05 07:00:00,47.96,0,0.6439233657202786,1
VHM,2025-11-06 07:00:00,47.62,0,0.642284664681154,1
VHM,2025-11-07 07:00:00,44.3,1,0.6439129175779881,1
VHM,2025-11-10 07:00:00,41.84,1,0.7441391233229764,1
VHM,2025-11-11 07:00:00,43.33,1,0.6722360861683337,1
VHM,2025-11-12 07:00:00,45.26,0,0.6601359303777637,1
VHM,2025-11-13 07:00:00,44.92,1,0.6568847321226395,1
VHM,2025-11-14 07:00:00,45.21,1,0.6130624080031772,1
VHM,2025-11-17 07:00:00,45.74,1,0.5961248886863276,1
VHM,2025-11-18 07:00:00,46.7,1,0.5733155554842208,1
VHM,2025-11-19 07:00:00,46.66,1,0.5642170555435845,1
VHM,2025-11-20 07:00:00,47.09,1,0.5673068833199968,1
VHM,2025-11-21 07:00:00,47.81,1,0.5386302748771958,1
VHM,2025-11-24 07:00:00,49.45,0,0.497661812422947,1
VHM,2025-11-25 07:00:00,49.4,0,0.5067956214785253,1
VHM,2025-11-26 07:00:00,49.16,1,0.5137372714097084,1
VHM,2025-11-27 07:00:00,49.35,1,0.5148294406520958,1
VHM,2025-11-28 07:00:00,49.54,1,0.47657356431760645,1
VHM,2025-12-01 07:00:00,50.89,0,0.47079152558814474,1
VHM,2025-12-02 07:00:00,51.42,0,0.4672548623615429,1
VHM,2025-12-03 07:00:00,51.42,1,0.47685289924904006,1
VHM,2025-12-04 07:00:00,50.65,1,0.4830246414705075,1
VHM,2025-12-05 07:00:00,51.52,0,0.4700227328330074,1
VHM,2025-12-08 07:00:00,52.96,0,0.4667910032739399,1
VHM,2025-12-09 07:00:00,51.76,0,0.4872474768483165,1
VHM,2025-12-10 07:00:00,49.83,0,0.5173649011236456,1
VHM,2025-12-11 07:00:00,48.68,0,0.5295899928140937,1
VHM,2025-12-12 07:00:00,45.31,0,0.6043764253981034,1
VHM,2025-12-15 07:00:00,44.54,1,0.6272441170225708,1
VHM,2025-12-16 07:00:00,45.74,1,0.5749264888419543,1
VHM,2025-12-17 07:00:00,45.69,1,0.5751527196575779,1
VHM,2025-12-18 07:00:00,45.69,1,0.5590301903608241,1
VHM,2025-12-19 07:00:00,48.87,1,0.5978720448220646,1
VHM,2025-12-22 07:00:00,51.71,1,0.5939454792631205,1
VHM,2025-12-23 07:00:00,55.32,0,0.6012715053039488,1
VHM,2025-12-24 07:00:00,59.13,0,0.6018641187359063,1
VHM,2025-12-25 07:00:00,55.03,1,0.6620171745330518,1
VHM,2025-12-26 07:00:00,52.96,1,0.6756401731995876,1
VHM,2025-12-29 07:00:00,56.67,0,0.6602430206657858,1
VHM,2025-12-30 07:00:00,56.57,0,0.6475334206605226,1
VHM,2025-12-31 07:00:00,59.7,0,0.6520737374278763,1
VIB,2025-01-15 07:00:00,15.74,1,0.43898136794771314,1
VIB,2025-01-16 07:00:00,15.78,1,0.43368524831484506,1
VIB,2025-01-17 07:00:00,15.9,0,0.431577627526595,1
VIB,2025-01-20 07:00:00,16.1,1,0.44483830301404753,1
VIB,2025-01-21 07:00:00,16.1,1,0.4066794383123906,1
VIB,2025-01-22 07:00:00,15.98,0,0.40829970944152133,1
VIB,2025-01-23 07:00:00,16.38,0,0.445731182838673,1
VIB,2025-01-24 07:00:00,16.54,0,0.43830335444804264,1
VIB,2025-02-03 07:00:00,16.1,1,0.4259583416661058,1
VIB,2025-02-04 07:00:00,16.3,0,0.44503819376127335,1
VIB,2025-02-05 07:00:00,16.34,0,0.43979955205055354,1
VIB,2025-02-06 07:00:00,16.38,0,0.4445867354984597,1
VIB,2025-02-07 07:00:00,16.42,0,0.4344499632606544,1
VIB,2025-02-10 07:00:00,16.42,0,0.4487066002469715,1
VIB,2025-02-11 07:00:00,16.54,0,0.44365932077257264,1
VIB,2025-02-12 07:00:00,16.42,0,0.45212281115262093,1
VIB,2025-02-13 07:00:00,16.38,0,0.4522684295965194,1
VIB,2025-02-14 07:00:00,16.38,0,0.44194470486289283,1
VIB,2025-02-17 07:00:00,16.3,0,0.43671306799960335,1
VIB,2025-02-18 07:00:00,16.34,0,0.4303663447186929,1
VIB,2025-02-19 07:00:00,16.46,0,0.41404250945836835,1
VIB,2025-02-20 07:00:00,16.46,0,0.41048247157358086,1
VIB,2025-02-21 07:00:00,16.5,0,0.41085998619026914,1
VIB,2025-02-24 07:00:00,16.66,0,0.47106334070976275,1
VIB,2025-02-25 07:00:00,16.62,0,0.40444028763145856,1
VIB,2025-02-26 07:00:00,16.5,1,0.390086350264897,0
VIB,2025-02-27 07:00:00,16.54,1,0.3993271950814613,0
VIB,2025-02-28 07:00:00,16.62,0,0.4063236582855285,1
VIB,2025-03-03 07:00:00,16.82,0,0.47766791054212304,1
VIB,2025-03-04 07:00:00,16.9,0,0.43382342589597483,1
VIB,2025-03-05 07:00:00,16.82,0,0.43474305104402516,1
VIB,2025-03-06 07:00:00,16.78,0,0.3788329008975315,0
VIB,2025-03-07 07:00:00,16.78,0,0.3778519827860993,0
VIB,2025-03-10 07:00:00,16.78,0,0.36766191760675737,0
VIB,2025-03-11 07:00:00,16.66,0,0.35373495824146,0
VIB,2025-03-12 07:00:00,16.42,0,0.38356742512677816,0
VIB,2025-03-13 07:00:00,16.26,0,0.3961926061052146,0
VIB,2025-03-14 07:00:00,16.3,0,0.38558592072417275,0
VIB,2025-03-17 07:00:00,16.42,0,0.40256024038506727,0
VIB,2025-03-18 07:00:00,16.34,0,0.38033642905491954,0
VIB,2025-03-19 07:00:00,16.42,0,0.4053595097013406,1
VIB,2025-03-20 07:00:00,16.34,0,0.36322701475453983,0
VIB,2025-03-21 07:00:00,16.26,0,0.3528013342874599,0
VIB,2025-03-24 07:00:00,15.98,0,0.3758612504321265,0
VIB,2025-03-25 07:00:00,16.06,0,0.360649234938754,0
VIB,2025-03-26 07:00:00,15.98,0,0.34031070798837953,0
VIB,2025-03-27 07:00:00,16.02,0,0.36567955425961934,0
VIB,2025-03-28 07:00:00,15.86,0,0.3344375947748039,0
VIB,2025-03-31 07:00:00,15.9,0,0.3510706113195468,0
VIB,2025-04-01 07:00:00,16.02,0,0.3736564768704958,0
VIB,2025-04-02 07:00:00,15.98,0,0.33794814170824067,0
VIB,2025-04-03 07:00:00,14.9,0,0.49228157730409366,1
VIB,2025-04-04 07:00:00,14.98,0,0.5089257669758526,1
VIB,2025-04-08 07:00:00,13.94,1,0.5901938354347428,1
VIB,2025-04-09 07:00:00,13.58,1,0.6419741773283376,1
VIB,2025-04-10 07:00:00,14.5,1,0.570986891699145,1
VIB,2025-04-11 07:00:00,14.94,0,0.5625648509871598,1
VIB,2025-04-14 07:00:00,15.02,0,0.5847394887087314,1
VIB,2025-04-15 07:00:00,14.78,0,0.5811486382337733,1
VIB,2025-04-16 07:00:00,14.58,0,0.590052986656948,1
VIB,2025-04-17 07:00:00,14.42,0,0.5748612428210518,1
VIB,2025-04-18 07:00:00,14.66,0,0.5818076847308629,1
VIB,2025-04-21 07:00:00,14.7,0,0.5795451986929863,1
VIB,2025-04-22 07:00:00,14.57,0,0.5693915301832065,1
VIB,2025-04-23 07:00:00,14.7,0,0.5777714732278292,1
VIB,2025-04-24 07:00:00,14.7,0,0.5274620289177124,1
VIB,2025-04-25 07:00:00,14.45,0,0.515729734887765,1
VIB,2025-04-28 07:00:00,14.45,0,0.5117340642767162,1
VIB,2025-04-29 07:00:00,14.45,0,0.5112183485371373,1
VIB,2025-05-05 07:00:00,14.61,0,0.5093849492424567,1
VIB,2025-05-06 07:00:00,14.57,0,0.49396951625578456,1
VIB,2025-05-07 07:00:00,14.53,1,0.4611432959135848,1
VIB,2025-05-08 07:00:00,14.66,1,0.4698780598841741,1
VIB,2025-05-09 07:00:00,14.61,1,0.4393710906066712,1
VIB,2025-05-12 07:00:00,14.99,1,0.4181582577101409,1
VIB,2025-05-13 07:00:00,15.03,0,0.4171452501652002,1
VIB,2025-05-14 07:00:00,15.28,0,0.40991988489780357,1
VIB,2025-05-15 07:00:00,15.61,0,0.45951138298801636,1
VIB,2025-05-16 07:00:00,15.24,0,0.38863549214936594,0
VIB,2025-05-19 07:00:00,14.99,0,0.4253295636531712,1
VIB,2025-05-20 07:00:00,15.16,0,0.42469249576382,1
VIB,2025-05-21 07:00:00,15.16,0,0.39785092413937573,0
VIB,2025-05-22 07:00:00,15.11,1,0.4002814283882916,0
VIB,2025-05-23 07:00:00,15.16,0,0.41896072891149133,1
VIB,2025-05-26 07:00:00,15.2,0,0.419577069707105,1
VIB,2025-05-27 07:00:00,15.53,0,0.4692598955485374,1
VIB,2025-05-28 07:00:00,15.36,0,0.43254425969943094,1
VIB,2025-05-29 07:00:00,15.24,0,0.4357714051992308,1
VIB,2025-05-30 07:00:00,14.9,0,0.47837674893471904,1
VIB,2025-06-02 07:00:00,15.03,0,0.4578884540218818,1
VIB,2025-06-03 07:00:00,15.07,0,0.4479944769388467,1
VIB,2025-06-04 07:00:00,15.07,0,0.42363237127820946,1
VIB,2025-06-05 07:00:00,14.99,0,0.42099346436129564,1
VIB,2025-06-06 07:00:00,14.86,0,0.4137497620253998,1
VIB,2025-06-09 07:00:00,14.86,0,0.3697250477567246,0
VIB,2025-06-10 07:00:00,14.86,0,0.37658574176367543,0
VIB,2025-06-11 07:00:00,14.82,1,0.35864312165341133,0
VIB,2025-06-12 07:00:00,14.99,0,0.3972552278159088,0
VIB,2025-06-13 07:00:00,14.9,0,0.3551596917263404,0
VIB,2025-06-16 07:00:00,15.24,0,0.41962554530913443,1
VIB,2025-06-17 07:00:00,15.16,0,0.38421079758197896,0
VIB,2025-06-18 07:00:00,15.03,0,0.3842231572904274,0
VIB,2025-06-19 07:00:00,14.99,0,0.37921713044960914,0
VIB,2025-06-20 07:00:00,15.07,0,0.400623569702278,0
VIB,2025-06-23 07:00:00,14.99,0,0.3735135521815863,0
VIB,2025-06-24 07:00:00,15.11,0,0.39468157529102654,0
VIB,2025-06-25 07:00:00,15.16,0,0.4023479910328253,0
VIB,2025-06-26 07:00:00,15.07,0,0.37446921690880114,0
VIB,2025-06-27 07:00:00,15.07,0,0.36403715466049613,0
VIB,2025-06-30 07:00:00,15.24,0,0.4111084347303576,1
VIB,2025-07-01 07:00:00,15.24,0,0.38317483343302444,0
VIB,2025-07-02 07:00:00,15.24,1,0.37473373429333795,0
VIB,2025-07-03 07:00:00,15.28,1,0.42620093553958927,1
VIB,2025-07-04 07:00:00,15.32,1,0.41178970787837604,1
VIB,2025-07-07 07:00:00,15.57,1,0.46982081979738927,1
VIB,2025-07-08 07:00:00,15.65,1,0.43950001646387415,1
VIB,2025-07-09 07:00:00,15.95,0,0.5167245715607447,1
VIB,2025-07-10 07:00:00,15.9,0,0.4110511478140547,1
VIB,2025-07-11 07:00:00,16.11,0,0.4637158550612286,1
VIB,2025-07-14 07:00:00,16.15,0,0.42288160019868787,1
VIB,2025-07-15 07:00:00,16.11,0,0.4358700759092733,1
VIB,2025-07-16 07:00:00,16.07,1,0.3974623628048238,0
VIB,2025-07-17 07:00:00,16.17,1,0.4020607442275609,0
VIB,2025-07-18 07:00:00,16.21,1,0.4009750152512005,0
VIB,2025-07-21 07:00:00,16.45,1,0.41851085156598217,1
VIB,2025-07-22 07:00:00,16.5,1,0.4047004530992926,1
VIB,2025-07-23 07:00:00,16.88,1,0.45172457790427967,1
VIB,2025-07-24 07:00:00,17.4,0,0.4604617227677429,1
VIB,2025-07-25 07:00:00,17.45,1,0.40938738425516086,1
VIB,2025-07-28 07:00:00,17.87,1,0.44797083285493866,1
VIB,2025-07-29 07:00:00,17.59,1,0.45279059156069446,1
VIB,2025-07-30 07:00:00,18.35,0,0.5328022145015227,1
VIB,2025-07-31 07:00:00,18.39,0,0.5437297909834007,1
VIB,2025-08-01 07:00:00,18.01,1,0.5366867237658494,1
VIB,2025-08-04 07:00:00,18.35,0,0.5368416900678563,1
VIB,2025-08-05 07:00:00,18.3,1,0.5465152470680545,1
VIB,2025-08-06 07:00:00,18.49,1,0.5399905728769046,1
VIB,2025-08-07 07:00:00,18.54,1,0.5330122426081148,1
VIB,2025-08-08 07:00:00,19.2,0,0.5578031973040369,1
VIB,2025-08-11 07:00:00,19.25,0,0.5658360856177272,1
VIB,2025-08-12 07:00:00,18.87,1,0.5632239575632597,1
VIB,2025-08-13 07:00:00,18.92,0,0.5409439276646053,1
VIB,2025-08-14 07:00:00,19.39,0,0.548907825899664,1
VIB,2025-08-15 07:00:00,19.29,1,0.5414020055792604,1
VIB,2025-08-18 07:00:00,19.06,1,0.5272606334709986,1
VIB,2025-08-19 07:00:00,19.44,1,0.5307142458294142,1
VIB,2025-08-20 07:00:00,20.76,0,0.6687285293181502,1
VIB,2025-08-21 07:00:00,22.19,0,0.6363280043481345,1
VIB,2025-08-22 07:00:00,22.38,0,0.6458695803147623,1
VIB,2025-08-25 07:00:00,20.81,0,0.6503140999815618,1
VIB,2025-08-26 07:00:00,21.57,0,0.6206501908078289,1
VIB,2025-08-27 07:00:00,21.19,0,0.6289533238055237,1
VIB,2025-08-28 07:00:00,21.0,1,0.6239705931501166,1
VIB,2025-08-29 07:00:00,21.43,0,0.612568567308017,1
VIB,2025-09-03 07:00:00,21.48,0,0.611585488065798,1
VIB,2025-09-04 07:00:00,21.76,0,0.6151401399826785,1
VIB,2025-09-05 07:00:00,21.1,0,0.6395648444810433,1
VIB,2025-09-08 07:00:00,19.91,0,0.6584755997292243,1
VIB,2025-09-09 07:00:00,19.96,0,0.608552419792763,1
VIB,2025-09-10 07:00:00,19.82,1,0.5922093191220191,1
VIB,2025-09-11 07:00:00,19.91,0,0.5754352722459061,1
VIB,2025-09-12 07:00:00,20.15,0,0.5823916523915539,1
VIB,2025-09-15 07:00:00,20.34,0,0.5806858788416945,1
VIB,2025-09-16 07:00:00,19.96,0,0.5726296611254318,1
VIB,2025-09-17 07:00:00,19.58,0,0.5935746669879365,1
VIB,2025-09-18 07:00:00,19.48,0,0.5845393027929203,1
VIB,2025-09-19 07:00:00,19.25,0,0.5748853950037078,1
VIB,2025-09-22 07:00:00,18.73,1,0.5215349865853395,1
VIB,2025-09-23 07:00:00,18.82,0,0.5295878986180427,1
VIB,2025-09-24 07:00:00,19.44,0,0.5097040293357666,1
VIB,2025-09-25 07:00:00,19.06,0,0.517584284479545,1
VIB,2025-09-26 07:00:00,18.77,1,0.5147001205736772,1
VIB,2025-09-29 07:00:00,18.73,0,0.5211921969013418,1
VIB,2025-09-30 07:00:00,18.87,0,0.5099328892386606,1
VIB,2025-10-01 07:00:00,19.06,1,0.5098966838818242,1
VIB,2025-10-02 07:00:00,18.68,1,0.5106333121601883,1
VIB,2025-10-03 07:00:00,18.73,0,0.516187423030696,1
VIB,2025-10-06 07:00:00,19.48,0,0.511977310396565,1
VIB,2025-10-07 07:00:00,19.15,0,0.5124769067965484,1
VIB,2025-10-08 07:00:00,19.01,0,0.49961841037727844,1
VIB,2025-10-09 07:00:00,19.34,0,0.4876316233961407,1
VIB,2025-10-10 07:00:00,19.29,0,0.4819500809008108,1
VIB,2025-10-13 07:00:00,19.1,0,0.4836687633973584,1
VIB,2025-10-14 07:00:00,18.96,0,0.4783491563786779,1
VIB,2025-10-15 07:00:00,19.2,0,0.47125947676851915,1
VIB,2025-10-16 07:00:00,18.96,0,0.47201398097530833,1
VIB,2025-10-17 07:00:00,18.68,0,0.4786151742891075,1
VIB,2025-10-20 07:00:00,17.4,0,0.5524818374794257,1
VIB,2025-10-21 07:00:00,17.68,0,0.528973096901611,1
VIB,2025-10-22 07:00:00,17.68,0,0.5365207112155516,1
VIB,2025-10-23 07:00:00,17.54,1,0.5430187162360394,1
VIB,2025-10-24 07:00:00,17.54,1,0.5349260682210167,1
VIB,2025-10-27 07:00:00,17.49,1,0.5436143308709815,1
VIB,2025-10-28 07:00:00,18.2,0,0.5242598299527884,1
VIB,2025-10-29 07:00:00,18.01,0,0.5375124319015993,1
VIB,2025-10-30 07:00:00,17.78,0,0.5381511272174694,1
VIB,2025-10-31 07:00:00,17.59,0,0.5423546211344058,1
VIB,2025-11-03 07:00:00,17.4,0,0.49786191681421726,1
VIB,2025-11-04 07:00:00,17.97,0,0.4891443752950304,1
VIB,2025-11-05 07:00:00,17.78,0,0.4939882440408369,1
VIB,2025-11-06 07:00:00,17.59,0,0.5018855843458059,1
VIB,2025-11-07 07:00:00,17.35,1,0.5214853862092464,1
VIB,2025-11-10 07:00:00,17.3,1,0.5099266183110177,1
VIB,2025-11-11 07:00:00,17.26,1,0.49897548440814,1
VIB,2025-11-12 07:00:00,17.68,0,0.4863305874618736,1
VIB,2025-11-13 07:00:00,17.59,0,0.48398092480719485,1
VIB,2025-11-14 07:00:00,17.54,0,0.47634785890091275,1
VIB,2025-11-17 07:00:00,17.73,0,0.47140789196004784,1
VIB,2025-11-18 07:00:00,17.73,0,0.4379655798669591,1
VIB,2025-11-19 07:00:00,17.73,0,0.43262490302058554,1
VIB,2025-11-20 07:00:00,17.73,0,0.43437855414689674,1
VIB,2025-11-21 07:00:00,17.59,0,0.41089768742421395,1
VIB,2025-11-24 07:00:00,17.54,0,0.38590009015751403,0
VIB,2025-11-25 07:00:00,17.35,0,0.3686444378973226,0
VIB,2025-11-26 07:00:00,17.49,0,0.40343288160684543,0
VIB,2025-11-27 07:00:00,17.68,0,0.415155531091933,1
VIB,2025-11-28 07:00:00,17.54,1,0.39257812192651004,0
VIB,2025-12-01 07:00:00,17.4,1,0.39023813745540964,0
VIB,2025-12-02 07:00:00,17.49,0,0.3817725367834867,0
VIB,2025-12-03 07:00:00,17.82,0,0.4119163083289564,1
VIB,2025-12-04 07:00:00,17.92,0,0.38839117747705476,0
VIB,2025-12-05 07:00:00,17.68,0,0.3526312156745053,0
VIB,2025-12-08 07:00:00,17.4,0,0.39093348847603454,0
VIB,2025-12-09 07:00:00,17.21,0,0.3894583383692705,0
VIB,2025-12-10 07:00:00,17.26,0,0.3693414743163601,0
VIB,2025-12-11 07:00:00,17.16,0,0.3504218127692464,0
VIB,2025-12-12 07:00:00,16.4,1,0.5281499381713546,1
VIB,2025-12-15 07:00:00,16.26,1,0.5287749656550553,1
VIB,2025-12-16 07:00:00,16.64,0,0.4914060017538569,1
VIB,2025-12-17 07:00:00,16.69,0,0.4851822339495154,1
VIB,2025-12-18 07:00:00,16.59,0,0.491823825393189,1
VIB,2025-12-19 07:00:00,16.69,1,0.4905721755928071,1
VIB,2025-12-22 07:00:00,16.83,0,0.4753815805043603,1
VIB,2025-12-23 07:00:00,16.83,0,0.4576116301853037,1
VIB,2025-12-24 07:00:00,16.97,0,0.47533194455937466,1
VIB,2025-12-25 07:00:00,16.88,0,0.4598290683639484,1
VIB,2025-12-26 07:00:00,16.69,0,0.46370880206699616,1
VIB,2025-12-29 07:00:00,16.69,0,0.4673335953353879,1
VIB,2025-12-30 07:00:00,16.78,0,0.4646943021938976,1
VIB,2025-12-31 07:00:00,16.83,0,0.4625194861725013,1
VIC,2025-01-15 07:00:00,20.12,0,0.29384390961364276,0
VIC,2025-01-16 07:00:00,20.23,0,0.35654493598218884,0
VIC,2025-01-17 07:00:00,20.23,0,0.3238373213028535,0
VIC,2025-01-20 07:00:00,20.2,0,0.3158414285320818,0
VIC,2025-01-21 07:00:00,20.23,0,0.33482895136596924,0
VIC,2025-01-22 07:00:00,20.2,0,0.3076724757432749,0
VIC,2025-01-23 07:00:00,20.2,0,0.3045396057364372,0
VIC,2025-01-24 07:00:00,20.2,0,0.2999265145969501,0
VIC,2025-02-03 07:00:00,20.02,0,0.27007473942517685,0
VIC,2025-02-04 07:00:00,20.05,0,0.29237769786512907,0
VIC,2025-02-05 07:00:00,20.02,0,0.2803839145565543,0
VIC,2025-02-06 07:00:00,20.23,0,0.36802056331038585,0
VIC,2025-02-07 07:00:00,20.32,0,0.37361281830686716,0
VIC,2025-02-10 07:00:00,20.0,0,0.2888337870283754,0
VIC,2025-02-11 07:00:00,19.98,0,0.28994098056952333,0
VIC,2025-02-12 07:00:00,19.95,0,0.28557422779332214,0
VIC,2025-02-13 07:00:00,20.12,0,0.35708854733785794,0
VIC,2025-02-14 07:00:00,20.12,0,0.3250614139857554,0
VIC,2025-02-17 07:00:00,20.05,1,0.2986090856577443,0
VIC,2025-02-18 07:00:00,20.1,0,0.35280538726820077,0
VIC,2025-02-19 07:00:00,20.2,0,0.3741986649622768,0
VIC,2025-02-20 07:00:00,20.48,0,0.46512641811691685,1
VIC,2025-02-21 07:00:00,20.32,0,0.35024597219224846,0
VIC,2025-02-24 07:00:00,20.3,0,0.33275109013829757,0
VIC,2025-02-25 07:00:00,20.35,0,0.36610949732740916,0
VIC,2025-02-26 07:00:00,20.5,1,0.3860201833351584,0
VIC,2025-02-27 07:00:00,20.52,1,0.3525368761324446,0
VIC,2025-02-28 07:00:00,20.6,1,0.39263436248803507,0
VIC,2025-03-03 07:00:00,21.02,0,0.419293521120076,1
VIC,2025-03-04 07:00:00,20.98,1,0.3810205988249843,0
VIC,2025-03-05 07:00:00,21.12,1,0.39583107096130327,0
VIC,2025-03-06 07:00:00,21.18,1,0.3910417215740261,0
VIC,2025-03-07 07:00:00,22.65,1,0.4885792223996538,1
VIC,2025-03-10 07:00:00,23.65,1,0.5399751279640774,1
VIC,2025-03-11 07:00:00,23.65,1,0.46573191143915477,1
VIC,2025-03-12 07:00:00,24.05,1,0.47382638249233033,1
VIC,2025-03-13 07:00:00,25.7,0,0.6368621487838941,1
VIC,2025-03-14 07:00:00,26.1,0,0.6101504350915651,1
VIC,2025-03-17 07:00:00,26.05,0,0.5689025797834697,1
VIC,2025-03-18 07:00:00,25.65,1,0.5805037579871,1
VIC,2025-03-19 07:00:00,25.95,1,0.5903176556026972,1
VIC,2025-03-20 07:00:00,25.75,1,0.591385943641345,1
VIC,2025-03-21 07:00:00,26.5,1,0.5829749504913091,1
VIC,2025-03-24 07:00:00,28.35,0,0.6646884773323984,1
VIC,2025-03-25 07:00:00,28.45,1,0.6074113497814458,1
VIC,2025-03-26 07:00:00,28.5,1,0.5651302259167317,1
VIC,2025-03-27 07:00:00,28.55,1,0.5689691180389802,1
VIC,2025-03-28 07:00:00,29.0,1,0.563071710244004,1
VIC,2025-03-31 07:00:00,29.0,0,0.5648797678715562,1
VIC,2025-04-01 07:00:00,29.85,0,0.5678866847735123,1
VIC,2025-04-02 07:00:00,30.2,0,0.5733915628598741,1
VIC,2025-04-03 07:00:00,28.1,0,0.5625665184575362,1
VIC,2025-04-04 07:00:00,29.15,1,0.5817058143658044,1
VIC,2025-04-08 07:00:00,27.55,1,0.6199379191302494,1
VIC,2025-04-09 07:00:00,28.5,1,0.6091221874824652,1
VIC,2025-04-10 07:00:00,30.45,1,0.6107359487658711,1
VIC,2025-04-11 07:00:00,32.55,1,0.6055290901409736,1
VIC,2025-04-14 07:00:00,34.8,1,0.5768670561510814,1
VIC,2025-04-15 07:00:00,35.25,0,0.5575358262028774,1
VIC,2025-04-16 07:00:00,33.95,0,0.5542954783050786,1
VIC,2025-04-17 07:00:00,35.5,0,0.5072318264239037,1
VIC,2025-04-18 07:00:00,33.05,0,0.619525700783816,1
VIC,2025-04-21 07:00:00,30.75,1,0.643184549996447,1
VIC,2025-04-22 07:00:00,29.5,1,0.6831841717954743,1
VIC,2025-04-23 07:00:00,29.3,1,0.6260473854148434,1
VIC,2025-04-24 07:00:00,31.35,1,0.6080532243985308,1
VIC,2025-04-25 07:00:00,33.5,1,0.6463981238535031,1
VIC,2025-04-28 07:00:00,34.0,1,0.6267301793480313,1
VIC,2025-04-29 07:00:00,34.0,1,0.6122888413247114,1
VIC,2025-05-05 07:00:00,35.0,1,0.5817143355461818,1
VIC,2025-05-06 07:00:00,35.25,1,0.575884676153726,1
VIC,2025-05-07 07:00:00,36.7,1,0.562404402654416,1
VIC,2025-05-08 07:00:00,39.25,0,0.56277642512369,1
VIC,2025-05-09 07:00:00,38.25,1,0.5640660643787276,1
VIC,2025-05-12 07:00:00,39.7,0,0.5381324627672989,1
VIC,2025-05-13 07:00:00,39.8,0,0.5343944287988945,1
VIC,2025-05-14 07:00:00,39.9,1,0.5333720380126624,1
VIC,2025-05-15 07:00:00,39.9,1,0.533749040560586,1
VIC,2025-05-16 07:00:00,40.0,1,0.5604049615844036,1
VIC,2025-05-19 07:00:00,42.8,1,0.5430166752567845,1
VIC,2025-05-20 07:00:00,45.75,1,0.5317994472111812,1
VIC,2025-05-21 07:00:00,46.75,0,0.5239126789475492,1
VIC,2025-05-22 07:00:00,46.25,1,0.5251572635673909,1
VIC,2025-05-23 07:00:00,46.5,1,0.5078521706389016,1
VIC,2025-05-26 07:00:00,47.25,1,0.48764551250620686,1
VIC,2025-05-27 07:00:00,47.25,1,0.5031250684691563,1
VIC,2025-05-28 07:00:00,48.5,0,0.49570453843526374,1
VIC,2025-05-29 07:00:00,48.5,0,0.5102521930698805,1
VIC,2025-05-30 07:00:00,49.2,0,0.5072046986438674,1
VIC,2025-06-02 07:00:00,49.0,0,0.507198907834202,1
VIC,2025-06-03 07:00:00,49.05,0,0.5129644183217149,1
VIC,2025-06-04 07:00:00,49.05,0,0.500807773087685,1
VIC,2025-06-05 07:00:00,49.0,0,0.4872635831853809,1
VIC,2025-06-06 07:00:00,48.5,0,0.499388807675567,1
VIC,2025-06-09 07:00:00,45.15,0,0.6090903322288129,1
VIC,2025-06-10 07:00:00,45.3,0,0.5354437541043272,1
VIC,2025-06-11 07:00:00,45.1,0,0.5751092304506269,1
VIC,2025-06-12 07:00:00,43.4,0,0.5956899857576894,1
VIC,2025-06-13 07:00:00,42.75,1,0.5768565759627278,1
VIC,2025-06-16 07:00:00,42.7,1,0.564778366448013,1
VIC,2025-06-17 07:00:00,43.85,0,0.5300765834790682,1
VIC,2025-06-18 07:00:00,44.0,1,0.5458201561635052,1
VIC,2025-06-19 07:00:00,44.7,1,0.5348476362761244,1
VIC,2025-06-20 07:00:00,43.4,1,0.5398718046435403,1
VIC,2025-06-23 07:00:00,46.4,1,0.5545855821291051,1
VIC,2025-06-24 07:00:00,47.9,0,0.5886719820273618,1
VIC,2025-06-25 07:00:00,47.9,0,0.5695991060199654,1
VIC,2025-06-26 07:00:00,47.5,0,0.5693775411284103,1
VIC,2025-06-27 07:00:00,47.75,0,0.5523249659829066,1
VIC,2025-06-30 07:00:00,47.8,0,0.5529649132039891,1
VIC,2025-07-01 07:00:00,47.8,0,0.5509218697206186,1
VIC,2025-07-02 07:00:00,47.7,0,0.5526100855501018,1
VIC,2025-07-03 07:00:00,47.25,0,0.5457708360750066,1
VIC,2025-07-04 07:00:00,45.95,1,0.5386931941474167,1
VIC,2025-07-07 07:00:00,46.5,1,0.5011537407287648,1
VIC,2025-07-08 07:00:00,46.65,1,0.4984519712639428,1
VIC,2025-07-09 07:00:00,47.5,1,0.4875642836105584,1
VIC,2025-07-10 07:00:00,50.8,1,0.6183460945080861,1
VIC,2025-07-11 07:00:00,54.0,1,0.6090563549871061,1
VIC,2025-07-14 07:00:00,56.5,1,0.5817447477326939,1
VIC,2025-07-15 07:00:00,55.8,1,0.5782629149447193,1
VIC,2025-07-16 07:00:00,58.7,0,0.60182621573759,1
VIC,2025-07-17 07:00:00,61.0,0,0.6238715688973374,1
VIC,2025-07-18 07:00:00,59.5,0,0.6119888002938237,1
VIC,2025-07-21 07:00:00,56.0,1,0.6424678107376471,1
VIC,2025-07-22 07:00:00,58.75,0,0.6040874745445045,1
VIC,2025-07-23 07:00:00,57.5,0,0.6072686171631891,1
VIC,2025-07-24 07:00:00,58.0,0,0.6080848220277698,1
VIC,2025-07-25 07:00:00,57.05,0,0.6066551850835967,1
VIC,2025-07-28 07:00:00,57.8,0,0.6058023052129785,1
VIC,2025-07-29 07:00:00,56.6,0,0.6023516015339335,1
VIC,2025-07-30 07:00:00,54.75,1,0.5814160196131531,1
VIC,2025-07-31 07:00:00,52.75,1,0.6044123898271903,1
VIC,2025-08-01 07:00:00,52.0,1,0.5854823752677393,1
VIC,2025-08-04 07:00:00,55.6,1,0.5754644879148246,1
VIC,2025-08-05 07:00:00,58.75,0,0.6287773592714072,1
VIC,2025-08-06 07:00:00,59.25,0,0.602110406928126,1
VIC,2025-08-07 07:00:00,57.5,0,0.6043362954319506,1
VIC,2025-08-08 07:00:00,58.5,0,0.5983382210264048,1
VIC,2025-08-11 07:00:00,57.75,1,0.5894320025068546,1
VIC,2025-08-12 07:00:00,57.75,1,0.5819957133010322,1
VIC,2025-08-13 07:00:00,58.0,1,0.5682760574720999,1
VIC,2025-08-14 07:00:00,59.1,0,0.5682742381272607,1
VIC,2025-08-15 07:00:00,59.1,1,0.5634478201004713,1
VIC,2025-08-18 07:00:00,59.1,1,0.5658113397359544,1
VIC,2025-08-19 07:00:00,59.1,1,0.5123338010959956,1
VIC,2025-08-20 07:00:00,62.1,1,0.5491955864333147,1
VIC,2025-08-21 07:00:00,62.5,1,0.5475263407823748,1
VIC,2025-08-22 07:00:00,62.05,1,0.5551301568245703,1
VIC,2025-08-25 07:00:00,65.5,0,0.5663438898433178,1
VIC,2025-08-26 07:00:00,67.75,0,0.5984381196583212,1
VIC,2025-08-27 07:00:00,66.0,0,0.6161695514352159,1
VIC,2025-08-28 07:00:00,65.05,0,0.6086691194237296,1
VIC,2025-08-29 07:00:00,64.15,0,0.6068643197769599,1
VIC,2025-09-03 07:00:00,62.5,0,0.5691482769936388,1
VIC,2025-09-04 07:00:00,62.5,1,0.5579372703444158,1
VIC,2025-09-05 07:00:00,62.5,1,0.5469912800753189,1
VIC,2025-09-08 07:00:00,62.5,1,0.539116870236942,1
VIC,2025-09-09 07:00:00,64.6,1,0.5416257752470689,1
VIC,2025-09-10 07:00:00,65.45,1,0.5379209387998839,1
VIC,2025-09-11 07:00:00,68.0,0,0.5577040374203494,1
VIC,2025-09-12 07:00:00,68.9,1,0.5578200792078964,1
VIC,2025-09-15 07:00:00,68.9,1,0.5615917407940281,1
VIC,2025-09-16 07:00:00,67.5,1,0.5389870889373982,1
VIC,2025-09-17 07:00:00,71.55,1,0.5618981318467101,1
VIC,2025-09-18 07:00:00,72.5,1,0.5856640773238608,1
VIC,2025-09-19 07:00:00,76.6,0,0.6315269496123,1
VIC,2025-09-22 07:00:00,74.4,1,0.5962706937863987,1
VIC,2025-09-23 07:00:00,74.6,1,0.6054266568442772,1
VIC,2025-09-24 07:00:00,74.5,1,0.5932752217972843,1
VIC,2025-09-25 07:00:00,79.0,1,0.5864125227628004,1
VIC,2025-09-26 07:00:00,82.0,1,0.6200161256407947,1
VIC,2025-09-29 07:00:00,86.4,0,0.6127928449378586,1
VIC,2025-09-30 07:00:00,87.45,0,0.5978774313238017,1
VIC,2025-10-01 07:00:00,85.0,1,0.5859283057118476,1
VIC,2025-10-02 07:00:00,85.5,1,0.5767226481871625,1
VIC,2025-10-03 07:00:00,88.25,0,0.5408783836633743,1
VIC,2025-10-06 07:00:00,89.85,0,0.534590909239045,1
VIC,2025-10-07 07:00:00,90.0,1,0.54946787833913,1
VIC,2025-10-08 07:00:00,89.05,1,0.5641572566690909,1
VIC,2025-10-09 07:00:00,89.75,1,0.551262920580125,1
VIC,2025-10-10 07:00:00,96.0,1,0.53312942431027,1
VIC,2025-10-13 07:00:00,102.7,1,0.5554648623262514,1
VIC,2025-10-14 07:00:00,105.95,0,0.5331765867233318,1
VIC,2025-10-15 07:00:00,104.75,0,0.49021680185289995,1
VIC,2025-10-16 07:00:00,106.55,0,0.4958038559207713,1
VIC,2025-10-17 07:00:00,102.0,0,0.5247990587006567,1
VIC,2025-10-20 07:00:00,97.45,1,0.6076925057245558,1
VIC,2025-10-21 07:00:00,101.7,1,0.5390975194283599,1
VIC,2025-10-22 07:00:00,101.5,1,0.5386548293822665,1
VIC,2025-10-23 07:00:00,107.5,1,0.5468674256183491,1
VIC,2025-10-24 07:00:00,109.5,0,0.5334380176477006,1
VIC,2025-10-27 07:00:00,107.0,0,0.5585872863937184,1
VIC,2025-10-28 07:00:00,110.05,0,0.5385477438682641,1
VIC,2025-10-29 07:00:00,106.0,0,0.5990619317464154,1
VIC,2025-10-30 07:00:00,102.05,0,0.5994962898699697,1
VIC,2025-10-31 07:00:00,95.5,1,0.6337550989977342,1
VIC,2025-11-03 07:00:00,97.7,1,0.5905055565765465,1
VIC,2025-11-04 07:00:00,100.5,0,0.5776575997108533,1
VIC,2025-11-05 07:00:00,103.25,0,0.5857175712057092,1
VIC,2025-11-06 07:00:00,103.9,0,0.5794770304470872,1
VIC,2025-11-07 07:00:00,99.85,1,0.5977914331234303,1
VIC,2025-11-10 07:00:00,99.5,1,0.5981267266522027,1
VIC,2025-11-11 07:00:00,100.5,1,0.5703350927252875,1
VIC,2025-11-12 07:00:00,105.6,1,0.5887818536583453,1
VIC,2025-11-13 07:00:00,105.6,1,0.5860770370603645,1
VIC,2025-11-14 07:00:00,105.5,1,0.598037668965456,1
VIC,2025-11-17 07:00:00,108.5,1,0.5785581520083554,1
VIC,2025-11-18 07:00:00,110.0,1,0.5575468373766428,1
VIC,2025-11-19 07:00:00,110.25,1,0.5625128750067218,1
VIC,2025-11-20 07:00:00,114.0,1,0.5439456149318908,1
VIC,2025-11-21 07:00:00,114.85,1,0.5433241370970502,1
VIC,2025-11-24 07:00:00,119.75,1,0.5406004943627584,1
VIC,2025-11-25 07:00:00,121.5,1,0.5401123392280209,1
VIC,2025-11-26 07:00:00,122.5,1,0.5271540415785237,1
VIC,2025-11-27 07:00:00,124.0,1,0.5407202603745103,1
VIC,2025-11-28 07:00:00,130.2,1,0.5451993093503112,1
VIC,2025-12-01 07:00:00,134.95,0,0.5846878325852717,1
VIC,2025-12-02 07:00:00,137.5,1,0.5714904737829049,1
VIC,2025-12-03 07:00:00,134.7,1,0.549549322914695,1
VIC,2025-12-04 07:00:00,133.5,1,0.5258440595080169,1
VIC,2025-12-05 07:00:00,142.8,1,0.544699180860839,1
VIC,2025-12-08 07:00:00,152.7,0,0.5615987786286499,1
VIC,2025-12-09 07:00:00,160.0,0,0.5546133229914204,1
VIC,2025-12-10 07:00:00,148.8,0,0.5258941880627214,1
VIC,2025-12-11 07:00:00,146.0,0,0.5834435481296395,1
VIC,2025-12-12 07:00:00,144.0,0,0.5952706863161445,1
VIC,2025-12-15 07:00:00,142.9,0,0.5734140446771575,1
VIC,2025-12-16 07:00:00,142.9,1,0.5736428215366082,1
VIC,2025-12-17 07:00:00,142.9,1,0.577789100916037,1
VIC,2025-12-18 07:00:00,142.7,1,0.5922181314499044,1
VIC,2025-12-19 07:00:00,148.5,1,0.5881673651914665,1
VIC,2025-12-22 07:00:00,158.8,0,0.5942481700761125,1
VIC,2025-12-23 07:00:00,169.9,0,0.5520919668045815,1
VIC,2025-12-24 07:00:00,169.8,0,0.5222441215134639,1
VIC,2025-12-25 07:00:00,158.0,1,0.6423752682599144,1
VIC,2025-12-26 07:00:00,155.0,1,0.6348770349403993,1
VIC,2025-12-29 07:00:00,159.7,0,0.5974136176981196,1
VIC,2025-12-30 07:00:00,163.0,0,0.5860220518002638,1
VIC,2025-12-31 07:00:00,169.6,0,0.5903265631022747,1
VJC,2025-01-15 07:00:00,75.92,0,0.3308209009305195,0
VJC,2025-01-16 07:00:00,76.07,0,0.3507243655707834,0
VJC,2025-01-17 07:00:00,76.15,0,0.3376826170871693,0
VJC,2025-01-20 07:00:00,76.0,0,0.3222714780714439,0
VJC,2025-01-21 07:00:00,76.0,0,0.3219109512328865,0
VJC,2025-01-22 07:00:00,76.0,0,0.3185833276777903,0
VJC,2025-01-23 07:00:00,76.15,0,0.3645127240350597,0
VJC,2025-01-24 07:00:00,76.76,0,0.38397878520370016,0
VJC,2025-02-03 07:00:00,76.0,0,0.31990438039674546,0
VJC,2025-02-04 07:00:00,75.53,0,0.30518843444594773,0
VJC,2025-02-05 07:00:00,75.15,0,0.3061734119663799,0
VJC,2025-02-06 07:00:00,75.38,0,0.35003682958830346,0
VJC,2025-02-07 07:00:00,75.46,0,0.31900704274561514,0
VJC,2025-02-10 07:00:00,74.46,0,0.3086289794438508,0
VJC,2025-02-11 07:00:00,74.23,0,0.32622982247673715,0
VJC,2025-02-12 07:00:00,73.92,0,0.322670409209125,0
VJC,2025-02-13 07:00:00,74.0,0,0.3324820766128324,0
VJC,2025-02-14 07:00:00,74.38,0,0.3583476650870079,0
VJC,2025-02-17 07:00:00,75.0,0,0.3673048232089791,0
VJC,2025-02-18 07:00:00,74.92,0,0.3348933141953695,0
VJC,2025-02-19 07:00:00,74.92,0,0.3352563232325391,0
VJC,2025-02-20 07:00:00,74.53,0,0.32128502137792697,0
VJC,2025-02-21 07:00:00,74.3,0,0.3124616708028226,0
VJC,2025-02-24 07:00:00,74.3,0,0.30022546928532645,0
VJC,2025-02-25 07:00:00,73.92,0,0.29118348998404936,0
VJC,2025-02-26 07:00:00,74.69,0,0.3741036770610727,0
VJC,2025-02-27 07:00:00,74.53,0,0.33130392652195495,0
VJC,2025-02-28 07:00:00,73.84,0,0.3115885512763335,0
VJC,2025-03-03 07:00:00,74.53,0,0.37025277653909344,0
VJC,2025-03-04 07:00:00,74.46,0,0.3305431197692731,0
VJC,2025-03-05 07:00:00,74.15,0,0.3166564398364754,0
VJC,2025-03-06 07:00:00,74.23,0,0.3290800799072583,0
VJC,2025-03-07 07:00:00,74.61,0,0.3714880665042778,0
VJC,2025-03-10 07:00:00,75.15,0,0.38967715296869093,0
VJC,2025-03-11 07:00:00,75.15,0,0.35414875397270423,0
VJC,2025-03-12 07:00:00,74.92,1,0.33839262405686865,0
VJC,2025-03-13 07:00:00,74.84,0,0.33148835463733667,0
VJC,2025-03-14 07:00:00,75.84,0,0.4225435406244202,1
VJC,2025-03-17 07:00:00,76.23,0,0.4153085579234035,1
VJC,2025-03-18 07:00:00,75.69,0,0.3684850916092792,0
VJC,2025-03-19 07:00:00,75.23,0,0.35410319874693913,0
VJC,2025-03-20 07:00:00,74.0,0,0.3596987735031966,0
VJC,2025-03-21 07:00:00,74.3,0,0.36930584881067846,0
VJC,2025-03-24 07:00:00,74.3,0,0.3366765010367194,0
VJC,2025-03-25 07:00:00,74.38,0,0.3515185863075037,0
VJC,2025-03-26 07:00:00,74.38,0,0.3448318507992799,0
VJC,2025-03-27 07:00:00,74.23,0,0.3220981206310669,0
VJC,2025-03-28 07:00:00,73.84,0,0.3046956457984301,0
VJC,2025-03-31 07:00:00,73.07,0,0.3079130748925002,0
VJC,2025-04-01 07:00:00,73.23,0,0.318925613568131,0
VJC,2025-04-02 07:00:00,73.07,0,0.30020266245808014,0
VJC,2025-04-03 07:00:00,68.0,0,0.5717868293789848,1
VJC,2025-04-04 07:00:00,66.38,0,0.578898794038646,1
VJC,2025-04-08 07:00:00,63.54,1,0.6151766838087935,1
VJC,2025-04-09 07:00:00,60.84,1,0.6447847325379936,1
VJC,2025-04-10 07:00:00,65.07,0,0.5550113025798538,1
VJC,2025-04-11 07:00:00,65.69,0,0.5455061310180658,1
VJC,2025-04-14 07:00:00,65.77,1,0.5542084931023469,1
VJC,2025-04-15 07:00:00,64.07,1,0.5578678003265387,1
VJC,2025-04-16 07:00:00,65.69,0,0.5716725452903982,1
VJC,2025-04-17 07:00:00,67.69,0,0.5588357617897242,1
VJC,2025-04-18 07:00:00,66.54,0,0.5778848868602665,1
VJC,2025-04-21 07:00:00,64.61,1,0.5896571106471561,1
VJC,2025-04-22 07:00:00,64.23,1,0.5742263603790714,1
VJC,2025-04-23 07:00:00,65.92,1,0.5694000501712022,1
VJC,2025-04-24 07:00:00,65.92,0,0.5474629254963149,1
VJC,2025-04-25 07:00:00,70.0,0,0.5784949387727574,1
VJC,2025-04-28 07:00:00,68.54,0,0.5784455132907537,1
VJC,2025-04-29 07:00:00,66.15,1,0.5931356410584643,1
VJC,2025-05-05 07:00:00,68.92,0,0.5680634791963742,1
VJC,2025-05-06 07:00:00,68.46,0,0.57080001012909,1
VJC,2025-05-07 07:00:00,68.38,1,0.5657445568303044,1
VJC,2025-05-08 07:00:00,69.07,0,0.559782776180243,1
VJC,2025-05-09 07:00:00,68.84,1,0.5595721988271788,1
VJC,2025-05-12 07:00:00,69.54,0,0.5425822441133424,1
VJC,2025-05-13 07:00:00,69.61,0,0.5201430088860085,1
VJC,2025-05-14 07:00:00,71.54,0,0.5070794250015647,1
VJC,2025-05-15 07:00:00,70.0,0,0.5181231606747535,1
VJC,2025-05-16 07:00:00,69.23,0,0.5023758218038011,1
VJC,2025-05-19 07:00:00,67.69,0,0.50978249424492,1
VJC,2025-05-20 07:00:00,67.92,0,0.49087797869945304,1
VJC,2025-05-21 07:00:00,67.92,0,0.4903626581451927,1
VJC,2025-05-22 07:00:00,67.07,0,0.49701279405187077,1
VJC,2025-05-23 07:00:00,67.54,0,0.4747470988675545,1
VJC,2025-05-26 07:00:00,67.54,0,0.46743823156692205,1
VJC,2025-05-27 07:00:00,68.0,0,0.4735436173925109,1
VJC,2025-05-28 07:00:00,67.69,1,0.45927519802895256,1
VJC,2025-05-29 07:00:00,67.3,1,0.4504576473045952,1
VJC,2025-05-30 07:00:00,66.92,1,0.4404739651862282,1
VJC,2025-06-02 07:00:00,68.84,1,0.45850490303623337,1
VJC,2025-06-03 07:00:00,69.07,0,0.4536552697849572,1
VJC,2025-06-04 07:00:00,70.61,0,0.4671996267245277,1
VJC,2025-06-05 07:00:00,70.23,0,0.4267977076669584,1
VJC,2025-06-06 07:00:00,69.23,0,0.4430480031287513,1
VJC,2025-06-09 07:00:00,68.3,0,0.46217993453010925,1
VJC,2025-06-10 07:00:00,68.46,0,0.4574835012098762,1
VJC,2025-06-11 07:00:00,67.38,0,0.4649990194929357,1
VJC,2025-06-12 07:00:00,68.38,0,0.4530366777068031,1
VJC,2025-06-13 07:00:00,67.69,0,0.4452986937468232,1
VJC,2025-06-16 07:00:00,67.54,0,0.44069651463730775,1
VJC,2025-06-17 07:00:00,67.46,0,0.43773629800988345,1
VJC,2025-06-18 07:00:00,67.46,0,0.4469134676207072,1
VJC,2025-06-19 07:00:00,68.07,0,0.4516302646462939,1
VJC,2025-06-20 07:00:00,68.23,0,0.42789993645184743,1
VJC,2025-06-23 07:00:00,67.3,0,0.4127918257018875,1
VJC,2025-06-24 07:00:00,67.77,0,0.4159125458653644,1
VJC,2025-06-25 07:00:00,67.0,0,0.3832775432880376,0
VJC,2025-06-26 07:00:00,67.0,1,0.3757148160720756,0
VJC,2025-06-27 07:00:00,67.07,1,0.36803646369278187,0
VJC,2025-06-30 07:00:00,67.77,0,0.3999219585401547,0
VJC,2025-07-01 07:00:00,69.61,0,0.4484919363914081,1
VJC,2025-07-02 07:00:00,69.38,0,0.3919177181907603,0
VJC,2025-07-03 07:00:00,68.46,1,0.3879855125158501,0
VJC,2025-07-04 07:00:00,69.07,1,0.4034843445909878,0
VJC,2025-07-07 07:00:00,69.23,1,0.4078033434451577,1
VJC,2025-07-08 07:00:00,73.07,1,0.4775185369486037,1
VJC,2025-07-09 07:00:00,72.3,1,0.4361636913706591,1
VJC,2025-07-10 07:00:00,73.84,1,0.45815364418979193,1
VJC,2025-07-11 07:00:00,76.92,0,0.47979996326341384,1
VJC,2025-07-14 07:00:00,76.15,0,0.48328909768444067,1
VJC,2025-07-15 07:00:00,75.0,0,0.5189308466566857,1
VJC,2025-07-16 07:00:00,73.84,0,0.5296156286065562,1
VJC,2025-07-17 07:00:00,72.54,1,0.5426392787081846,1
VJC,2025-07-18 07:00:00,71.76,1,0.5388250082054235,1
VJC,2025-07-21 07:00:00,73.15,1,0.5184459383452795,1
VJC,2025-07-22 07:00:00,78.23,1,0.6087315770977393,1
VJC,2025-07-23 07:00:00,83.69,1,0.6372964634918084,1
VJC,2025-07-24 07:00:00,87.69,1,0.6267004196535124,1
VJC,2025-07-25 07:00:00,93.76,0,0.6260240967442787,1
VJC,2025-07-28 07:00:00,97.69,0,0.5702395166213714,1
VJC,2025-07-29 07:00:00,91.0,0,0.6272542651456806,1
VJC,2025-07-30 07:00:00,91.3,1,0.6205849781637652,1
VJC,2025-07-31 07:00:00,93.23,1,0.5855043194434295,1
VJC,2025-08-01 07:00:00,91.53,1,0.6108878156445711,1
VJC,2025-08-04 07:00:00,97.92,0,0.5713905498973115,1
VJC,2025-08-05 07:00:00,97.92,0,0.5777437728297794,1
VJC,2025-08-06 07:00:00,99.22,0,0.5400469915587734,1
VJC,2025-08-07 07:00:00,98.22,0,0.5880086311198764,1
VJC,2025-08-08 07:00:00,93.46,1,0.6461072981940338,1
VJC,2025-08-11 07:00:00,95.38,1,0.6098522545387479,1
VJC,2025-08-12 07:00:00,97.69,1,0.584575167980293,1
VJC,2025-08-13 07:00:00,98.0,1,0.5930674557351112,1
VJC,2025-08-14 07:00:00,104.84,1,0.5949671249766285,1
VJC,2025-08-15 07:00:00,111.99,0,0.5569660954129454,1
VJC,2025-08-18 07:00:00,109.53,1,0.5184400268745745,1
VJC,2025-08-19 07:00:00,112.3,0,0.5174302575672742,1
VJC,2025-08-20 07:00:00,110.61,0,0.534276708028541,1
VJC,2025-08-21 07:00:00,112.15,0,0.5474544713094085,1
VJC,2025-08-22 07:00:00,107.69,1,0.5872902104754915,1
VJC,2025-08-25 07:00:00,109.61,1,0.5761415238719308,1
VJC,2025-08-26 07:00:00,110.76,0,0.5572226717268213,1
VJC,2025-08-27 07:00:00,110.84,0,0.565223686903173,1
VJC,2025-08-28 07:00:00,111.53,0,0.5541692747263585,1
VJC,2025-08-29 07:00:00,111.15,0,0.5741213845943031,1
VJC,2025-09-03 07:00:00,109.22,0,0.5904620534801331,1
VJC,2025-09-04 07:00:00,107.69,1,0.5853993096169087,1
VJC,2025-09-05 07:00:00,109.22,1,0.5941206130823721,1
VJC,2025-09-08 07:00:00,109.15,1,0.5874109716797848,1
VJC,2025-09-09 07:00:00,111.53,0,0.5529426881359891,1
VJC,2025-09-10 07:00:00,111.46,0,0.5338705018645956,1
VJC,2025-09-11 07:00:00,111.84,0,0.5302979443470431,1
VJC,2025-09-12 07:00:00,112.3,0,0.5290588394140839,1
VJC,2025-09-15 07:00:00,111.99,0,0.5169118157704242,1
VJC,2025-09-16 07:00:00,109.22,0,0.5273077954918838,1
VJC,2025-09-17 07:00:00,109.22,0,0.5082875497611553,1
VJC,2025-09-18 07:00:00,107.53,0,0.5134405822634546,1
VJC,2025-09-19 07:00:00,105.53,0,0.519791398242526,1
VJC,2025-09-22 07:00:00,104.22,0,0.5259996723827488,1
VJC,2025-09-23 07:00:00,102.3,0,0.5169635428233024,1
VJC,2025-09-24 07:00:00,102.84,0,0.49591282141984144,1
VJC,2025-09-25 07:00:00,104.53,0,0.4863987079008803,1
VJC,2025-09-26 07:00:00,101.92,0,0.490456059645392,1
VJC,2025-09-29 07:00:00,99.76,0,0.5065467632024951,1
VJC,2025-09-30 07:00:00,99.69,0,0.4975184367669586,1
VJC,2025-10-01 07:00:00,98.46,1,0.49791488130728556,1
VJC,2025-10-02 07:00:00,99.0,1,0.49444840744315255,1
VJC,2025-10-03 07:00:00,99.46,1,0.4965388337674467,1
VJC,2025-10-06 07:00:00,103.3,0,0.5094555503817663,1
VJC,2025-10-07 07:00:00,102.61,0,0.5045177014104607,1
VJC,2025-10-08 07:00:00,102.61,1,0.49843472171065223,1
VJC,2025-10-09 07:00:00,102.38,1,0.4928469309583061,1
VJC,2025-10-10 07:00:00,102.53,1,0.4819681342298751,1
VJC,2025-10-13 07:00:00,109.69,1,0.5823830658711933,1
VJC,2025-10-14 07:00:00,117.3,1,0.6296264723232202,1
VJC,2025-10-15 07:00:00,125.46,1,0.6017908579056731,1
VJC,2025-10-16 07:00:00,133.45,1,0.5880059888897617,1
VJC,2025-10-17 07:00:00,134.61,1,0.5824111786750841,1
VJC,2025-10-20 07:00:00,134.22,1,0.6000967395228747,1
VJC,2025-10-21 07:00:00,138.45,0,0.5980981287425051,1
VJC,2025-10-22 07:00:00,138.61,0,0.5979520002214412,1
VJC,2025-10-23 07:00:00,141.53,1,0.5848908560020396,1
VJC,2025-10-24 07:00:00,138.45,1,0.5936617460001989,1
VJC,2025-10-27 07:00:00,134.84,1,0.6049770428062127,1
VJC,2025-10-28 07:00:00,144.22,0,0.548374709714199,1
VJC,2025-10-29 07:00:00,150.07,0,0.5355792923227568,1
VJC,2025-10-30 07:00:00,150.38,0,0.5122044059800105,1
VJC,2025-10-31 07:00:00,143.84,0,0.5850285476188275,1
VJC,2025-11-03 07:00:00,141.15,0,0.6108705317011477,1
VJC,2025-11-04 07:00:00,142.92,0,0.5860659538990102,1
VJC,2025-11-05 07:00:00,141.92,0,0.5927352886991923,1
VJC,2025-11-06 07:00:00,139.15,0,0.6013306648848196,1
VJC,2025-11-07 07:00:00,136.92,0,0.6049584856041029,1
VJC,2025-11-10 07:00:00,135.76,0,0.5918240269969312,1
VJC,2025-11-11 07:00:00,134.53,0,0.5769246407031807,1
VJC,2025-11-12 07:00:00,135.45,1,0.5539340107910291,1
VJC,2025-11-13 07:00:00,135.61,1,0.5218902249437211,1
VJC,2025-11-14 07:00:00,135.68,0,0.5093378829108979,1
VJC,2025-11-17 07:00:00,137.68,1,0.5175630345697588,1
VJC,2025-11-18 07:00:00,137.76,1,0.49792434892886606,1
VJC,2025-11-19 07:00:00,136.92,1,0.4985552457503627,1
VJC,2025-11-20 07:00:00,146.45,1,0.5834081981369876,1
VJC,2025-11-21 07:00:00,149.68,1,0.5840840754745311,1
VJC,2025-11-24 07:00:00,157.53,0,0.5722865055710088,1
VJC,2025-11-25 07:00:00,168.53,0,0.6253008864064931,1
VJC,2025-11-26 07:00:00,159.84,0,0.6049824479447496,1
VJC,2025-11-27 07:00:00,155.38,1,0.636702600171375,1
VJC,2025-11-28 07:00:00,156.53,1,0.6230729779757019,1
VJC,2025-12-01 07:00:00,156.84,0,0.6193549927280413,1
VJC,2025-12-02 07:00:00,167.61,0,0.6211732656919444,1
VJC,2025-12-03 07:00:00,164.61,0,0.6076966566105614,1
VJC,2025-12-04 07:00:00,158.45,0,0.6430619780857613,1
VJC,2025-12-05 07:00:00,159.61,0,0.6341994156149211,1
VJC,2025-12-08 07:00:00,158.76,0,0.6262011986193692,1
VJC,2025-12-09 07:00:00,153.84,0,0.5944080960048211,1
VJC,2025-12-10 07:00:00,151.22,0,0.5954327027574918,1
VJC,2025-12-11 07:00:00,144.61,1,0.6607540003901616,1
VJC,2025-12-12 07:00:00,142.3,0,0.640207836031255,1
VJC,2025-12-15 07:00:00,143.07,1,0.596472232919383,1
VJC,2025-12-16 07:00:00,147.3,1,0.558913432692758,1
VJC,2025-12-17 07:00:00,142.38,1,0.6075128929762966,1
VJC,2025-12-18 07:00:00,149.15,1,0.5693701998006249,1
VJC,2025-12-19 07:00:00,153.76,0,0.578114989080018,1
VJC,2025-12-22 07:00:00,158.45,1,0.5818980133494654,1
VJC,2025-12-23 07:00:00,158.84,0,0.5738115240912334,1
VJC,2025-12-24 07:00:00,153.07,1,0.5865131251764726,1
VJC,2025-12-25 07:00:00,163.07,0,0.5854032799639158,1
VJC,2025-12-26 07:00:00,159.91,0,0.5812742631461828,1
VJC,2025-12-29 07:00:00,160.15,0,0.5924856987313184,1
VJC,2025-12-30 07:00:00,157.99,0,0.5836416852270839,1
VJC,2025-12-31 07:00:00,160.76,0,0.5780139127938665,1
VNM,2025-01-15 07:00:00,55.21,0,0.3235650199660823,0
VNM,2025-01-16 07:00:00,55.39,0,0.35389752076230496,0
VNM,2025-01-17 07:00:00,55.48,0,0.35850934211295044,0
VNM,2025-01-20 07:00:00,55.39,0,0.32045407133592146,0
VNM,2025-01-21 07:00:00,55.3,0,0.29549214390381223,0
VNM,2025-01-22 07:00:00,55.12,0,0.2754632862973293,0
VNM,2025-01-23 07:00:00,55.48,0,0.35569631531233115,0
VNM,2025-01-24 07:00:00,55.66,0,0.36990411706943477,0
VNM,2025-02-03 07:00:00,54.14,0,0.3201600248310901,0
VNM,2025-02-04 07:00:00,53.87,0,0.34575247289612393,0
VNM,2025-02-05 07:00:00,55.03,0,0.34579115444215225,0
VNM,2025-02-06 07:00:00,54.31,0,0.31053614620744696,0
VNM,2025-02-07 07:00:00,54.4,0,0.3329500981419128,0
VNM,2025-02-10 07:00:00,54.22,0,0.3088275188147127,0
VNM,2025-02-11 07:00:00,54.04,0,0.3056676544358144,0
VNM,2025-02-12 07:00:00,54.58,0,0.36310923332485107,0
VNM,2025-02-13 07:00:00,54.31,0,0.31955759253722266,0
VNM,2025-02-14 07:00:00,53.96,0,0.3401272674805004,0
VNM,2025-02-17 07:00:00,53.69,0,0.3006121148094829,0
VNM,2025-02-18 07:00:00,53.96,1,0.33397662961901653,0
VNM,2025-02-19 07:00:00,54.4,1,0.35339296686884375,0
VNM,2025-02-20 07:00:00,54.31,1,0.33680729750519905,0
VNM,2025-02-21 07:00:00,54.94,1,0.3775367243279438,0
VNM,2025-02-24 07:00:00,57.09,0,0.5289531075492432,1
VNM,2025-02-25 07:00:00,56.28,0,0.38663507866458763,0
VNM,2025-02-26 07:00:00,56.46,0,0.4027153973898713,0
VNM,2025-02-27 07:00:00,55.66,1,0.3968942916863766,0
VNM,2025-02-28 07:00:00,55.66,0,0.38650455868825784,0
VNM,2025-03-03 07:00:00,56.55,0,0.4051841135096509,1
VNM,2025-03-04 07:00:00,56.82,0,0.408814644136459,1
VNM,2025-03-05 07:00:00,56.1,0,0.37983621702890347,0
VNM,2025-03-06 07:00:00,56.28,0,0.3939695735038721,0
VNM,2025-03-07 07:00:00,56.1,0,0.38184143418401245,0
VNM,2025-03-10 07:00:00,55.92,0,0.3839627868222878,0
VNM,2025-03-11 07:00:00,55.84,0,0.37552252790510515,0
VNM,2025-03-12 07:00:00,55.66,0,0.3686264976442704,0
VNM,2025-03-13 07:00:00,55.48,0,0.37259456708157584,0
VNM,2025-03-14 07:00:00,55.57,0,0.3749876042208303,0
VNM,2025-03-17 07:00:00,56.37,0,0.4099430854766656,1
VNM,2025-03-18 07:00:00,55.92,0,0.39325365471482987,0
VNM,2025-03-19 07:00:00,55.74,0,0.3890859842198726,0
VNM,2025-03-20 07:00:00,55.3,0,0.3948212609067371,0
VNM,2025-03-21 07:00:00,54.85,0,0.37081879954540636,0
VNM,2025-03-24 07:00:00,54.94,0,0.3311818451201334,0
VNM,2025-03-25 07:00:00,54.94,0,0.3052990690249165,0
VNM,2025-03-26 07:00:00,54.76,0,0.29954451960876355,0
VNM,2025-03-27 07:00:00,54.67,0,0.29540115069276296,0
VNM,2025-03-28 07:00:00,53.96,0,0.32772267559696383,0
VNM,2025-03-31 07:00:00,54.22,0,0.33929315334596355,0
VNM,2025-04-01 07:00:00,54.4,0,0.3353152753323258,0
VNM,2025-04-02 07:00:00,54.14,0,0.31032406556973763,0
VNM,2025-04-03 07:00:00,50.56,0,0.49051820962763953,1
VNM,2025-04-04 07:00:00,52.34,0,0.5096278002974496,1
VNM,2025-04-08 07:00:00,48.77,1,0.5638835865792211,1
VNM,2025-04-09 07:00:00,46.53,1,0.6013562347293706,1
VNM,2025-04-10 07:00:00,49.75,0,0.571651142546839,1
VNM,2025-04-11 07:00:00,51.45,0,0.5717149866099928,1
VNM,2025-04-14 07:00:00,50.91,0,0.5755292979620735,1
VNM,2025-04-15 07:00:00,50.38,0,0.571088137993232,1
VNM,2025-04-16 07:00:00,50.11,0,0.5728912371110417,1
VNM,2025-04-17 07:00:00,50.11,0,0.5717813002824264,1
VNM,2025-04-18 07:00:00,50.64,0,0.5893784744803436,1
VNM,2025-04-21 07:00:00,50.73,0,0.5837168010947739,1
VNM,2025-04-22 07:00:00,50.11,1,0.5586097509954452,1
VNM,2025-04-23 07:00:00,50.47,1,0.5704937449477234,1
VNM,2025-04-24 07:00:00,50.38,1,0.5268691142828044,1
VNM,2025-04-25 07:00:00,52.17,0,0.48987339959931725,1
VNM,2025-04-28 07:00:00,51.45,0,0.5105662487846926,1
VNM,2025-04-29 07:00:00,51.54,0,0.508247536408969,1
VNM,2025-05-05 07:00:00,50.91,0,0.5029290406777976,1
VNM,2025-05-06 07:00:00,50.91,0,0.47003330776520247,1
VNM,2025-05-07 07:00:00,51.18,1,0.46749700556984913,1
VNM,2025-05-08 07:00:00,51.36,1,0.4600234503868036,1
VNM,2025-05-09 07:00:00,51.63,0,0.4385030292159493,1
VNM,2025-05-12 07:00:00,52.43,0,0.4034595004123432,0
VNM,2025-05-13 07:00:00,52.34,0,0.383721136664258,0
VNM,2025-05-14 07:00:00,52.07,0,0.36646238929528646,0
VNM,2025-05-15 07:00:00,52.62,0,0.3900363222902324,0
VNM,2025-05-16 07:00:00,52.07,0,0.34852983871174614,0
VNM,2025-05-19 07:00:00,51.88,0,0.36305384449216743,0
VNM,2025-05-20 07:00:00,51.79,0,0.3556889548854119,0
VNM,2025-05-21 07:00:00,51.33,0,0.36441414016582324,0
VNM,2025-05-22 07:00:00,50.96,0,0.36997278793344457,0
VNM,2025-05-23 07:00:00,51.23,0,0.3757751362453924,0
VNM,2025-05-26 07:00:00,51.6,0,0.38778315764128857,0
VNM,2025-05-27 07:00:00,51.33,0,0.3668963056014695,0
VNM,2025-05-28 07:00:00,51.14,0,0.31710802367558355,0
VNM,2025-05-29 07:00:00,51.05,0,0.3201007955824876,0
VNM,2025-05-30 07:00:00,50.86,1,0.2933597311901699,0
VNM,2025-06-02 07:00:00,50.58,1,0.28425483964221226,0
VNM,2025-06-03 07:00:00,51.42,0,0.35632993737486013,0
VNM,2025-06-04 07:00:00,52.72,0,0.46735481489429725,1
VNM,2025-06-05 07:00:00,52.16,0,0.374145531457527,0
VNM,2025-06-06 07:00:00,51.23,0,0.3516662386863345,0
VNM,2025-06-09 07:00:00,51.23,0,0.3402945816840564,0
VNM,2025-06-10 07:00:00,51.23,0,0.33829595685446623,0
VNM,2025-06-11 07:00:00,51.14,1,0.33476028644299144,0
VNM,2025-06-12 07:00:00,51.79,0,0.37919163420003493,0
VNM,2025-06-13 07:00:00,51.42,0,0.35726406417591255,0
VNM,2025-06-16 07:00:00,52.16,0,0.4115557856793851,1
VNM,2025-06-17 07:00:00,52.07,0,0.3835071294048568,0
VNM,2025-06-18 07:00:00,51.88,0,0.3708778882366992,0
VNM,2025-06-19 07:00:00,51.97,0,0.3865122813081418,0
VNM,2025-06-20 07:00:00,52.44,0,0.39482229306831845,0
VNM,2025-06-23 07:00:00,51.79,0,0.3806859823904036,0
VNM,2025-06-24 07:00:00,52.25,1,0.40959992464625117,1
VNM,2025-06-25 07:00:00,52.62,1,0.4314596149682088,1
VNM,2025-06-26 07:00:00,52.25,1,0.3807459387475452,0
VNM,2025-06-27 07:00:00,53.55,0,0.4694119436647945,1
VNM,2025-06-30 07:00:00,53.74,0,0.42407398137513624,1
VNM,2025-07-01 07:00:00,53.27,0,0.3997651469627899,0
VNM,2025-07-02 07:00:00,53.46,0,0.39910637841283586,0
VNM,2025-07-03 07:00:00,53.27,1,0.36840538946125573,0
VNM,2025-07-04 07:00:00,53.55,1,0.3952780427139628,0
VNM,2025-07-07 07:00:00,53.64,1,0.383159689749285,0
VNM,2025-07-08 07:00:00,54.66,0,0.4285006801306986,1
VNM,2025-07-09 07:00:00,55.77,0,0.4619924432535449,1
VNM,2025-07-10 07:00:00,55.31,0,0.39690940008826137,0
VNM,2025-07-11 07:00:00,55.4,0,0.3831987856491697,0
VNM,2025-07-14 07:00:00,55.86,0,0.3960264980720469,0
VNM,2025-07-15 07:00:00,55.68,0,0.385741678616486,0
VNM,2025-07-16 07:00:00,55.68,0,0.3759510746436899,0
VNM,2025-07-17 07:00:00,55.68,0,0.3798439857152465,0
VNM,2025-07-18 07:00:00,55.77,1,0.39051745907443974,0
VNM,2025-07-21 07:00:00,55.59,1,0.36096126380674287,0
VNM,2025-07-22 07:00:00,55.77,1,0.38616829136882486,0
VNM,2025-07-23 07:00:00,57.16,1,0.42336827341492655,1
VNM,2025-07-24 07:00:00,59.02,0,0.4776180658226885,1
VNM,2025-07-25 07:00:00,58.55,0,0.3924051538585032,0
VNM,2025-07-28 07:00:00,58.64,0,0.39038395092885647,0
VNM,2025-07-29 07:00:00,58.55,0,0.39529432408944293,0
VNM,2025-07-30 07:00:00,58.27,0,0.38047742276745494,0
VNM,2025-07-31 07:00:00,56.7,0,0.4807627593697179,1
VNM,2025-08-01 07:00:00,55.59,1,0.4826072785247399,1
VNM,2025-08-04 07:00:00,55.96,0,0.46690703769148706,1
VNM,2025-08-05 07:00:00,55.68,0,0.46094093223047644,1
VNM,2025-08-06 07:00:00,56.79,0,0.4650715465643153,1
VNM,2025-08-07 07:00:00,56.42,0,0.4655211596965796,1
VNM,2025-08-08 07:00:00,56.33,0,0.4662442143417381,1
VNM,2025-08-11 07:00:00,56.98,0,0.4724325332806913,1
VNM,2025-08-12 07:00:00,57.26,0,0.46761384498455705,1
VNM,2025-08-13 07:00:00,56.61,0,0.45280864651562275,1
VNM,2025-08-14 07:00:00,57.16,0,0.45748427119981094,1
VNM,2025-08-15 07:00:00,56.51,0,0.45590498463418455,1
VNM,2025-08-18 07:00:00,56.24,0,0.44298976092670117,1
VNM,2025-08-19 07:00:00,56.05,0,0.4493506775590749,1
VNM,2025-08-20 07:00:00,55.59,0,0.43235105974520727,1
VNM,2025-08-21 07:00:00,55.68,0,0.4140164248600571,1
VNM,2025-08-22 07:00:00,54.38,1,0.46729900168187577,1
VNM,2025-08-25 07:00:00,54.38,1,0.459477558974741,1
VNM,2025-08-26 07:00:00,55.31,0,0.45050048972801165,1
VNM,2025-08-27 07:00:00,56.05,1,0.45838739018519453,1
VNM,2025-08-28 07:00:00,56.51,0,0.446337930816184,1
VNM,2025-08-29 07:00:00,55.86,0,0.42807985347565236,1
VNM,2025-09-03 07:00:00,56.98,0,0.4391682616738272,1
VNM,2025-09-04 07:00:00,57.26,0,0.4357389771500275,1
VNM,2025-09-05 07:00:00,56.42,0,0.41422610342239363,1
VNM,2025-09-08 07:00:00,56.14,0,0.4119202465572837,1
VNM,2025-09-09 07:00:00,55.86,1,0.43665086617343246,1
VNM,2025-09-10 07:00:00,55.4,1,0.42010005760791813,1
VNM,2025-09-11 07:00:00,56.7,1,0.436740720292088,1
VNM,2025-09-12 07:00:00,58.55,1,0.5006412181184704,1
VNM,2025-09-15 07:00:00,58.46,0,0.43225692621641604,1
VNM,2025-09-16 07:00:00,59.94,0,0.4784930527043664,1
VNM,2025-09-17 07:00:00,60.31,0,0.4567239991297981,1
VNM,2025-09-18 07:00:00,58.92,0,0.45953158942404726,1
VNM,2025-09-19 07:00:00,57.44,0,0.5015715918358403,1
VNM,2025-09-22 07:00:00,56.88,0,0.502155609110021,1
VNM,2025-09-23 07:00:00,57.07,0,0.4886390157971404,1
VNM,2025-09-24 07:00:00,57.44,0,0.4877886796761171,1
VNM,2025-09-25 07:00:00,56.98,0,0.4783255680849902,1
VNM,2025-09-26 07:00:00,56.61,1,0.46463230129039307,1
VNM,2025-09-29 07:00:00,55.86,1,0.47222847315204125,1
VNM,2025-09-30 07:00:00,55.59,1,0.47313861962788495,1
VNM,2025-10-01 07:00:00,57.53,0,0.47603066825486506,1
VNM,2025-10-02 07:00:00,56.7,0,0.46208461824101976,1
VNM,2025-10-03 07:00:00,56.79,1,0.4611086996772306,1
VNM,2025-10-06 07:00:00,57.81,0,0.45430887022400834,1
VNM,2025-10-07 07:00:00,56.88,1,0.4457734099148211,1
VNM,2025-10-08 07:00:00,58.74,0,0.46432071917020146,1
VNM,2025-10-09 07:00:00,58.27,0,0.45699725020127396,1
VNM,2025-10-10 07:00:00,57.81,1,0.45605387022372323,1
VNM,2025-10-13 07:00:00,59.29,0,0.45597152321123924,1
VNM,2025-10-14 07:00:00,58.83,0,0.45861868531903816,1
VNM,2025-10-15 07:00:00,58.92,0,0.44696910239123605,1
VNM,2025-10-16 07:00:00,59.31,0,0.4437211011444806,1
VNM,2025-10-17 07:00:00,56.98,0,0.498190441547196,1
VNM,2025-10-20 07:00:00,53.3,1,0.5518228043207882,1
VNM,2025-10-21 07:00:00,54.76,1,0.5082482254633778,1
VNM,2025-10-22 07:00:00,54.56,0,0.5152006445835509,1
VNM,2025-10-23 07:00:00,54.85,0,0.5184567586709394,1
VNM,2025-10-24 07:00:00,56.31,0,0.5170182879343762,1
VNM,2025-10-27 07:00:00,55.24,0,0.5258408866762084,1
VNM,2025-10-28 07:00:00,55.63,0,0.5312030080880787,1
VNM,2025-10-29 07:00:00,55.72,0,0.5213281657628163,1
VNM,2025-10-30 07:00:00,55.34,0,0.5238161791412709,1
VNM,2025-10-31 07:00:00,55.82,0,0.5103664296189094,1
VNM,2025-11-03 07:00:00,55.53,0,0.4709493688036541,1
VNM,2025-11-04 07:00:00,55.53,0,0.4641660639803726,1
VNM,2025-11-05 07:00:00,56.21,0,0.47013125362040953,1
VNM,2025-11-06 07:00:00,56.21,1,0.47061648850945764,1
VNM,2025-11-07 07:00:00,55.82,1,0.4460056177260874,1
VNM,2025-11-10 07:00:00,55.24,1,0.4469417475596286,1
VNM,2025-11-11 07:00:00,57.08,1,0.44626320740945635,1
VNM,2025-11-12 07:00:00,57.95,1,0.44979118508535804,1
VNM,2025-11-13 07:00:00,59.89,0,0.475080161809263,1
VNM,2025-11-14 07:00:00,60.86,0,0.4666978283211765,1
VNM,2025-11-17 07:00:00,60.18,0,0.4306845512340819,1
VNM,2025-11-18 07:00:00,58.83,0,0.46991155216957,1
VNM,2025-11-19 07:00:00,59.02,1,0.48188788960024476,1
VNM,2025-11-20 07:00:00,58.83,1,0.4759592330687502,1
VNM,2025-11-21 07:00:00,58.05,1,0.47932210671409026,1
VNM,2025-11-24 07:00:00,61.06,0,0.5118172368361764,1
VNM,2025-11-25 07:00:00,59.99,1,0.5032767677910518,1
VNM,2025-11-26 07:00:00,60.86,1,0.5000360762919384,1
VNM,2025-11-27 07:00:00,60.09,1,0.4953326598556173,1
VNM,2025-11-28 07:00:00,62.02,0,0.5034218969483412,1
VNM,2025-12-01 07:00:00,62.9,0,0.5047792561639964,1
VNM,2025-12-02 07:00:00,62.99,0,0.49514539705131505,1
VNM,2025-12-03 07:00:00,62.6,0,0.5030174229313977,1
VNM,2025-12-04 07:00:00,61.44,0,0.5075611302354821,1
VNM,2025-12-05 07:00:00,61.44,0,0.5105978181445481,1
VNM,2025-12-08 07:00:00,61.54,0,0.47519152612483684,1
VNM,2025-12-09 07:00:00,60.57,0,0.48134658472546166,1
VNM,2025-12-10 07:00:00,61.15,0,0.4744151623039888,1
VNM,2025-12-11 07:00:00,59.6,1,0.48093406457421006,1
VNM,2025-12-12 07:00:00,58.34,1,0.49280209259175256,1
VNM,2025-12-15 07:00:00,60.09,1,0.4781841296247719,1
VNM,2025-12-16 07:00:00,62.22,0,0.507514196342954,1
VNM,2025-12-17 07:00:00,60.96,0,0.5175328032603825,1
VNM,2025-12-18 07:00:00,61.93,0,0.5162815022773257,1
VNM,2025-12-19 07:00:00,62.02,0,0.513095427365617,1
VNM,2025-12-22 07:00:00,61.25,0,0.511087218532923,1
VNM,2025-12-23 07:00:00,60.67,0,0.4968678136707733,1
VNM,2025-12-24 07:00:00,59.6,0,0.5005601751609043,1
VNM,2025-12-25 07:00:00,59.41,0,0.4957893343423902,1
VNM,2025-12-26 07:00:00,59.6,0,0.488161151491639,1
VNM,2025-12-29 07:00:00,60.18,0,0.4680762279392868,1
VNM,2025-12-30 07:00:00,59.89,0,0.4629013086363825,1
VNM,2025-12-31 07:00:00,59.31,0,0.4570873316897807,1
VPB,2025-01-15 07:00:00,17.6,0,0.35775126568980053,0
VPB,2025-01-16 07:00:00,17.6,0,0.3390010174453247,0
VPB,2025-01-17 07:00:00,17.65,0,0.372226935695217,0
VPB,2025-01-20 07:00:00,17.6,1,0.3384757898066482,0
VPB,2025-01-21 07:00:00,17.6,1,0.3321587754938751,0
VPB,2025-01-22 07:00:00,17.55,0,0.32056551060424926,0
VPB,2025-01-23 07:00:00,18.08,0,0.42728382796425585,1
VPB,2025-01-24 07:00:00,18.08,0,0.3862925156910443,0
VPB,2025-02-03 07:00:00,17.7,1,0.3568226478675058,0
VPB,2025-02-04 07:00:00,17.93,0,0.3955924115376327,0
VPB,2025-02-05 07:00:00,18.22,0,0.4224570832187364,1
VPB,2025-02-06 07:00:00,18.22,0,0.3928941353199466,0
VPB,2025-02-07 07:00:00,18.13,0,0.38682146318830346,0
VPB,2025-02-10 07:00:00,18.03,0,0.38978361414087304,0
VPB,2025-02-11 07:00:00,18.08,0,0.4135299877638284,1
VPB,2025-02-12 07:00:00,18.08,0,0.37389288317577846,0
VPB,2025-02-13 07:00:00,18.08,0,0.38621061814552193,0
VPB,2025-02-14 07:00:00,18.18,0,0.41678918572204543,1
VPB,2025-02-17 07:00:00,18.03,1,0.38338317260214977,0
VPB,2025-02-18 07:00:00,18.13,1,0.4264513047035943,1
VPB,2025-02-19 07:00:00,18.22,1,0.4197403893620877,1
VPB,2025-02-20 07:00:00,18.37,0,0.42453529789647665,1
VPB,2025-02-21 07:00:00,18.6,0,0.4907954541379479,1
VPB,2025-02-24 07:00:00,18.7,0,0.43025791110148526,1
VPB,2025-02-25 07:00:00,18.51,0,0.39214695720391435,0
VPB,2025-02-26 07:00:00,18.41,0,0.4010453949970266,0
VPB,2025-02-27 07:00:00,18.46,0,0.3993267330846206,0
VPB,2025-02-28 07:00:00,18.46,0,0.37543774634507493,0
VPB,2025-03-03 07:00:00,18.37,0,0.36516932201718105,0
VPB,2025-03-04 07:00:00,18.27,0,0.3628673925116631,0
VPB,2025-03-05 07:00:00,18.18,1,0.36018610041460325,0
VPB,2025-03-06 07:00:00,18.32,1,0.39890319950567477,0
VPB,2025-03-07 07:00:00,18.41,1,0.40760579093011273,1
VPB,2025-03-10 07:00:00,18.56,0,0.43863077345457874,1
VPB,2025-03-11 07:00:00,18.84,0,0.46397558988201804,1
VPB,2025-03-12 07:00:00,18.75,1,0.3885407165778677,0
VPB,2025-03-13 07:00:00,18.41,1,0.3914663902400625,0
VPB,2025-03-14 07:00:00,18.75,0,0.40780662689400277,1
VPB,2025-03-17 07:00:00,19.32,0,0.5355833254492947,1
VPB,2025-03-18 07:00:00,18.94,0,0.4480733124487034,1
VPB,2025-03-19 07:00:00,18.6,0,0.45636800571718183,1
VPB,2025-03-20 07:00:00,18.75,0,0.46041583659072355,1
VPB,2025-03-21 07:00:00,18.65,0,0.445000146633463,1
VPB,2025-03-24 07:00:00,18.75,0,0.4647977192744645,1
VPB,2025-03-25 07:00:00,18.65,0,0.45271019558800163,1
VPB,2025-03-26 07:00:00,18.51,0,0.45317016647758707,1
VPB,2025-03-27 07:00:00,18.41,0,0.4343925903302099,1
VPB,2025-03-28 07:00:00,18.41,0,0.44868239723640696,1
VPB,2025-03-31 07:00:00,18.18,0,0.4259017297497509,1
VPB,2025-04-01 07:00:00,18.32,0,0.421547966828953,1
VPB,2025-04-02 07:00:00,18.32,0,0.4108917802137743,1
VPB,2025-04-03 07:00:00,17.08,0,0.4957430117185902,1
VPB,2025-04-04 07:00:00,16.69,0,0.499040688349689,1
VPB,2025-04-08 07:00:00,15.54,1,0.6324248864401512,1
VPB,2025-04-09 07:00:00,15.26,1,0.5991733786397747,1
VPB,2025-04-10 07:00:00,16.31,0,0.5712336088016563,1
VPB,2025-04-11 07:00:00,16.69,0,0.5668681997491832,1
VPB,2025-04-14 07:00:00,16.55,0,0.5853268499338756,1
VPB,2025-04-15 07:00:00,16.17,0,0.5841521646903824,1
VPB,2025-04-16 07:00:00,16.07,0,0.5854200029337381,1
VPB,2025-04-17 07:00:00,15.83,0,0.5733547142798259,1
VPB,2025-04-18 07:00:00,16.21,0,0.5635245712281857,1
VPB,2025-04-21 07:00:00,15.97,0,0.5662624096739028,1
VPB,2025-04-22 07:00:00,15.88,0,0.5489267905193655,1
VPB,2025-04-23 07:00:00,15.97,0,0.582581823820772,1
VPB,2025-04-24 07:00:00,15.93,0,0.5362867879457147,1
VPB,2025-04-25 07:00:00,15.78,0,0.5157646731873696,1
VPB,2025-04-28 07:00:00,15.83,1,0.5315726412147309,1
VPB,2025-04-29 07:00:00,15.83,1,0.5292577082233784,1
VPB,2025-05-05 07:00:00,15.88,1,0.5137082454665823,1
VPB,2025-05-06 07:00:00,16.17,0,0.49903190593110774,1
VPB,2025-05-07 07:00:00,16.26,1,0.49081493532780496,1
VPB,2025-05-08 07:00:00,16.26,1,0.4731757860998153,1
VPB,2025-05-09 07:00:00,16.26,1,0.4561845559070472,1
VPB,2025-05-12 07:00:00,16.6,1,0.4620605997917417,1
VPB,2025-05-13 07:00:00,16.93,1,0.4516959173101459,1
VPB,2025-05-14 07:00:00,18.08,0,0.5739475367937057,1
VPB,2025-05-15 07:00:00,18.23,0,0.47171177314895274,1
VPB,2025-05-16 07:00:00,17.74,1,0.5093168173976358,1
VPB,2025-05-19 07:00:00,17.88,0,0.5119404656025934,1
VPB,2025-05-20 07:00:00,17.88,0,0.5007852928846918,1
VPB,2025-05-21 07:00:00,18.13,0,0.49565120845777866,1
VPB,2025-05-22 07:00:00,17.98,0,0.4931894102702652,1
VPB,2025-05-23 07:00:00,17.78,0,0.5028266265679714,1
VPB,2025-05-26 07:00:00,17.83,0,0.5015097795614537,1
VPB,2025-05-27 07:00:00,17.78,0,0.500603532265255,1
VPB,2025-05-28 07:00:00,17.69,0,0.4672383071737849,1
VPB,2025-05-29 07:00:00,17.83,0,0.47356601859951514,1
VPB,2025-05-30 07:00:00,17.64,1,0.45694596930907194,1
VPB,2025-06-02 07:00:00,17.69,0,0.4696025496467373,1
VPB,2025-06-03 07:00:00,17.98,0,0.4710647740675243,1
VPB,2025-06-04 07:00:00,17.93,0,0.4626682573703945,1
VPB,2025-06-05 07:00:00,17.78,0,0.45700451453110214,1
VPB,2025-06-06 07:00:00,17.49,0,0.4804152589360241,1
VPB,2025-06-09 07:00:00,17.54,1,0.47429114605378964,1
VPB,2025-06-10 07:00:00,17.64,0,0.46587154163004185,1
VPB,2025-06-11 07:00:00,17.69,1,0.43593237512983507,1
VPB,2025-06-12 07:00:00,17.88,1,0.448631331239881,1
VPB,2025-06-13 07:00:00,17.83,1,0.39043316611229384,0
VPB,2025-06-16 07:00:00,18.47,0,0.5206988298096769,1
VPB,2025-06-17 07:00:00,18.47,0,0.44131574153764247,1
VPB,2025-06-18 07:00:00,18.18,0,0.4393631770478765,1
VPB,2025-06-19 07:00:00,18.18,0,0.4423757389237432,1
VPB,2025-06-20 07:00:00,18.13,0,0.45307802404615777,1
VPB,2025-06-23 07:00:00,18.08,0,0.4416253079071891,1
VPB,2025-06-24 07:00:00,18.23,0,0.4523326675500232,1
VPB,2025-06-25 07:00:00,18.08,0,0.4356065299083956,1
VPB,2025-06-26 07:00:00,18.03,0,0.4145665885306919,1
VPB,2025-06-27 07:00:00,18.18,0,0.4469199837064256,1
VPB,2025-06-30 07:00:00,18.18,0,0.42247656879627005,1
VPB,2025-07-01 07:00:00,18.13,1,0.41231915525451673,1
VPB,2025-07-02 07:00:00,18.27,1,0.42664123939449516,1
VPB,2025-07-03 07:00:00,18.32,1,0.458177431334377,1
VPB,2025-07-04 07:00:00,18.42,1,0.4242951821249373,1
VPB,2025-07-07 07:00:00,18.96,1,0.48386503199388553,1
VPB,2025-07-08 07:00:00,19.26,1,0.4741327904741305,1
VPB,2025-07-09 07:00:00,19.7,1,0.5189019653696167,1
VPB,2025-07-10 07:00:00,19.8,1,0.44436689417201775,1
VPB,2025-07-11 07:00:00,19.8,1,0.42059528322114853,1
VPB,2025-07-14 07:00:00,20.63,0,0.48523933360100846,1
VPB,2025-07-15 07:00:00,20.39,1,0.4608328006856057,1
VPB,2025-07-16 07:00:00,20.49,1,0.47407797687069114,1
VPB,2025-07-17 07:00:00,20.54,1,0.472908283351237,1
VPB,2025-07-18 07:00:00,20.98,1,0.4999708634797534,1
VPB,2025-07-21 07:00:00,21.91,1,0.5503654444107721,1
VPB,2025-07-22 07:00:00,22.11,1,0.552160339926336,1
VPB,2025-07-23 07:00:00,22.94,1,0.5738728324471131,1
VPB,2025-07-24 07:00:00,23.09,0,0.5832057433493895,1
VPB,2025-07-25 07:00:00,23.63,1,0.5981437436574234,1
VPB,2025-07-28 07:00:00,24.66,1,0.6020225487924126,1
VPB,2025-07-29 07:00:00,23.19,1,0.6074574209874732,1
VPB,2025-07-30 07:00:00,24.81,1,0.6149906669570748,1
VPB,2025-07-31 07:00:00,25.35,1,0.6080233203894736,1
VPB,2025-08-01 07:00:00,25.35,1,0.5666342556931605,1
VPB,2025-08-04 07:00:00,25.94,1,0.5702292165255194,1
VPB,2025-08-05 07:00:00,26.04,1,0.5754472108685981,1
VPB,2025-08-06 07:00:00,26.63,1,0.5644351274623203,1
VPB,2025-08-07 07:00:00,28.44,1,0.5503292985704143,1
VPB,2025-08-08 07:00:00,29.03,0,0.5194156524072251,1
VPB,2025-08-11 07:00:00,29.08,1,0.4870882847171741,1
VPB,2025-08-12 07:00:00,29.08,1,0.4909961683454157,1
VPB,2025-08-13 07:00:00,28.3,1,0.5180557539526556,1
VPB,2025-08-14 07:00:00,30.26,1,0.5049554157429139,1
VPB,2025-08-15 07:00:00,30.56,1,0.49764571551254927,1
VPB,2025-08-18 07:00:00,31.44,1,0.4873256087952328,1
VPB,2025-08-19 07:00:00,33.6,1,0.5120377621773603,1
VPB,2025-08-20 07:00:00,35.91,0,0.5224559442839399,1
VPB,2025-08-21 07:00:00,37.98,0,0.4805650857056071,1
VPB,2025-08-22 07:00:00,35.32,0,0.5384362358088605,1
VPB,2025-08-25 07:00:00,32.92,0,0.6726487033085565,1
VPB,2025-08-26 07:00:00,33.7,1,0.5815750392703392,1
VPB,2025-08-27 07:00:00,32.72,1,0.6261558292866488,1
VPB,2025-08-28 07:00:00,33.41,1,0.5677330587531045,1
VPB,2025-08-29 07:00:00,34.39,0,0.5558209898578649,1
VPB,2025-09-03 07:00:00,33.9,0,0.5716145186588123,1
VPB,2025-09-04 07:00:00,34.29,0,0.5721508630373543,1
VPB,2025-09-05 07:00:00,32.92,0,0.5832623523368116,1
VPB,2025-09-08 07:00:00,30.66,1,0.7042304244452394,1
VPB,2025-09-09 07:00:00,31.84,0,0.6055433065000269,1
VPB,2025-09-10 07:00:00,31.88,0,0.5973082576424078,1
VPB,2025-09-11 07:00:00,31.69,0,0.5813737781807325,1
VPB,2025-09-12 07:00:00,31.05,0,0.6028151098421342,1
VPB,2025-09-15 07:00:00,31.0,0,0.5930824447391659,1
VPB,2025-09-16 07:00:00,31.15,0,0.6017763490263194,1
VPB,2025-09-17 07:00:00,30.46,0,0.6089932308910608,1
VPB,2025-09-18 07:00:00,30.26,0,0.6080794065140862,1
VPB,2025-09-19 07:00:00,29.87,1,0.6037586258012619,1
VPB,2025-09-22 07:00:00,28.98,1,0.591986962843333,1
VPB,2025-09-23 07:00:00,29.38,1,0.5508520001490247,1
VPB,2025-09-24 07:00:00,31.05,0,0.5586474874302058,1
VPB,2025-09-25 07:00:00,30.41,0,0.5877642572298813,1
VPB,2025-09-26 07:00:00,29.87,1,0.5999909630674792,1
VPB,2025-09-29 07:00:00,30.56,0,0.5755892052467325,1
VPB,2025-09-30 07:00:00,30.56,0,0.5688141141132772,1
VPB,2025-10-01 07:00:00,30.36,1,0.574437050304689,1
VPB,2025-10-02 07:00:00,29.62,1,0.5715301798390381,1
VPB,2025-10-03 07:00:00,28.98,1,0.5659175564943424,1
VPB,2025-10-06 07:00:00,31.0,1,0.5654345113247192,1
VPB,2025-10-07 07:00:00,30.51,1,0.5593247311800896,1
VPB,2025-10-08 07:00:00,30.56,1,0.5525791766635297,1
VPB,2025-10-09 07:00:00,31.54,0,0.5479077066089196,1
VPB,2025-10-10 07:00:00,31.54,1,0.5480661080553421,1
VPB,2025-10-13 07:00:00,31.15,1,0.5527151211255074,1
VPB,2025-10-14 07:00:00,31.93,0,0.5367566709125166,1
VPB,2025-10-15 07:00:00,33.11,0,0.5405184209969243,1
VPB,2025-10-16 07:00:00,32.62,0,0.5523135890565107,1
VPB,2025-10-17 07:00:00,31.39,0,0.5782458342206866,1
VPB,2025-10-20 07:00:00,29.23,0,0.6096385968618268,1
VPB,2025-10-21 07:00:00,29.82,0,0.5673630442168349,1
VPB,2025-10-22 07:00:00,29.92,0,0.5687142935462507,1
VPB,2025-10-23 07:00:00,29.48,0,0.5825844301425305,1
VPB,2025-10-24 07:00:00,28.69,1,0.611316881271066,1
VPB,2025-10-27 07:00:00,27.81,1,0.6305849559244684,1
VPB,2025-10-28 07:00:00,28.94,0,0.5749238834210552,1
VPB,2025-10-29 07:00:00,29.33,0,0.5745126335652398,1
VPB,2025-10-30 07:00:00,28.69,0,0.610326856764627,1
VPB,2025-10-31 07:00:00,28.2,1,0.6156067718774393,1
VPB,2025-11-03 07:00:00,27.12,1,0.5918349602301783,1
VPB,2025-11-04 07:00:00,28.98,0,0.5707660332699502,1
VPB,2025-11-05 07:00:00,28.74,0,0.6003669458126932,1
VPB,2025-11-06 07:00:00,28.0,0,0.6254087841390185,1
VPB,2025-11-07 07:00:00,27.02,1,0.5963858746317054,1
VPB,2025-11-10 07:00:00,27.02,0,0.5976779532255104,1
VPB,2025-11-11 07:00:00,27.02,0,0.5867287962007408,1
VPB,2025-11-12 07:00:00,27.51,0,0.5718666022298404,1
VPB,2025-11-13 07:00:00,27.27,1,0.5737064116184404,1
VPB,2025-11-14 07:00:00,27.32,0,0.5725533390568336,1
VPB,2025-11-17 07:00:00,27.61,1,0.5412350954237326,1
VPB,2025-11-18 07:00:00,28.3,0,0.5020959120925699,1
VPB,2025-11-19 07:00:00,27.61,1,0.5169203496705742,1
VPB,2025-11-20 07:00:00,28.05,0,0.5056036570450589,1
VPB,2025-11-21 07:00:00,28.05,1,0.4900478630751012,1
VPB,2025-11-24 07:00:00,28.49,0,0.4839520463749995,1
VPB,2025-11-25 07:00:00,27.71,1,0.5031889716662356,1
VPB,2025-11-26 07:00:00,28.49,0,0.5089270203330396,1
VPB,2025-11-27 07:00:00,28.59,0,0.49847878467399165,1
VPB,2025-11-28 07:00:00,28.74,1,0.49619700102804626,1
VPB,2025-12-01 07:00:00,28.79,1,0.4852204545766751,1
VPB,2025-12-02 07:00:00,28.4,1,0.48198995505953574,1
VPB,2025-12-03 07:00:00,29.72,0,0.4962813892488382,1
VPB,2025-12-04 07:00:00,29.72,0,0.4964389538275473,1
VPB,2025-12-05 07:00:00,29.33,0,0.49949180087091777,1
VPB,2025-12-08 07:00:00,29.18,0,0.4955839959137112,1
VPB,2025-12-09 07:00:00,28.25,0,0.506276369533237,1
VPB,2025-12-10 07:00:00,28.49,0,0.5013353099522436,1
VPB,2025-12-11 07:00:00,27.66,0,0.5143121212070373,1
VPB,2025-12-12 07:00:00,26.09,1,0.5791659096783077,1
VPB,2025-12-15 07:00:00,27.02,1,0.5183919254005349,1
VPB,2025-12-16 07:00:00,27.76,0,0.5294169702434179,1
VPB,2025-12-17 07:00:00,27.51,1,0.5531347394606938,1
VPB,2025-12-18 07:00:00,27.81,0,0.5446069418391251,1
VPB,2025-12-19 07:00:00,27.95,1,0.5405447491950776,1
VPB,2025-12-22 07:00:00,28.49,0,0.5358769669187035,1
VPB,2025-12-23 07:00:00,28.2,0,0.5347845300602969,1
VPB,2025-12-24 07:00:00,28.79,0,0.5324201169386907,1
VPB,2025-12-25 07:00:00,28.25,0,0.538467053214002,1
VPB,2025-12-26 07:00:00,27.66,1,0.5278979215578615,1
VPB,2025-12-29 07:00:00,27.51,0,0.5041647471115898,1
VPB,2025-12-30 07:00:00,28.2,0,0.5024937403576848,1
VPB,2025-12-31 07:00:00,28.15,0,0.48843291995908517,1
VPL,2025-07-21 07:00:00,88.9,0,0.41203043593537714,1
VPL,2025-07-22 07:00:00,88.4,0,0.4120499636084282,1
VPL,2025-07-23 07:00:00,88.2,0,0.4213981795186298,1
VPL,2025-07-24 07:00:00,88.0,0,0.39131612382223013,0
VPL,2025-07-25 07:00:00,87.6,0,0.3849181048903461,0
VPL,2025-07-28 07:00:00,87.9,0,0.37229331620282596,0
VPL,2025-07-29 07:00:00,86.0,0,0.4116790941074282,1
VPL,2025-07-30 07:00:00,85.3,0,0.42180881711517376,1
VPL,2025-07-31 07:00:00,82.7,1,0.4677565692435487,1
VPL,2025-08-01 07:00:00,81.9,1,0.47767725573441944,1
VPL,2025-08-04 07:00:00,85.0,0,0.467290294412371,1
VPL,2025-08-05 07:00:00,84.0,0,0.465341252070335,1
VPL,2025-08-06 07:00:00,84.9,0,0.4678677714783398,1
VPL,2025-08-07 07:00:00,84.9,0,0.4497666929560738,1
VPL,2025-08-08 07:00:00,84.0,0,0.45015305417343593,1
VPL,2025-08-11 07:00:00,84.0,0,0.449492227581672,1
VPL,2025-08-12 07:00:00,84.0,0,0.45936674056949245,1
VPL,2025-08-13 07:00:00,83.3,0,0.4638226342062486,1
VPL,2025-08-14 07:00:00,82.8,0,0.4666219269163632,1
VPL,2025-08-15 07:00:00,82.9,0,0.4641231447354884,1
VPL,2025-08-18 07:00:00,81.6,0,0.4712409392090702,1
VPL,2025-08-19 07:00:00,81.5,0,0.47696588986490307,1
VPL,2025-08-20 07:00:00,81.5,0,0.46835728739013677,1
VPL,2025-08-21 07:00:00,80.9,0,0.4656815980008672,1
VPL,2025-08-22 07:00:00,80.8,0,0.43671016055057477,1
VPL,2025-08-25 07:00:00,80.8,0,0.4271876389069007,1
VPL,2025-08-26 07:00:00,80.2,0,0.42291920404949457,1
VPL,2025-08-27 07:00:00,80.2,0,0.40202674288681584,0
VPL,2025-08-28 07:00:00,80.2,0,0.3867076577574542,0
VPL,2025-08-29 07:00:00,80.2,0,0.37399297515227264,0
VPL,2025-09-03 07:00:00,80.2,0,0.35473046011865433,0
VPL,2025-09-04 07:00:00,80.1,0,0.3466077266970812,0
VPL,2025-09-05 07:00:00,80.4,0,0.41007991003755045,1
VPL,2025-09-08 07:00:00,80.3,0,0.3598275211359972,0
VPL,2025-09-09 07:00:00,80.3,0,0.3610383720558093,0
VPL,2025-09-10 07:00:00,80.3,0,0.35067937036099556,0
VPL,2025-09-11 07:00:00,80.3,0,0.34854850350019495,0
VPL,2025-09-12 07:00:00,80.3,0,0.352890489766273,0
VPL,2025-09-15 07:00:00,80.3,0,0.35210895632779976,0
VPL,2025-09-16 07:00:00,80.2,0,0.34844118341996766,0
VPL,2025-09-17 07:00:00,80.3,0,0.3740194486751822,0
VPL,2025-09-18 07:00:00,80.0,0,0.3344310917847382,0
VPL,2025-09-19 07:00:00,80.0,0,0.3318581268627005,0
VPL,2025-09-22 07:00:00,80.2,0,0.3980582219157878,0
VPL,2025-09-23 07:00:00,80.2,0,0.35469810204081337,0
VPL,2025-09-24 07:00:00,80.1,0,0.3401217298561548,0
VPL,2025-09-25 07:00:00,80.1,0,0.3310708906148648,0
VPL,2025-09-26 07:00:00,80.2,0,0.36331634904906696,0
VPL,2025-09-29 07:00:00,80.0,0,0.3201155104644938,0
VPL,2025-09-30 07:00:00,80.2,0,0.37681762879248415,0
VPL,2025-10-01 07:00:00,80.2,0,0.33490632872112025,0
VPL,2025-10-02 07:00:00,80.3,1,0.35075452734871676,0
VPL,2025-10-03 07:00:00,80.0,1,0.3028968765479387,0
VPL,2025-10-06 07:00:00,81.0,1,0.4458185471950686,1
VPL,2025-10-07 07:00:00,86.6,1,0.5039836716942971,1
VPL,2025-10-08 07:00:00,86.6,1,0.4128288844093395,1
VPL,2025-10-09 07:00:00,87.2,0,0.4465561881107358,1
VPL,2025-10-10 07:00:00,89.0,0,0.45531212178531044,1
VPL,2025-10-13 07:00:00,89.2,0,0.48934459732057933,1
VPL,2025-10-14 07:00:00,86.5,0,0.5124011236812546,1
VPL,2025-10-15 07:00:00,83.7,0,0.5345530274642518,1
VPL,2025-10-16 07:00:00,82.1,0,0.5328345256301715,1
VPL,2025-10-17 07:00:00,79.0,0,0.5763749215578522,1
VPL,2025-10-20 07:00:00,73.5,1,0.6537709869891722,1
VPL,2025-10-21 07:00:00,74.1,1,0.6174433858385607,1
VPL,2025-10-22 07:00:00,79.0,1,0.5865347321315599,1
VPL,2025-10-23 07:00:00,80.6,0,0.6010813258043294,1
VPL,2025-10-24 07:00:00,82.2,0,0.6012408205168737,1
VPL,2025-10-27 07:00:00,81.0,0,0.6010454387883382,1
VPL,2025-10-28 07:00:00,80.0,0,0.5955654721103667,1
VPL,2025-10-29 07:00:00,79.2,0,0.5934874998885774,1
VPL,2025-10-30 07:00:00,77.5,0,0.5957148417844851,1
VPL,2025-10-31 07:00:00,77.1,0,0.5746308701430932,1
VPL,2025-11-03 07:00:00,75.5,0,0.5967984417125772,1
VPL,2025-11-04 07:00:00,74.5,0,0.5823312356992492,1
VPL,2025-11-05 07:00:00,74.6,0,0.5394427798330012,1
VPL,2025-11-06 07:00:00,73.8,0,0.5392402960046679,1
VPL,2025-11-07 07:00:00,71.5,1,0.5835402948863442,1
VPL,2025-11-10 07:00:00,70.5,1,0.5715840746177325,1
VPL,2025-11-11 07:00:00,72.0,0,0.5018862590104181,1
VPL,2025-11-12 07:00:00,73.5,0,0.5031825805105686,1
VPL,2025-11-13 07:00:00,72.9,0,0.482310571187975,1
VPL,2025-11-14 07:00:00,72.0,0,0.4862902867491423,1
VPL,2025-11-17 07:00:00,71.9,0,0.4702160373040056,1
VPL,2025-11-18 07:00:00,72.0,1,0.4593322861102081,1
VPL,2025-11-19 07:00:00,72.0,1,0.48056026636173543,1
VPL,2025-11-20 07:00:00,72.0,1,0.4775915367331098,1
VPL,2025-11-21 07:00:00,74.5,1,0.48618148756296803,1
VPL,2025-11-24 07:00:00,77.9,1,0.5087225118558362,1
VPL,2025-11-25 07:00:00,81.5,1,0.562540785679321,1
VPL,2025-11-26 07:00:00,87.2,1,0.581259470379472,1
VPL,2025-11-27 07:00:00,89.5,1,0.5649915054404439,1
VPL,2025-11-28 07:00:00,95.0,1,0.5848550651961648,1
VPL,2025-12-01 07:00:00,101.6,0,0.5931746803924833,1
VPL,2025-12-02 07:00:00,103.8,0,0.6318127336472973,1
VPL,2025-12-03 07:00:00,100.0,1,0.615091587920695,1
VPL,2025-12-04 07:00:00,102.0,0,0.5830463644663804,1
VPL,2025-12-05 07:00:00,104.0,0,0.5638260829202002,1
VPL,2025-12-08 07:00:00,106.3,0,0.5411258044494903,1
VPL,2025-12-09 07:00:00,103.0,0,0.5711855810077128,1
VPL,2025-12-10 07:00:00,95.8,0,0.6761511117223116,1
VPL,2025-12-11 07:00:00,91.0,0,0.6771658815710684,1
VPL,2025-12-12 07:00:00,84.7,1,0.701095327058446,1
VPL,2025-12-15 07:00:00,78.8,1,0.7401469734646267,1
VPL,2025-12-16 07:00:00,84.3,1,0.6753361256955546,1
VPL,2025-12-17 07:00:00,87.9,1,0.592688977552709,1
VPL,2025-12-18 07:00:00,88.8,1,0.6100011965521844,1
VPL,2025-12-19 07:00:00,93.8,1,0.6277126338535104,1
VPL,2025-12-22 07:00:00,98.0,0,0.6057002211719903,1
VPL,2025-12-23 07:00:00,103.0,0,0.5721643700382995,1
VPL,2025-12-24 07:00:00,102.0,0,0.61601979907033,1
VPL,2025-12-25 07:00:00,99.0,0,0.6535096611864731,1
VPL,2025-12-26 07:00:00,92.1,1,0.7118062855306798,1
VPL,2025-12-29 07:00:00,94.0,0,0.6660105011803703,1
VPL,2025-12-30 07:00:00,91.0,0,0.6603347889669668,1
VPL,2025-12-31 07:00:00,94.2,0,0.6230549224354429,1
VRE,2025-01-15 07:00:00,15.94,0,0.42080343967902106,1
VRE,2025-01-16 07:00:00,15.98,0,0.42911307228442774,1
VRE,2025-01-17 07:00:00,15.98,0,0.39175616587947165,0
VRE,2025-01-20 07:00:00,16.03,0,0.43634072379827915,1
VRE,2025-01-21 07:00:00,16.03,0,0.4204428988233268,1
VRE,2025-01-22 07:00:00,15.74,0,0.4377951957607532,1
VRE,2025-01-23 07:00:00,15.89,0,0.4377882137257845,1
VRE,2025-01-24 07:00:00,15.98,1,0.4388337072270356,1
VRE,2025-02-03 07:00:00,15.74,1,0.42757903999749475,1
VRE,2025-02-04 07:00:00,15.74,1,0.4278497153826093,1
VRE,2025-02-05 07:00:00,16.27,0,0.4665710663235284,1
VRE,2025-02-06 07:00:00,16.13,0,0.4351445555406712,1
VRE,2025-02-07 07:00:00,16.27,0,0.4469763444250441,1
VRE,2025-02-10 07:00:00,16.03,0,0.43214950645206784,1
VRE,2025-02-11 07:00:00,15.84,0,0.44070234197234065,1
VRE,2025-02-12 07:00:00,15.84,0,0.42517630281760815,1
VRE,2025-02-13 07:00:00,16.08,0,0.44800132124695,1
VRE,2025-02-14 07:00:00,16.03,1,0.42655460558610514,1
VRE,2025-02-17 07:00:00,15.89,1,0.42951938202807366,1
VRE,2025-02-18 07:00:00,16.27,1,0.45293647252430436,1
VRE,2025-02-19 07:00:00,16.61,0,0.4696912615819386,1
VRE,2025-02-20 07:00:00,16.76,0,0.45123459495499896,1
VRE,2025-02-21 07:00:00,16.66,0,0.4273952728708973,1
VRE,2025-02-24 07:00:00,16.76,0,0.4370535524039844,1
VRE,2025-02-25 07:00:00,16.66,0,0.39710912896916817,0
VRE,2025-02-26 07:00:00,16.56,1,0.3968623587255443,0
VRE,2025-02-27 07:00:00,16.61,1,0.4098322994133629,1
VRE,2025-02-28 07:00:00,16.8,1,0.4361959697829173,1
VRE,2025-03-03 07:00:00,17.09,0,0.4402389629761161,1
VRE,2025-03-04 07:00:00,17.09,1,0.42489440617511093,1
VRE,2025-03-05 07:00:00,17.14,1,0.43039989484032287,1
VRE,2025-03-06 07:00:00,17.24,1,0.4299797416120989,1
VRE,2025-03-07 07:00:00,17.58,0,0.4587056966402184,1
VRE,2025-03-10 07:00:00,17.62,1,0.42600561420746597,1
VRE,2025-03-11 07:00:00,17.58,1,0.4044394809203038,1
VRE,2025-03-12 07:00:00,17.67,1,0.41175803877663325,1
VRE,2025-03-13 07:00:00,18.16,0,0.46936988533039903,1
VRE,2025-03-14 07:00:00,18.11,0,0.4372930860353128,1
VRE,2025-03-17 07:00:00,18.06,0,0.4347134426104595,1
VRE,2025-03-18 07:00:00,17.82,0,0.44725644223815175,1
VRE,2025-03-19 07:00:00,17.82,1,0.42184666589697606,1
VRE,2025-03-20 07:00:00,17.77,1,0.4115012898046302,1
VRE,2025-03-21 07:00:00,17.82,1,0.43429845574870596,1
VRE,2025-03-24 07:00:00,18.49,1,0.4689074663996777,1
VRE,2025-03-25 07:00:00,19.12,0,0.5220343034836017,1
VRE,2025-03-26 07:00:00,19.27,0,0.49190735479818876,1
VRE,2025-03-27 07:00:00,18.98,1,0.4862341232884445,1
VRE,2025-03-28 07:00:00,18.83,1,0.48168021161195795,1
VRE,2025-03-31 07:00:00,18.49,0,0.5129035422465225,1
VRE,2025-04-01 07:00:00,19.32,0,0.5279927023912904,1
VRE,2025-04-02 07:00:00,19.46,0,0.5318939094086632,1
VRE,2025-04-03 07:00:00,18.11,0,0.5479643861675355,1
VRE,2025-04-04 07:00:00,18.16,1,0.5436316828912336,1
VRE,2025-04-08 07:00:00,16.9,1,0.6403869124566748,1
VRE,2025-04-09 07:00:00,17.38,1,0.5929386345223026,1
VRE,2025-04-10 07:00:00,18.59,1,0.6099689823197756,1
VRE,2025-04-11 07:00:00,18.74,1,0.6145390305885673,1
VRE,2025-04-14 07:00:00,19.6,0,0.6151125237218964,1
VRE,2025-04-15 07:00:00,19.6,0,0.593156824757948,1
VRE,2025-04-16 07:00:00,19.7,0,0.574946919712616,1
VRE,2025-04-17 07:00:00,19.7,0,0.5678960586588694,1
VRE,2025-04-18 07:00:00,19.7,1,0.572829148776296,1
VRE,2025-04-21 07:00:00,19.7,1,0.5743386524709937,1
VRE,2025-04-22 07:00:00,19.9,1,0.5645694431741382,1
VRE,2025-04-23 07:00:00,21.2,1,0.5874868277487226,1
VRE,2025-04-24 07:00:00,22.02,1,0.5767464906974512,1
VRE,2025-04-25 07:00:00,22.02,1,0.5784502844489925,1
VRE,2025-04-28 07:00:00,22.31,1,0.5895309613044375,1
VRE,2025-04-29 07:00:00,22.84,1,0.5858222258800572,1
VRE,2025-05-05 07:00:00,24.05,0,0.5688928641356966,1
VRE,2025-05-06 07:00:00,24.05,0,0.5869506401908161,1
VRE,2025-05-07 07:00:00,24.05,1,0.6132896477309073,1
VRE,2025-05-08 07:00:00,24.14,1,0.6110625405951926,1
VRE,2025-05-09 07:00:00,24.14,0,0.6135259772076654,1
VRE,2025-05-12 07:00:00,24.63,0,0.6148821026026536,1
VRE,2025-05-13 07:00:00,24.53,0,0.6158313529782258,1
VRE,2025-05-14 07:00:00,23.85,0,0.6263042154739058,1
VRE,2025-05-15 07:00:00,23.32,1,0.6042758921626146,1
VRE,2025-05-16 07:00:00,23.66,1,0.6099979107321647,1
VRE,2025-05-19 07:00:00,23.9,1,0.5891180641471866,1
VRE,2025-05-20 07:00:00,24.92,0,0.5907429598907094,1
VRE,2025-05-21 07:00:00,24.87,0,0.5988539446780154,1
VRE,2025-05-22 07:00:00,24.48,0,0.5997583305103641,1
VRE,2025-05-23 07:00:00,24.77,1,0.596416959347455,1
VRE,2025-05-26 07:00:00,24.63,1,0.5886012092121438,1
VRE,2025-05-27 07:00:00,24.43,1,0.5875838272066255,1
VRE,2025-05-28 07:00:00,25.79,0,0.5874897196569918,1
VRE,2025-05-29 07:00:00,26.7,0,0.622633312643884,1
VRE,2025-05-30 07:00:00,26.56,0,0.5886941524031173,1
VRE,2025-06-02 07:00:00,25.79,0,0.5938189686171714,1
VRE,2025-06-03 07:00:00,25.59,0,0.5926559323574936,1
VRE,2025-06-04 07:00:00,26.03,0,0.5877065497945164,1
VRE,2025-06-05 07:00:00,26.08,0,0.5839073301596737,1
VRE,2025-06-06 07:00:00,25.59,0,0.572639781543993,1
VRE,2025-06-09 07:00:00,24.68,0,0.5673801720477675,1
VRE,2025-06-10 07:00:00,25.59,0,0.553890953642945,1
VRE,2025-06-11 07:00:00,25.21,0,0.5450519536721552,1
VRE,2025-06-12 07:00:00,24.34,0,0.5622842724087856,1
VRE,2025-06-13 07:00:00,23.71,0,0.5914450573976844,1
VRE,2025-06-16 07:00:00,23.66,0,0.5612743431406042,1
VRE,2025-06-17 07:00:00,23.71,0,0.5578013977910626,1
VRE,2025-06-18 07:00:00,23.81,0,0.5400854727224632,1
VRE,2025-06-19 07:00:00,23.85,0,0.5456296316876931,1
VRE,2025-06-20 07:00:00,23.76,0,0.5426624213158737,1
VRE,2025-06-23 07:00:00,23.9,0,0.5246866025911173,1
VRE,2025-06-24 07:00:00,24.05,0,0.4993556013724782,1
VRE,2025-06-25 07:00:00,23.81,0,0.5004346297972089,1
VRE,2025-06-26 07:00:00,23.66,0,0.4994914258911438,1
VRE,2025-06-27 07:00:00,23.95,1,0.5008499672540747,1
VRE,2025-06-30 07:00:00,23.81,1,0.486956701177157,1
VRE,2025-07-01 07:00:00,23.95,0,0.4850433415655736,1
VRE,2025-07-02 07:00:00,24.34,0,0.490292584268399,1
VRE,2025-07-03 07:00:00,24.19,1,0.48594506948696936,1
VRE,2025-07-04 07:00:00,24.29,1,0.48389364154522935,1
VRE,2025-07-07 07:00:00,24.63,1,0.4694652791531933,1
VRE,2025-07-08 07:00:00,24.92,1,0.4599199406769649,1
VRE,2025-07-09 07:00:00,25.88,1,0.4889622383414312,1
VRE,2025-07-10 07:00:00,27.48,0,0.5736810098283821,1
VRE,2025-07-11 07:00:00,27.62,0,0.5056278454542878,1
VRE,2025-07-14 07:00:00,27.67,1,0.5077144153844952,1
VRE,2025-07-15 07:00:00,27.19,1,0.5115725270301629,1
VRE,2025-07-16 07:00:00,27.81,0,0.525170688251701,1
VRE,2025-07-17 07:00:00,28.73,0,0.5374082653881596,1
VRE,2025-07-18 07:00:00,28.44,0,0.5268982019332801,1
VRE,2025-07-21 07:00:00,28.01,1,0.5294608316965937,1
VRE,2025-07-22 07:00:00,28.97,0,0.5513238646441343,1
VRE,2025-07-23 07:00:00,28.25,0,0.534358699951058,1
VRE,2025-07-24 07:00:00,28.78,0,0.5263881944828597,1
VRE,2025-07-25 07:00:00,28.49,0,0.5361231513536321,1
VRE,2025-07-28 07:00:00,28.34,0,0.5334562622349975,1
VRE,2025-07-29 07:00:00,27.04,1,0.5462284236129976,1
VRE,2025-07-30 07:00:00,27.14,1,0.5558312578793176,1
VRE,2025-07-31 07:00:00,27.14,1,0.5402762297857567,1
VRE,2025-08-01 07:00:00,27.48,1,0.5358172977382369,1
VRE,2025-08-04 07:00:00,28.1,1,0.5338705670526716,1
VRE,2025-08-05 07:00:00,29.89,0,0.6252118880726576,1
VRE,2025-08-06 07:00:00,29.07,0,0.5619028719104096,1
VRE,2025-08-07 07:00:00,29.46,0,0.5487092059245886,1
VRE,2025-08-08 07:00:00,28.97,0,0.5541187724713905,1
VRE,2025-08-11 07:00:00,28.34,1,0.5521746767158975,1
VRE,2025-08-12 07:00:00,28.44,1,0.5462761437384626,1
VRE,2025-08-13 07:00:00,28.44,1,0.5406282892210661,1
VRE,2025-08-14 07:00:00,29.12,0,0.5427049410919363,1
VRE,2025-08-15 07:00:00,29.26,0,0.5402886057853278,1
VRE,2025-08-18 07:00:00,28.92,1,0.5372477290825755,1
VRE,2025-08-19 07:00:00,28.92,0,0.49642515950465427,1
VRE,2025-08-20 07:00:00,28.97,0,0.4978319652546209,1
VRE,2025-08-21 07:00:00,29.36,1,0.499366723223809,1
VRE,2025-08-22 07:00:00,28.97,1,0.5004800419975584,1
VRE,2025-08-25 07:00:00,28.97,1,0.4983940775630372,1
VRE,2025-08-26 07:00:00,30.23,0,0.5035355866497944,1
VRE,2025-08-27 07:00:00,29.55,0,0.5189989521461563,1
VRE,2025-08-28 07:00:00,29.65,0,0.515000119150372,1
VRE,2025-08-29 07:00:00,29.36,0,0.514333037610052,1
VRE,2025-09-03 07:00:00,29.12,0,0.5113663765079233,1
VRE,2025-09-04 07:00:00,29.26,0,0.51229449005349,1
VRE,2025-09-05 07:00:00,29.26,0,0.5034240403869004,1
VRE,2025-09-08 07:00:00,29.26,1,0.5012952981738625,1
VRE,2025-09-09 07:00:00,29.26,1,0.48636024324069055,1
VRE,2025-09-10 07:00:00,29.55,0,0.4929540474733656,1
VRE,2025-09-11 07:00:00,30.04,0,0.4937547124306916,1
VRE,2025-09-12 07:00:00,29.7,0,0.48510845664824087,1
VRE,2025-09-15 07:00:00,29.6,0,0.4834912857785877,1
VRE,2025-09-16 07:00:00,29.55,0,0.4824386972067821,1
VRE,2025-09-17 07:00:00,29.17,0,0.4804699671722287,1
VRE,2025-09-18 07:00:00,29.17,0,0.47591834485321793,1
VRE,2025-09-19 07:00:00,28.44,0,0.5123441675870769,1
VRE,2025-09-22 07:00:00,27.81,1,0.5212843899852369,1
VRE,2025-09-23 07:00:00,27.33,1,0.5192560407355136,1
VRE,2025-09-24 07:00:00,28.01,1,0.48979275206553236,1
VRE,2025-09-25 07:00:00,28.39,1,0.4769745064836426,1
VRE,2025-09-26 07:00:00,28.39,1,0.46934563101586957,1
VRE,2025-09-29 07:00:00,28.97,1,0.4841349281310491,1
VRE,2025-09-30 07:00:00,31.0,1,0.6308328693601275,1
VRE,2025-10-01 07:00:00,32.02,1,0.6083705322446256,1
VRE,2025-10-02 07:00:00,30.66,1,0.5528112425017586,1
VRE,2025-10-03 07:00:00,31.63,1,0.5632344206987805,1
VRE,2025-10-06 07:00:00,33.8,1,0.646178092081796,1
VRE,2025-10-07 07:00:00,33.8,1,0.5859742977796542,1
VRE,2025-10-08 07:00:00,35.06,1,0.6025495032590249,1
VRE,2025-10-09 07:00:00,36.7,1,0.6152752207536833,1
VRE,2025-10-10 07:00:00,38.97,1,0.6014807849532291,1
VRE,2025-10-13 07:00:00,41.53,0,0.6022569978364152,1
VRE,2025-10-14 07:00:00,41.29,0,0.5778291662789814,1
VRE,2025-10-15 07:00:00,40.47,0,0.5426863007692487,1
VRE,2025-10-16 07:00:00,41.91,0,0.50724923983964,1
VRE,2025-10-17 07:00:00,39.6,0,0.6172516824437415,1
VRE,2025-10-20 07:00:00,36.84,1,0.6790077448241126,1
VRE,2025-10-21 07:00:00,37.47,0,0.6150948796707789,1
VRE,2025-10-22 07:00:00,37.66,0,0.6054432781705685,1
VRE,2025-10-23 07:00:00,38.05,0,0.6025795568306141,1
VRE,2025-10-24 07:00:00,37.47,0,0.6105844630033467,1
VRE,2025-10-27 07:00:00,34.86,0,0.6952391441060861,1
VRE,2025-10-28 07:00:00,35.54,0,0.5876373224451551,1
VRE,2025-10-29 07:00:00,34.72,0,0.6307706707294326,1
VRE,2025-10-30 07:00:00,33.42,0,0.6553726064545644,1
VRE,2025-10-31 07:00:00,32.16,0,0.7209424207997324,1
VRE,2025-11-03 07:00:00,30.28,1,0.7366843088264894,1
VRE,2025-11-04 07:00:00,32.35,0,0.6947650670455601,1
VRE,2025-11-05 07:00:00,31.39,0,0.734399366882162,1
VRE,2025-11-06 07:00:00,30.9,0,0.724369774659937,1
VRE,2025-11-07 07:00:00,30.28,1,0.731724692183433,1
VRE,2025-11-10 07:00:00,28.78,1,0.7518860003975749,1
VRE,2025-11-11 07:00:00,29.99,1,0.6887796940414894,1
VRE,2025-11-12 07:00:00,31.68,0,0.6427097615868372,1
VRE,2025-11-13 07:00:00,30.86,0,0.6908475636222622,1
VRE,2025-11-14 07:00:00,31.0,0,0.6680881248232563,1
VRE,2025-11-17 07:00:00,31.1,0,0.6226049952120063,1
VRE,2025-11-18 07:00:00,31.24,0,0.6029530344183677,1
VRE,2025-11-19 07:00:00,30.52,1,0.5979380072190917,1
VRE,2025-11-20 07:00:00,30.9,1,0.5800899732819217,1
VRE,2025-11-21 07:00:00,31.1,1,0.5741277166913393,1
VRE,2025-11-24 07:00:00,33.27,0,0.6017700961353237,1
VRE,2025-11-25 07:00:00,32.26,1,0.5892739409232547,1
VRE,2025-11-26 07:00:00,32.69,1,0.5788271097023102,1
VRE,2025-11-27 07:00:00,32.5,1,0.5776236600825355,1
VRE,2025-11-28 07:00:00,33.08,0,0.5667222946391495,1
VRE,2025-12-01 07:00:00,33.7,0,0.5610001686911154,1
VRE,2025-12-02 07:00:00,33.7,0,0.5506770782247263,1
VRE,2025-12-03 07:00:00,33.32,0,0.5575313050483338,1
VRE,2025-12-04 07:00:00,33.22,0,0.56195126870528,1
VRE,2025-12-05 07:00:00,32.64,0,0.5669032098190644,1
VRE,2025-12-08 07:00:00,31.82,0,0.539975738103175,1
VRE,2025-12-09 07:00:00,30.9,0,0.580118324814525,1
VRE,2025-12-10 07:00:00,28.97,0,0.6478529547367544,1
VRE,2025-12-11 07:00:00,28.49,0,0.6621245628781305,1
VRE,2025-12-12 07:00:00,26.51,1,0.7176399032883525,1
VRE,2025-12-15 07:00:00,27.91,1,0.6823445369430721,1
VRE,2025-12-16 07:00:00,28.59,1,0.5926241454469182,1
VRE,2025-12-17 07:00:00,28.68,1,0.5962843880629245,1
VRE,2025-12-18 07:00:00,29.31,1,0.5994308091144513,1
VRE,2025-12-19 07:00:00,30.61,1,0.5695101654803874,1
VRE,2025-12-22 07:00:00,31.87,0,0.5528774306543522,1
VRE,2025-12-23 07:00:00,33.08,0,0.5724894550500093,1
VRE,2025-12-24 07:00:00,33.46,0,0.5608277526229412,1
VRE,2025-12-25 07:00:00,31.15,1,0.6870930488878313,1
VRE,2025-12-26 07:00:00,30.9,1,0.6570159417191548,1
VRE,2025-12-29 07:00:00,32.06,0,0.6147807244284944,1
VRE,2025-12-30 07:00:00,31.68,0,0.6253159614083014,1
VRE,2025-12-31 07:00:00,32.5,0,0.6228795898174198,1
